<?xml version='1.0' encoding='UTF-8'?>
<osm version='0.6' locked='true' generator='JOSM'>
  <bounds minlat='10.3201776' minlon='37.7382047' maxlat='10.337424' maxlon='37.755875' origin='openstreetmap-cgimap 2.1.0 (1334 spike-08.openstreetmap.org)' />
  <node id='-26253' action='modify' visible='true' lat='10.33148034015' lon='37.74116992682' />
  <node id='-26971' action='modify' visible='true' lat='10.330248263' lon='37.74240826311' />
  <node id='-26972' action='modify' visible='true' lat='10.33029188968' lon='37.74248684346' />
  <node id='-26988' action='modify' visible='true' lat='10.33029223461' lon='37.74248641327'>
    <tag k='entrance' v='yes' />
  </node>
  <node id='-27171' action='modify' visible='true' lat='10.33067420841' lon='37.74405531451' />
  <node id='-27172' action='modify' visible='true' lat='10.33063858557' lon='37.74410426483' />
  <node id='-27173' action='modify' visible='true' lat='10.33063858557' lon='37.74417802557' />
  <node id='-27174' action='modify' visible='true' lat='10.33062407257' lon='37.74423032865' />
  <node id='-27175' action='modify' visible='true' lat='10.33058976909' lon='37.74426653847' />
  <node id='-27176' action='modify' visible='true' lat='10.33056470117' lon='37.7443054305' />
  <node id='-27177' action='modify' visible='true' lat='10.33055282689' lon='37.74432957038' />
  <node id='-27178' action='modify' visible='true' lat='10.33053831388' lon='37.74437114462' />
  <node id='-27179' action='modify' visible='true' lat='10.33049213611' lon='37.74444490537' />
  <node id='-27180' action='modify' visible='true' lat='10.33047234564' lon='37.74445831642' />
  <node id='-27181' action='modify' visible='true' lat='10.33051324595' lon='37.74449184403' />
  <node id='-27182' action='modify' visible='true' lat='10.33055942371' lon='37.74453073606' />
  <node id='-27183' action='modify' visible='true' lat='10.33061483702' lon='37.74455085263' />
  <node id='-27184' action='modify' visible='true' lat='10.33067226863' lon='37.74458351968' />
  <node id='-27235' action='modify' visible='true' lat='10.3303130718' lon='37.7438989313' />
  <node id='-27237' action='modify' visible='true' lat='10.33085709736' lon='37.74413823252' />
  <node id='-27288' action='modify' visible='true' lat='10.32986699061' lon='37.74409845118' />
  <node id='-27305' action='modify' visible='true' lat='10.32982746955' lon='37.74408647369' />
  <node id='-27423' action='modify' visible='true' lat='10.32916546074' lon='37.74472613483' />
  <node id='-27425' action='modify' visible='true' lat='10.32914920217' lon='37.74476888875' />
  <node id='-27474' action='modify' visible='true' lat='10.33054516754' lon='37.74469949672' />
  <node id='-27475' action='modify' visible='true' lat='10.33055169615' lon='37.74477765158' />
  <node id='-27476' action='modify' visible='true' lat='10.33050946784' lon='37.74483088308' />
  <node id='-27513' action='modify' visible='true' lat='10.33011790156' lon='37.74501440181' />
  <node id='-27514' action='modify' visible='true' lat='10.33009854993' lon='37.74505262695' />
  <node id='-27577' action='modify' visible='true' lat='10.33039679353' lon='37.74362348396' />
  <node id='-27626' action='modify' visible='true' lat='10.33064417587' lon='37.7426202743' />
  <node id='-27628' action='modify' visible='true' lat='10.33073159261' lon='37.74267141938' />
  <node id='-27681' action='modify' visible='true' lat='10.33015246237' lon='37.74291819712' />
  <node id='-27764' action='modify' visible='true' lat='10.32984566762' lon='37.74320438028' />
  <node id='-27778' action='modify' visible='true' lat='10.32987863101' lon='37.74331349565' />
  <node id='-27787' action='modify' visible='true' lat='10.32978951698' lon='37.74328180603' />
  <node id='-27805' action='modify' visible='true' lat='10.32984885445' lon='37.74312496524' />
  <node id='-27813' action='modify' visible='true' lat='10.32941025506' lon='37.74383872613' />
  <node id='-27814' action='modify' visible='true' lat='10.32938650641' lon='37.74377703533' />
  <node id='-27815' action='modify' visible='true' lat='10.32934692533' lon='37.74370595679' />
  <node id='-27855' action='modify' visible='true' lat='10.32992894196' lon='37.74454854854' />
  <node id='-27876' action='modify' visible='true' lat='10.32982434818' lon='37.7436221972' />
  <node id='-27877' action='modify' visible='true' lat='10.32977967828' lon='37.74370059237' />
  <node id='-27878' action='modify' visible='true' lat='10.32974537471' lon='37.74374216661' />
  <node id='-27879' action='modify' visible='true' lat='10.32968732252' lon='37.74377837643' />
  <node id='-27880' action='modify' visible='true' lat='10.3296464221' lon='37.7438293384' />
  <node id='-27881' action='modify' visible='true' lat='10.32958441178' lon='37.74389371142' />
  <node id='-27882' action='modify' visible='true' lat='10.32952767892' lon='37.74393930897' />
  <node id='-27883' action='modify' visible='true' lat='10.32948326589' lon='37.74397392911' />
  <node id='-27884' action='modify' visible='true' lat='10.329395742' lon='37.7440385507' />
  <node id='-27885' action='modify' visible='true' lat='10.32934560596' lon='37.74404257402' />
  <node id='-27886' action='modify' visible='true' lat='10.32928623432' lon='37.74410158262' />
  <node id='-27887' action='modify' visible='true' lat='10.32925325007' lon='37.74416863784' />
  <node id='-27888' action='modify' visible='true' lat='10.32921498833' lon='37.74423301086' />
  <node id='-27889' action='modify' visible='true' lat='10.32919651715' lon='37.74425446853' />
  <node id='-27890' action='modify' visible='true' lat='10.32909624499' lon='37.74422362313' />
  <node id='-27891' action='modify' visible='true' lat='10.32900652777' lon='37.74418741331' />
  <node id='-27892' action='modify' visible='true' lat='10.32894583669' lon='37.74416059121' />
  <node id='-27893' action='modify' visible='true' lat='10.32896562726' lon='37.7440962182' />
  <node id='-27894' action='modify' visible='true' lat='10.32900256966' lon='37.74402111635' />
  <node id='-27895' action='modify' visible='true' lat='10.3290368733' lon='37.74394601449' />
  <node id='-27896' action='modify' visible='true' lat='10.32905930261' lon='37.74386823043' />
  <node id='-27897' action='modify' visible='true' lat='10.32909756436' lon='37.74376630649' />
  <node id='-27898' action='modify' visible='true' lat='10.32912395177' lon='37.74367511138' />
  <node id='-27899' action='modify' visible='true' lat='10.32913846485' lon='37.74364024267' />
  <node id='-27916' action='modify' visible='true' lat='10.32965301894' lon='37.7443349348' />
  <node id='-27917' action='modify' visible='true' lat='10.32960376499' lon='37.74431987375'>
    <tag k='entrance' v='yes' />
  </node>
  <node id='-27926' action='modify' visible='true' lat='10.32929394583' lon='37.74353316045' />
  <node id='-27927' action='modify' visible='true' lat='10.32940893569' lon='37.74349942669' />
  <node id='-28066' action='modify' visible='true' lat='10.33060030068' lon='37.74508868302' />
  <node id='-28121' action='modify' visible='true' lat='10.3294300456' lon='37.74312257633' />
  <node id='-28122' action='modify' visible='true' lat='10.32942107465' lon='37.74306922974' />
  <node id='-28123' action='modify' visible='true' lat='10.32936671587' lon='37.74295627937' />
  <node id='-28124' action='modify' visible='true' lat='10.32933900911' lon='37.7428771542' />
  <node id='-28125' action='modify' visible='true' lat='10.32931394108' lon='37.74278595909' />
  <node id='-28126' action='modify' visible='true' lat='10.32930470549' lon='37.74273365602' />
  <node id='-28196' action='modify' visible='true' lat='10.32911189507' lon='37.74347316307' />
  <node id='-28197' action='modify' visible='true' lat='10.32905666387' lon='37.74357050523' />
  <node id='-28210' action='modify' visible='true' lat='10.32971673424' lon='37.74470529016' />
  <node id='-28236' action='modify' visible='true' lat='10.32964474012' lon='37.74466187497' />
  <node id='-28259' action='modify' visible='true' lat='10.3298480718' lon='37.74451548503' />
  <node id='-28260' action='modify' visible='true' lat='10.32980474627' lon='37.74452537164' />
  <node id='-28261' action='modify' visible='true' lat='10.32976780397' lon='37.74453475937' />
  <node id='-28262' action='modify' visible='true' lat='10.32971239051' lon='37.74456292257' />
  <node id='-28263' action='modify' visible='true' lat='10.32966621262' lon='37.74459510908' />
  <node id='-28264' action='modify' visible='true' lat='10.32963058968' lon='37.74461120233' />
  <node id='-28274' action='modify' visible='true' lat='10.32987731148' lon='37.74557143316' />
  <node id='-28275' action='modify' visible='true' lat='10.32979287196' lon='37.7455539988' />
  <node id='-28276' action='modify' visible='true' lat='10.3296714901' lon='37.74552717671' />
  <node id='-28277' action='modify' visible='true' lat='10.32952899829' lon='37.74550303683' />
  <node id='-28278' action='modify' visible='true' lat='10.32942081002' lon='37.74548292026' />
  <node id='-28279' action='modify' visible='true' lat='10.3293653965' lon='37.74547755584' />
  <node id='-28280' action='modify' visible='true' lat='10.32937990957' lon='37.74550706014' />
  <node id='-28281' action='modify' visible='true' lat='10.32945247488' lon='37.7455848442' />
  <node id='-28282' action='modify' visible='true' lat='10.32953163702' lon='37.74564787611' />
  <node id='-28295' action='modify' visible='true' lat='10.32934134169' lon='37.74540824878' />
  <node id='-28301' action='modify' visible='true' lat='10.32929766049' lon='37.74547838697' />
  <node id='-28376' action='modify' visible='true' lat='10.32876112465' lon='37.74503633246' />
  <node id='-28428' action='modify' visible='true' lat='10.32828114072' lon='37.74519621142' />
  <node id='-28430' action='modify' visible='true' lat='10.32824690086' lon='37.74526460133' />
  <node id='-28431' action='modify' visible='true' lat='10.32820970448' lon='37.74533816454' />
  <node id='-28476' action='modify' visible='true' lat='10.32817446339' lon='37.74544718102' />
  <node id='-28494' action='modify' visible='true' lat='10.32814351317' lon='37.74550049663' />
  <node id='-28576' action='modify' visible='true' lat='10.33038793902' lon='37.7459000952' />
  <node id='-28589' action='modify' visible='true' lat='10.33057033637' lon='37.74583818658' />
  <node id='-28594' action='modify' visible='true' lat='10.33069101366' lon='37.74574576286' />
  <node id='-28619' action='modify' visible='true' lat='10.33068858256' lon='37.74589934206' />
  <node id='-28620' action='modify' visible='true' lat='10.33077444189' lon='37.74584201688' />
  <node id='-28714' action='modify' visible='true' lat='10.33037016216' lon='37.7470191705' />
  <node id='-28824' action='modify' visible='true' lat='10.32876366209' lon='37.74678093957' />
  <node id='-28972' action='modify' visible='true' lat='10.32780629289' lon='37.74660785037' />
  <node id='-29003' action='modify' visible='true' lat='10.32775770645' lon='37.74672841981' />
  <node id='-29140' action='modify' visible='true' lat='10.32734750972' lon='37.74810448884' />
  <node id='-29278' action='modify' visible='true' lat='10.32862522188' lon='37.74741763427' />
  <node id='-29690' action='modify' visible='true' lat='10.33076128642' lon='37.7498093234' />
  <node id='-29729' action='modify' visible='true' lat='10.32972690356' lon='37.7498106645' />
  <node id='-29755' action='modify' visible='true' lat='10.32967017073' lon='37.74985626206' />
  <node id='-29770' action='modify' visible='true' lat='10.3291926895' lon='37.74891456499' />
  <node id='-29784' action='modify' visible='true' lat='10.32953633558' lon='37.74811317351' />
  <node id='-29785' action='modify' visible='true' lat='10.32945841204' lon='37.74815842375' />
  <node id='-29786' action='modify' visible='true' lat='10.32937463209' lon='37.74819597468' />
  <node id='-29788' action='modify' visible='true' lat='10.32932091992' lon='37.74821909305' />
  <node id='-29819' action='modify' visible='true' lat='10.32841804981' lon='37.74830367585' />
  <node id='-29836' action='modify' visible='true' lat='10.32807373102' lon='37.74840384588' />
  <node id='-29847' action='modify' visible='true' lat='10.3280908829' lon='37.74852320418' />
  <node id='-29855' action='modify' visible='true' lat='10.32812650602' lon='37.74862781033' />
  <node id='-29901' action='modify' visible='true' lat='10.3286199518' lon='37.74851113424' />
  <node id='-29942' action='modify' visible='true' lat='10.3288851456' lon='37.74579539761' />
  <node id='-29949' action='modify' visible='true' lat='10.32906721883' lon='37.74577259883' />
  <node id='-30003' action='modify' visible='true' lat='10.33111553473' lon='37.74586714737' />
  <node id='-30017' action='modify' visible='true' lat='10.33122108369' lon='37.74586647682' />
  <node id='-30039' action='modify' visible='true' lat='10.33117490602' lon='37.74586714737' />
  <node id='-30047' action='modify' visible='true' lat='10.33065111887' lon='37.74514697425' />
  <node id='-30103' action='modify' visible='true' lat='10.33136687313' lon='37.74212278359' />
  <node id='-30126' action='modify' visible='true' lat='10.3314645065' lon='37.74244397745' />
  <node id='-30142' action='modify' visible='true' lat='10.33132069615' lon='37.74233937129' />
  <node id='-30281' action='modify' visible='true' lat='10.33038262881' lon='37.74967789516' />
  <node id='-30290' action='modify' visible='true' lat='10.33031534117' lon='37.74974360928' />
  <node id='-30297' action='modify' visible='true' lat='10.32981793994' lon='37.74910926685' />
  <node id='-30305' action='modify' visible='true' lat='10.32984036804' lon='37.74914765714' />
  <node id='-30342' action='modify' visible='true' lat='10.33015833662' lon='37.74875119194' />
  <node id='-30366' action='modify' visible='true' lat='10.33082329651' lon='37.74849369988' />
  <node id='-30392' action='modify' visible='true' lat='10.33085034247' lon='37.74854198065' />
  <node id='-30490' action='modify' visible='true' lat='10.32766656734' lon='37.74701096415' />
  <node id='-30563' action='modify' visible='true' lat='10.32871824439' lon='37.74564988844' />
  <node id='-30575' action='modify' visible='true' lat='10.32881851667' lon='37.74572431974' />
  <node id='-30579' action='modify' visible='true' lat='10.32878157426' lon='37.74571895532' />
  <node id='-30626' action='modify' visible='true' lat='10.33020847254' lon='37.74868816003' />
  <node id='-30627' action='modify' visible='true' lat='10.3296969597' lon='37.74853881292' />
  <node id='-30628' action='modify' visible='true' lat='10.32975566245' lon='37.74854929689' />
  <node id='-30662' action='modify' visible='true' lat='10.33131498024' lon='37.74515395859' />
  <node id='-30714' action='modify' visible='true' lat='10.33198697294' lon='37.74430274829' />
  <node id='-30715' action='modify' visible='true' lat='10.33203183113' lon='37.74435773358' />
  <node id='-30716' action='modify' visible='true' lat='10.33204106663' lon='37.74437919125' />
  <node id='-30717' action='modify' visible='true' lat='10.33212058219' lon='37.74443279197' />
  <node id='-30718' action='modify' visible='true' lat='10.33196058576' lon='37.74443551764' />
  <node id='-30719' action='modify' visible='true' lat='10.33190517269' lon='37.7444837974' />
  <node id='-30720' action='modify' visible='true' lat='10.3318761468' lon='37.74454548821' />
  <node id='-30753' action='modify' visible='true' lat='10.33119878391' lon='37.74427912907'>
    <tag k='entrance' v='yes' />
  </node>
  <node id='-30789' action='modify' visible='true' lat='10.33112015315' lon='37.74398758873' />
  <node id='-30790' action='modify' visible='true' lat='10.33117292764' lon='37.74401441082' />
  <node id='-30791' action='modify' visible='true' lat='10.33120033153' lon='37.74403151169' />
  <node id='-30817' action='modify' visible='true' lat='10.33119799551' lon='37.74379581079' />
  <node id='-30834' action='modify' visible='true' lat='10.33151728093' lon='37.74316683277' />
  <node id='-30850' action='modify' visible='true' lat='10.33159776191' lon='37.74323791131' />
  <node id='-30864' action='modify' visible='true' lat='10.33110959826' lon='37.74281412229' />
  <node id='-30873' action='modify' visible='true' lat='10.33098030073' lon='37.74270146951' />
  <node id='-30908' action='modify' visible='true' lat='10.33119469645' lon='37.74273499779' />
  <node id='-30922' action='modify' visible='true' lat='10.33125736679' lon='37.74273767933' />
  <node id='-30961' action='modify' visible='true' lat='10.33022694498' lon='37.74138986796' />
  <node id='-30970' action='modify' visible='true' lat='10.32822545911' lon='37.74609312281' />
  <node id='-30971' action='modify' visible='true' lat='10.32828087283' lon='37.74609982833' />
  <node id='-30972' action='modify' visible='true' lat='10.32842996207' lon='37.74612933263' />
  <node id='-30973' action='modify' visible='true' lat='10.32854078943' lon='37.74615347251' />
  <node id='-30974' action='modify' visible='true' lat='10.32861467431' lon='37.74616822466' />
  <node id='-30975' action='modify' visible='true' lat='10.32864765863' lon='37.74617224798' />
  <node id='-30976' action='modify' visible='true' lat='10.32864633925' lon='37.74613469705' />
  <node id='-30977' action='modify' visible='true' lat='10.32866265087' lon='37.74612191759' />
  <node id='-30998' action='modify' visible='true' lat='10.32807900852' lon='37.74709895119' />
  <node id='-31017' action='modify' visible='true' lat='10.3281014379' lon='37.74733230338' />
  <node id='-31050' action='modify' visible='true' lat='10.33154060353' lon='37.74586244833' />
  <node id='-31051' action='modify' visible='true' lat='10.33148825632' lon='37.74589866132' />
  <node id='-31052' action='modify' visible='true' lat='10.33149089504' lon='37.74603008956' />
  <node id='-31053' action='modify' visible='true' lat='10.33154344855' lon='37.74617644278' />
  <node id='-31095' action='modify' visible='true' lat='10.33145527098' lon='37.74386420712' />
  <node id='-31133' action='modify' visible='true' lat='10.3318985759' lon='37.74311184749' />
  <node id='-31162' action='modify' visible='true' lat='10.33023419951' lon='37.74317689173' />
  <node id='-31185' action='modify' visible='true' lat='10.33017548772' lon='37.74348132245' />
  <node id='-31197' action='modify' visible='true' lat='10.33020451378' lon='37.74350881509' />
  <node id='-31206' action='modify' visible='true' lat='10.32869947242' lon='37.74473951546' />
  <node id='-31207' action='modify' visible='true' lat='10.32868328168' lon='37.74481370911' />
  <node id='-31208' action='modify' visible='true' lat='10.32866217172' lon='37.7448418723' />
  <node id='-31209' action='modify' visible='true' lat='10.32863314553' lon='37.74495318398' />
  <node id='-31210' action='modify' visible='true' lat='10.32861842268' lon='37.74502247014' />
  <node id='-31217' action='modify' visible='true' lat='10.3291160828' lon='37.74487444391' />
  <node id='-31218' action='modify' visible='true' lat='10.32904478953' lon='37.74485662445' />
  <node id='-31219' action='modify' visible='true' lat='10.32897354349' lon='37.7448418723' />
  <node id='-31220' action='modify' visible='true' lat='10.32892736549' lon='37.74483114347' />
  <node id='-31221' action='modify' visible='true' lat='10.3288851456' lon='37.74484723672' />
  <node id='-31222' action='modify' visible='true' lat='10.32882577388' lon='37.74490490422' />
  <node id='-31223' action='modify' visible='true' lat='10.32877959586' lon='37.74491563305' />
  <node id='-31224' action='modify' visible='true' lat='10.32872945972' lon='37.74493172631' />
  <node id='-31225' action='modify' visible='true' lat='10.32867404608' lon='37.74495050177' />
  <node id='-31240' action='modify' visible='true' lat='10.3308985603' lon='37.74386944073' />
  <node id='-31247' action='modify' visible='true' lat='10.33041429357' lon='37.74447306857' />
  <node id='-31248' action='modify' visible='true' lat='10.33039186436' lon='37.74448782071' />
  <node id='-31249' action='modify' visible='true' lat='10.33033645102' lon='37.74446770415' />
  <node id='-31250' action='modify' visible='true' lat='10.33029818941' lon='37.74447440967' />
  <node id='-31251' action='modify' visible='true' lat='10.33026678307' lon='37.74454728189' />
  <node id='-31345' action='modify' visible='true' lat='10.33079822861' lon='37.74516105518' />
  <node id='-31352' action='modify' visible='true' lat='10.32951014524' lon='37.74515099958' />
  <node id='-31393' action='modify' visible='true' lat='10.32946830863' lon='37.74327948421' />
  <node id='-31406' action='modify' visible='true' lat='10.3294491758' lon='37.74320103161' />
  <node id='-31420' action='modify' visible='true' lat='10.32948875687' lon='37.74336934023' />
  <node id='-31437' action='modify' visible='true' lat='10.32924533516' lon='37.74313062161' />
  <node id='-31462' action='modify' visible='true' lat='10.32962531352' lon='37.74298578233' />
  <node id='-31500' action='modify' visible='true' lat='10.32961607662' lon='37.74754419789' />
  <node id='-31527' action='modify' visible='true' lat='10.33175344638' lon='37.74790227279' />
  <node id='-31535' action='modify' visible='true' lat='10.33200850988' lon='37.74876686064' />
  <node id='-31556' action='modify' visible='true' lat='10.33200016652' lon='37.74890139565' />
  <node id='-31576' action='modify' visible='true' lat='10.3319658632' lon='37.74893492326' />
  <node id='-31665' action='modify' visible='true' lat='10.33242499968' lon='37.74615347251' />
  <node id='-31694' action='modify' visible='true' lat='10.3322336929' lon='37.74638011917' />
  <node id='-31703' action='modify' visible='true' lat='10.3322178606' lon='37.7465665327' />
  <node id='-31725' action='modify' visible='true' lat='10.32943070463' lon='37.74515300922' />
  <node id='-31772' action='modify' visible='true' lat='10.32949031883' lon='37.74517263883' />
  <node id='-31773' action='modify' visible='true' lat='10.3294391648' lon='37.74513957616' />
  <node id='-31846' action='modify' visible='true' lat='10.3321685396' lon='37.74213559104' />
  <node id='-31965' action='modify' visible='true' lat='10.33062847893' lon='37.74517443196' />
  <node id='-32009' action='modify' visible='true' lat='10.33011783316' lon='37.74507840811' />
  <node id='-32039' action='modify' visible='true' lat='10.33008192397' lon='37.74387420194' />
  <node id='-32101' action='modify' visible='true' lat='10.33076962198' lon='37.74273158342' />
  <node id='-32169' action='modify' visible='true' lat='10.33146318714' lon='37.74743288621' />
  <node id='-32185' action='modify' visible='true' lat='10.33063665356' lon='37.74583115786' />
  <node id='-32219' action='modify' visible='true' lat='10.32904003664' lon='37.74674266846' />
  <node id='-32267' action='modify' visible='true' lat='10.33114851878' lon='37.74542592399' />
  <node id='-32281' action='modify' visible='true' lat='10.33051060623' lon='37.74809002843' />
  <node id='-32340' action='modify' visible='true' lat='10.33090113829' lon='37.74529986016' />
  <node id='-32341' action='modify' visible='true' lat='10.33083912822' lon='37.74528846078' />
  <node id='-32342' action='modify' visible='true' lat='10.33081340063' lon='37.74538770251' />
  <node id='-32378' action='modify' visible='true' lat='10.33071906612' lon='37.74570219152' />
  <node id='-32462' action='modify' visible='true' lat='10.33000990722' lon='37.74471983247' />
  <node id='-32526' action='modify' visible='true' lat='10.33002332819' lon='37.74466872172' />
  <node id='-32612' action='modify' visible='true' lat='10.32972660083' lon='37.74808841468' />
  <node id='-32613' action='modify' visible='true' lat='10.32956365287' lon='37.74816187226' />
  <node id='-32679' action='modify' visible='true' lat='10.3307223642' lon='37.74808097597'>
    <tag k='entrance' v='yes' />
  </node>
  <node id='-32793' action='modify' visible='true' lat='10.33039450243' lon='37.74731218748' />
  <node id='-32800' action='modify' visible='true' lat='10.33042088974' lon='37.74740405314' />
  <node id='-32833' action='modify' visible='true' lat='10.33075930672' lon='37.74719282918' />
  <node id='-32891' action='modify' visible='true' lat='10.33039269972' lon='37.7472317115' />
  <node id='-32892' action='modify' visible='true' lat='10.33035756086' lon='37.74710968003' />
  <node id='-32893' action='modify' visible='true' lat='10.33026916337' lon='37.74713516101' />
  <node id='-32894' action='modify' visible='true' lat='10.33021506937' lon='37.74715259537' />
  <node id='-32895' action='modify' visible='true' lat='10.3303394186' lon='37.74706710096' />
  <node id='-32899' action='modify' visible='true' lat='10.3303997799' lon='37.74729676478' />
  <node id='-32900' action='modify' visible='true' lat='10.33039054434' lon='37.74734035067' />
  <node id='-32901' action='modify' visible='true' lat='10.33041033482' lon='37.74739533596' />
  <node id='-32930' action='modify' visible='true' lat='10.33110629919' lon='37.74954110317' />
  <node id='-33015' action='modify' visible='true' lat='10.32882605285' lon='37.74676737065' />
  <node id='-33051' action='modify' visible='true' lat='10.33069378006' lon='37.74721426849' />
  <node id='-33057' action='modify' visible='true' lat='10.33079031243' lon='37.74728536472' />
  <node id='-33058' action='modify' visible='true' lat='10.33074545406' lon='37.74730145797' />
  <node id='-33059' action='modify' visible='true' lat='10.33076128642' lon='37.74734705552' />
  <node id='-33088' action='modify' visible='true' lat='10.33058623974' lon='37.74724945402' />
  <node id='298296347' timestamp='2022-11-03T13:38:37Z' uid='1293386' user='Sal73x' visible='true' version='5' changeset='128439842' lat='10.335149' lon='37.7184699' />
  <node id='298296348' timestamp='2022-11-03T13:38:37Z' uid='1293386' user='Sal73x' visible='true' version='4' changeset='128439842' lat='10.3369601' lon='37.7177475' />
  <node id='298296350' timestamp='2022-11-03T13:38:37Z' uid='1293386' user='Sal73x' visible='true' version='3' changeset='128439842' lat='10.3559955' lon='37.7271631' />
  <node id='298296352' timestamp='2022-07-11T22:21:15Z' uid='5654413' user='Hansekogge48' visible='true' version='4' changeset='123493462' lat='10.3651139' lon='37.7403923' />
  <node id='298296353' timestamp='2022-09-29T12:55:42Z' uid='1293386' user='Sal73x' visible='true' version='3' changeset='126779720' lat='10.3486228' lon='37.742126' />
  <node id='298296354' timestamp='2022-09-29T12:55:42Z' uid='1293386' user='Sal73x' visible='true' version='3' changeset='126779720' lat='10.3427752' lon='37.7415917' />
  <node id='298296355' timestamp='2022-09-29T12:55:42Z' uid='1293386' user='Sal73x' visible='true' version='3' changeset='126779720' lat='10.3372768' lon='37.7449433' />
  <node id='298296356' timestamp='2022-11-03T13:38:37Z' uid='1293386' user='Sal73x' visible='true' version='4' changeset='128439842' lat='10.3099503' lon='37.7416487' />
  <node id='298296357' timestamp='2022-11-03T13:38:37Z' uid='1293386' user='Sal73x' visible='true' version='3' changeset='128439842' lat='10.3091083' lon='37.7210863' />
  <node id='298296358' timestamp='2012-09-07T18:09:31Z' uid='323564' user='speth' visible='true' version='2' changeset='13026051' lat='10.3280344' lon='37.7180462' />
  <node id='298296361' timestamp='2021-08-17T14:08:29Z' uid='11250405' user='Tesfahun Tenagne' visible='true' version='3' changeset='109815631' lat='10.3364338' lon='37.7177321' />
  <node id='298296362' timestamp='2021-08-18T19:55:37Z' uid='11250405' user='Tesfahun Tenagne' visible='true' version='5' changeset='109894557' lat='10.3564204' lon='37.7368092' />
  <node id='595140041' timestamp='2014-03-31T12:35:15Z' uid='141373' user='Alazar-AddisMap' visible='true' version='2' changeset='21418961' lat='10.3419892' lon='37.7272975' />
  <node id='1298133656' timestamp='2021-01-15T18:57:50Z' uid='11250405' user='Tesfahun Tenagne' visible='true' version='3' changeset='97578650' lat='10.3410667' lon='37.7294773' />
  <node id='1298134008' timestamp='2025-08-22T21:05:58Z' uid='1779832' user='Ukundji' visible='true' version='4' changeset='170852354' lat='10.3476205' lon='37.715352' />
  <node id='1298134159' timestamp='2021-08-17T14:08:29Z' uid='11250405' user='Tesfahun Tenagne' visible='true' version='3' changeset='109815631' lat='10.3446948' lon='37.7127043' />
  <node id='1761392852' timestamp='2012-05-21T19:56:31Z' uid='323564' user='speth' visible='true' version='1' changeset='11665486' lat='10.3398148' lon='37.7272845' />
  <node id='1761392898' timestamp='2014-03-31T12:35:14Z' uid='141373' user='Alazar-AddisMap' visible='true' version='2' changeset='21418961' lat='10.3394509' lon='37.7281639' />
  <node id='1767235577' timestamp='2022-11-03T13:38:37Z' uid='1293386' user='Sal73x' visible='true' version='4' changeset='128439842' lat='10.3321981' lon='37.7224816' />
  <node id='1767235586' timestamp='2025-08-24T04:52:33Z' uid='1779832' user='Ukundji' visible='true' version='3' changeset='170906535' lat='10.3400196' lon='37.7267664' />
  <node id='1767235591' timestamp='2022-11-03T13:38:37Z' uid='1293386' user='Sal73x' visible='true' version='3' changeset='128439842' lat='10.3399987' lon='37.7149173' />
  <node id='1767235646' timestamp='2022-11-03T13:38:37Z' uid='1293386' user='Sal73x' visible='true' version='3' changeset='128439842' lat='10.3517975' lon='37.7220073' />
  <node id='1904547831' timestamp='2022-11-03T13:38:37Z' uid='1293386' user='Sal73x' visible='true' version='2' changeset='128439842' lat='10.3056455' lon='37.7327223' />
  <node id='1904547860' timestamp='2022-09-29T12:55:42Z' uid='1293386' user='Sal73x' visible='true' version='2' changeset='126779720' lat='10.3349884' lon='37.7457118' />
  <node id='2543049266' timestamp='2022-11-03T13:38:37Z' uid='1293386' user='Sal73x' visible='true' version='4' changeset='128439842' lat='10.3520662' lon='37.7193773' />
  <node id='2543049268' timestamp='2021-08-17T14:08:29Z' uid='11250405' user='Tesfahun Tenagne' visible='true' version='2' changeset='109815631' lat='10.3522418' lon='37.7204394' />
  <node id='2543049431' timestamp='2017-02-03T13:55:01Z' uid='385046' user='Palolo' visible='true' version='3' changeset='45779099' lat='10.3420771' lon='37.7270284' />
  <node id='2543049432' timestamp='2020-10-09T08:56:59Z' uid='11250405' user='Tesfahun Tenagne' visible='true' version='3' changeset='92222995' lat='10.3418487' lon='37.7276205' />
  <node id='2543049433' timestamp='2020-10-09T08:56:59Z' uid='11250405' user='Tesfahun Tenagne' visible='true' version='3' changeset='92222995' lat='10.3415043' lon='37.7284798' />
  <node id='2543049436' timestamp='2020-10-07T13:03:44Z' uid='11250405' user='Tesfahun Tenagne' visible='true' version='2' changeset='92114902' lat='10.3395706' lon='37.7278721' />
  <node id='2756014551' timestamp='2021-08-15T14:46:06Z' uid='11250405' user='Tesfahun Tenagne' visible='true' version='5' changeset='109703624' lat='10.3249766' lon='37.7370076' />
  <node id='2756014585' timestamp='2021-08-15T14:46:06Z' uid='11250405' user='Tesfahun Tenagne' visible='true' version='5' changeset='109703624' lat='10.3261336' lon='37.7364692' />
  <node id='2756014586' timestamp='2015-11-23T18:26:27Z' uid='3245781' user='near_far' visible='true' version='2' changeset='35535961' lat='10.3261604' lon='37.7368995' />
  <node id='2756014587' timestamp='2021-08-17T14:08:29Z' uid='11250405' user='Tesfahun Tenagne' visible='true' version='8' changeset='109815631' lat='10.3261927' lon='37.7373486' />
  <node id='2756014611' timestamp='2021-09-24T07:21:38Z' uid='11890930' user='OlipaIsland' visible='true' version='5' changeset='111631708' lat='10.3276334' lon='37.7368037' />
  <node id='2756014612' timestamp='2021-08-17T14:08:29Z' uid='11250405' user='Tesfahun Tenagne' visible='true' version='3' changeset='109815631' lat='10.3275337' lon='37.7372475' />
  <node id='2756014636' timestamp='2021-08-17T14:08:29Z' uid='11250405' user='Tesfahun Tenagne' visible='true' version='5' changeset='109815631' lat='10.3279043' lon='37.7363063' />
  <node id='2756014758' timestamp='2021-08-15T14:46:06Z' uid='11250405' user='Tesfahun Tenagne' visible='true' version='5' changeset='109703624' lat='10.3347575' lon='37.7373407' />
  <node id='2756014771' timestamp='2021-08-17T14:08:29Z' uid='11250405' user='Tesfahun Tenagne' visible='true' version='6' changeset='109815631' lat='10.3351192' lon='37.7364629' />
  <node id='2756014836' timestamp='2021-08-17T14:08:29Z' uid='11250405' user='Tesfahun Tenagne' visible='true' version='7' changeset='109815631' lat='10.3355557' lon='37.7354005' />
  <node id='2756014848' timestamp='2021-08-17T14:08:29Z' uid='11250405' user='Tesfahun Tenagne' visible='true' version='5' changeset='109815631' lat='10.3360171' lon='37.7367373' />
  <node id='2756014864' timestamp='2021-08-17T14:08:29Z' uid='11250405' user='Tesfahun Tenagne' visible='true' version='4' changeset='109815631' lat='10.3362627' lon='37.7336126' />
  <node id='2756014873' timestamp='2021-08-16T15:04:49Z' uid='11250405' user='Tesfahun Tenagne' visible='true' version='5' changeset='109757190' lat='10.336408' lon='37.7357601' />
  <node id='2756014887' timestamp='2021-08-17T14:08:29Z' uid='11250405' user='Tesfahun Tenagne' visible='true' version='7' changeset='109815631' lat='10.3366972' lon='37.7326256' />
  <node id='2756014891' timestamp='2021-08-16T23:16:59Z' uid='11250405' user='Tesfahun Tenagne' visible='true' version='4' changeset='109776553' lat='10.3369142' lon='37.7371804' />
  <node id='2756014892' timestamp='2021-08-17T14:08:29Z' uid='11250405' user='Tesfahun Tenagne' visible='true' version='5' changeset='109815631' lat='10.3369932' lon='37.7317729' />
  <node id='2756014896' timestamp='2021-08-16T15:04:49Z' uid='11250405' user='Tesfahun Tenagne' visible='true' version='3' changeset='109757190' lat='10.3371283' lon='37.7339586' />
  <node id='2756014928' timestamp='2020-10-07T15:24:13Z' uid='11250405' user='Tesfahun Tenagne' visible='true' version='2' changeset='92121030' lat='10.3374866' lon='37.7330217' />
  <node id='2756014943' timestamp='2020-10-17T11:31:03Z' uid='11250405' user='Tesfahun Tenagne' visible='true' version='4' changeset='92624782' lat='10.337599' lon='37.7302117' />
  <node id='2756014945' timestamp='2020-10-17T11:31:03Z' uid='11250405' user='Tesfahun Tenagne' visible='true' version='3' changeset='92624782' lat='10.3376894' lon='37.729997' />
  <node id='2756014947' timestamp='2020-10-17T11:31:03Z' uid='11250405' user='Tesfahun Tenagne' visible='true' version='3' changeset='92624782' lat='10.3378493' lon='37.7321178' />
  <node id='2756014951' timestamp='2021-01-15T18:57:50Z' uid='11250405' user='Tesfahun Tenagne' visible='true' version='4' changeset='97578650' lat='10.3380506' lon='37.7290508' />
  <node id='2756014958' timestamp='2021-08-17T14:08:29Z' uid='11250405' user='Tesfahun Tenagne' visible='true' version='6' changeset='109815631' lat='10.3382655' lon='37.7363991' />
  <node id='2756014963' timestamp='2020-10-17T11:31:03Z' uid='11250405' user='Tesfahun Tenagne' visible='true' version='3' changeset='92624782' lat='10.3384185' lon='37.7307397' />
  <node id='2756014971' timestamp='2021-08-18T19:45:44Z' uid='11250405' user='Tesfahun Tenagne' visible='true' version='4' changeset='109894224' lat='10.3389828' lon='37.734662' />
  <node id='2756014972' timestamp='2021-01-15T18:57:50Z' uid='11250405' user='Tesfahun Tenagne' visible='true' version='4' changeset='97578650' lat='10.3390096' lon='37.7292087' />
  <node id='2756014974' timestamp='2021-01-15T18:57:50Z' uid='11250405' user='Tesfahun Tenagne' visible='true' version='3' changeset='97578650' lat='10.3390395' lon='37.729124' />
  <node id='2756014978' timestamp='2021-08-17T14:08:29Z' uid='11250405' user='Tesfahun Tenagne' visible='true' version='3' changeset='109815631' lat='10.3393533' lon='37.7337679' />
  <node id='2756014982' timestamp='2020-10-07T09:36:20Z' uid='11250405' user='Tesfahun Tenagne' visible='true' version='3' changeset='92100217' lat='10.3397157' lon='37.7328472' />
  <node id='2756014997' timestamp='2017-02-03T13:55:01Z' uid='385046' user='Palolo' visible='true' version='2' changeset='45779099' lat='10.3401294' lon='37.7318' />
  <node id='2756015019' timestamp='2021-01-15T18:57:50Z' uid='11250405' user='Tesfahun Tenagne' visible='true' version='4' changeset='97578650' lat='10.3410262' lon='37.7295603' />
  <node id='3854972986' timestamp='2015-11-23T18:25:50Z' uid='3245781' user='near_far' visible='true' version='1' changeset='35535961' lat='10.3127089' lon='37.7408123' />
  <node id='3854973001' timestamp='2021-08-16T15:20:18Z' uid='11250405' user='Tesfahun Tenagne' visible='true' version='2' changeset='109757909' lat='10.3131544' lon='37.7413699' />
  <node id='3854973010' timestamp='2021-08-16T15:20:18Z' uid='11250405' user='Tesfahun Tenagne' visible='true' version='2' changeset='109757909' lat='10.3133207' lon='37.7415029' />
  <node id='3854973022' timestamp='2021-08-16T15:20:18Z' uid='11250405' user='Tesfahun Tenagne' visible='true' version='2' changeset='109757909' lat='10.3136576' lon='37.7416254' />
  <node id='3854973033' timestamp='2021-08-16T15:20:18Z' uid='11250405' user='Tesfahun Tenagne' visible='true' version='3' changeset='109757909' lat='10.3140779' lon='37.7416711' />
  <node id='3854973042' timestamp='2021-08-16T15:20:18Z' uid='11250405' user='Tesfahun Tenagne' visible='true' version='3' changeset='109757909' lat='10.3148779' lon='37.7417037' />
  <node id='3854973072' timestamp='2021-08-16T15:20:18Z' uid='11250405' user='Tesfahun Tenagne' visible='true' version='3' changeset='109757909' lat='10.3169525' lon='37.7416022' />
  <node id='3854973086' timestamp='2015-11-23T18:25:52Z' uid='3245781' user='near_far' visible='true' version='1' changeset='35535961' lat='10.3190901' lon='37.741576' />
  <node id='3854973091' timestamp='2020-10-17T11:31:03Z' uid='11250405' user='Tesfahun Tenagne' visible='true' version='4' changeset='92624782' lat='10.3192271' lon='37.7387573' />
  <node id='3854973123' timestamp='2015-11-23T18:25:52Z' uid='3245781' user='near_far' visible='true' version='1' changeset='35535961' lat='10.321191' lon='37.7415228' />
  <node id='3854973124' timestamp='2021-08-18T19:59:48Z' uid='11250405' user='Tesfahun Tenagne' visible='true' version='3' changeset='109894692' lat='10.3195448' lon='37.7398941' />
  <node id='3854973126' timestamp='2021-08-17T14:08:29Z' uid='11250405' user='Tesfahun Tenagne' visible='true' version='3' changeset='109815631' lat='10.32125' lon='37.738068' />
  <node id='3854973134' timestamp='2022-09-29T12:55:42Z' uid='1293386' user='Sal73x' visible='true' version='2' changeset='126779720' lat='10.3217395' lon='37.7414569' />
  <node id='3854973135' timestamp='2021-08-17T14:08:29Z' uid='11250405' user='Tesfahun Tenagne' visible='true' version='3' changeset='109815631' lat='10.3217246' lon='37.7390275' />
  <node id='3854973138' timestamp='2021-08-17T14:08:29Z' uid='11250405' user='Tesfahun Tenagne' visible='true' version='3' changeset='109815631' lat='10.3219487' lon='37.7394476' />
  <node id='3854973139' timestamp='2021-08-17T14:08:29Z' uid='11250405' user='Tesfahun Tenagne' visible='true' version='3' changeset='109815631' lat='10.3223113' lon='37.7387991' />
  <node id='3854973140' timestamp='2015-11-23T18:25:53Z' uid='3245781' user='near_far' visible='true' version='1' changeset='35535961' lat='10.3224806' lon='37.7411466' />
  <node id='3854973144' timestamp='2015-11-23T18:25:53Z' uid='3245781' user='near_far' visible='true' version='1' changeset='35535961' lat='10.3238189' lon='37.7406109' />
  <node id='3854973145' timestamp='2021-08-17T14:08:29Z' uid='11250405' user='Tesfahun Tenagne' visible='true' version='3' changeset='109815631' lat='10.3238686' lon='37.7387039' />
  <node id='3854973148' timestamp='2021-08-17T14:08:29Z' uid='11250405' user='Tesfahun Tenagne' visible='true' version='4' changeset='109815631' lat='10.3242524' lon='37.7385697' />
  <node id='3854973149' timestamp='2021-08-17T14:08:29Z' uid='11250405' user='Tesfahun Tenagne' visible='true' version='4' changeset='109815631' lat='10.3244006' lon='37.7380321' />
  <node id='3854973151' timestamp='2015-11-23T18:25:53Z' uid='3245781' user='near_far' visible='true' version='1' changeset='35535961' lat='10.3250342' lon='37.7399714' />
  <node id='3854973154' timestamp='2015-11-23T18:25:53Z' uid='3245781' user='near_far' visible='true' version='1' changeset='35535961' lat='10.325806' lon='37.7395415' />
  <node id='3854973155' timestamp='2021-08-17T14:08:29Z' uid='11250405' user='Tesfahun Tenagne' visible='true' version='5' changeset='109815631' lat='10.3262173' lon='37.7377988' />
  <node id='3854973156' timestamp='2021-08-18T19:59:48Z' uid='11250405' user='Tesfahun Tenagne' visible='true' version='3' changeset='109894692' lat='10.3262347' lon='37.7382983' />
  <node id='3854973157' timestamp='2022-09-29T12:55:42Z' uid='1293386' user='Sal73x' visible='true' version='2' changeset='126779720' lat='10.326189' lon='37.7393532' />
  <node id='3854973158' timestamp='2022-09-29T12:55:42Z' uid='1293386' user='Sal73x' visible='true' version='2' changeset='126779720' lat='10.3254764' lon='37.7417859' />
  <node id='3854973160' timestamp='2015-11-23T18:25:53Z' uid='3245781' user='near_far' visible='true' version='1' changeset='35535961' lat='10.3264356' lon='37.7405691' />
  <node id='3854973161' timestamp='2022-09-29T12:55:42Z' uid='1293386' user='Sal73x' visible='true' version='3' changeset='126779720' lat='10.3264693' lon='37.7392611' />
  <node id='3854973164' timestamp='2022-09-29T12:55:42Z' uid='1293386' user='Sal73x' visible='true' version='4' changeset='126779720' lat='10.3265976' lon='37.7392484' />
  <node id='3854973166' timestamp='2015-11-23T18:25:53Z' uid='3245781' user='near_far' visible='true' version='1' changeset='35535961' lat='10.3267346' lon='37.7401359' />
  <node id='3854973167' timestamp='2022-09-29T12:55:42Z' uid='1293386' user='Sal73x' visible='true' version='3' changeset='126779720' lat='10.3269168' lon='37.7392711' />
  <node id='3854973168' timestamp='2015-11-23T18:25:53Z' uid='3245781' user='near_far' visible='true' version='1' changeset='35535961' lat='10.3270337' lon='37.7398358' />
  <node id='3854973169' action='modify' timestamp='2021-11-08T09:00:24Z' uid='10892549' user='NanMadol' visible='true' version='2' changeset='113512014' lat='10.32717197516' lon='37.74823483128' />
  <node id='3854973170' action='modify' timestamp='2021-11-08T09:00:24Z' uid='10892549' user='NanMadol' visible='true' version='2' changeset='113512014' lat='10.32718246199' lon='37.74812626319' />
  <node id='3854973171' timestamp='2021-08-17T14:08:29Z' uid='11250405' user='Tesfahun Tenagne' visible='true' version='4' changeset='109815631' lat='10.327181' lon='37.7393452' />
  <node id='3854973172' action='modify' timestamp='2026-05-14T16:48:20Z' uid='22828305' user='eyob-ka' visible='true' version='2' changeset='182660123' lat='10.32721503565' lon='37.74839935337' />
  <node id='3854973173' action='modify' timestamp='2021-11-08T09:00:24Z' uid='10892549' user='NanMadol' visible='true' version='2' changeset='113512014' lat='10.32724850384' lon='37.74790763436' />
  <node id='3854973174' timestamp='2015-11-23T18:25:53Z' uid='3245781' user='near_far' visible='true' version='1' changeset='35535961' lat='10.3272692' lon='37.7396002' />
  <node id='3854973175' action='modify' timestamp='2021-11-08T09:00:24Z' uid='10892549' user='NanMadol' visible='true' version='3' changeset='113512014' lat='10.32734940383' lon='37.74770916319' />
  <node id='3854973176' timestamp='2026-05-14T16:48:20Z' uid='22828305' user='eyob-ka' visible='true' version='3' changeset='182660123' lat='10.3272719' lon='37.7484805' />
  <node id='3854973179' action='modify' timestamp='2021-11-08T09:00:24Z' uid='10892549' user='NanMadol' visible='true' version='3' changeset='113512014' lat='10.32741539067' lon='37.74760082639' />
  <node id='3854973180' timestamp='2021-08-17T14:08:29Z' uid='11250405' user='Tesfahun Tenagne' visible='true' version='3' changeset='109815631' lat='10.3275079' lon='37.7393997' />
  <node id='3854973181' timestamp='2015-11-23T18:25:53Z' uid='3245781' user='near_far' visible='true' version='1' changeset='35535961' lat='10.3276034' lon='37.7392836' />
  <node id='3854973182' timestamp='2021-08-19T09:10:21Z' uid='11250405' user='Tesfahun Tenagne' visible='true' version='7' changeset='109919796' lat='10.3275479' lon='37.7376747' />
  <node id='3854973183' timestamp='2021-08-17T14:08:29Z' uid='11250405' user='Tesfahun Tenagne' visible='true' version='3' changeset='109815631' lat='10.3275698' lon='37.7381935' />
  <node id='3854973184' action='modify' timestamp='2021-11-08T09:00:24Z' uid='10892549' user='NanMadol' visible='true' version='3' changeset='113512014' lat='10.32768223875' lon='37.74691656075' />
  <node id='3854973185' timestamp='2021-08-17T14:08:29Z' uid='11250405' user='Tesfahun Tenagne' visible='true' version='3' changeset='109815631' lat='10.3275991' lon='37.738628' />
  <node id='3854973186' timestamp='2021-08-17T14:08:29Z' uid='11250405' user='Tesfahun Tenagne' visible='true' version='3' changeset='109815631' lat='10.3276254' lon='37.7390282' />
  <node id='3854973187' timestamp='2026-05-14T16:48:20Z' uid='22828305' user='eyob-ka' visible='true' version='3' changeset='182660123' lat='10.3276651' lon='37.7487061' />
  <node id='3854973189' action='modify' timestamp='2026-05-14T16:48:20Z' uid='22828305' user='eyob-ka' visible='true' version='4' changeset='182660123' lat='10.32787339129' lon='37.74652626994' />
  <node id='3854973190' timestamp='2026-05-14T16:48:20Z' uid='22828305' user='eyob-ka' visible='true' version='3' changeset='182660123' lat='10.3279014' lon='37.7487941' />
  <node id='3854973191' action='modify' timestamp='2021-11-08T09:00:24Z' uid='10892549' user='NanMadol' visible='true' version='2' changeset='113512014' lat='10.32791074876' lon='37.74643509325' />
  <node id='3854973193' action='modify' timestamp='2021-11-08T09:00:24Z' uid='10892549' user='NanMadol' visible='true' version='2' changeset='113512014' lat='10.32797013251' lon='37.74628824663' />
  <node id='3854973194' timestamp='2021-11-08T09:00:24Z' uid='10892549' user='NanMadol' visible='true' version='2' changeset='113512014' lat='10.3280467' lon='37.748768' />
  <node id='3854973196' action='modify' timestamp='2021-11-08T09:00:24Z' uid='10892549' user='NanMadol' visible='true' version='2' changeset='113512014' lat='10.32799455813' lon='37.74621247546' />
  <node id='3854973198' action='modify' timestamp='2026-05-14T16:48:20Z' uid='22828305' user='eyob-ka' visible='true' version='4' changeset='182660123' lat='10.32815452502' lon='37.74794622087' />
  <node id='3854973199' action='modify' timestamp='2021-11-08T09:00:24Z' uid='10892549' user='NanMadol' visible='true' version='2' changeset='113512014' lat='10.32824923875' lon='37.74862584907' />
  <node id='3854973200' action='modify' timestamp='2021-11-08T09:00:24Z' uid='10892549' user='NanMadol' visible='true' version='2' changeset='113512014' lat='10.32816743937' lon='37.7458852914' />
  <node id='3854973201' action='modify' timestamp='2021-11-08T09:00:24Z' uid='10892549' user='NanMadol' visible='true' version='2' changeset='113512014' lat='10.3281403725' lon='37.74607833558' />
  <node id='3854973203' timestamp='2021-11-08T09:00:24Z' uid='10892549' user='NanMadol' visible='true' version='2' changeset='113512014' lat='10.3282644' lon='37.7457739' />
  <node id='3854973204' action='modify' timestamp='2021-11-08T09:00:24Z' uid='10892549' user='NanMadol' visible='true' version='2' changeset='113512014' lat='10.32836064501' lon='37.7485875546' />
  <node id='3854973205' action='modify' timestamp='2021-11-08T09:00:24Z' uid='10892549' user='NanMadol' visible='true' version='2' changeset='113512014' lat='10.32837587691' lon='37.74563048895' />
  <node id='3854973207' action='modify' timestamp='2021-11-08T09:00:24Z' uid='10892549' user='NanMadol' visible='true' version='2' changeset='113512014' lat='10.32855855756' lon='37.74852183681' />
  <node id='3854973208' action='modify' timestamp='2026-05-15T11:51:05Z' uid='24127657' user='ErmiyasGirma' visible='true' version='3' changeset='182694584' lat='10.32857244188' lon='37.74566841718' />
  <node id='3854973210' action='modify' timestamp='2021-11-08T09:00:24Z' uid='10892549' user='NanMadol' visible='true' version='2' changeset='113512014' lat='10.32916232615' lon='37.74881302884' />
  <node id='3854973211' timestamp='2015-11-23T18:25:54Z' uid='3245781' user='near_far' visible='true' version='1' changeset='35535961' lat='10.3289061' lon='37.7457406' />
  <node id='3854973212' action='modify' timestamp='2021-11-08T09:00:24Z' uid='10892549' user='NanMadol' visible='true' version='2' changeset='113512014' lat='10.32908594867' lon='37.74615610552' />
  <node id='3854973213' action='modify' timestamp='2021-11-08T09:00:24Z' uid='10892549' user='NanMadol' visible='true' version='2' changeset='113512014' lat='10.3290880649' lon='37.7465671589' />
  <node id='3854973214' action='modify' timestamp='2026-05-15T10:05:04Z' uid='22828305' user='eyob-ka' visible='true' version='3' changeset='182689864' lat='10.3291291293' lon='37.74579461227' />
  <node id='3854973215' timestamp='2021-11-08T09:00:24Z' uid='10892549' user='NanMadol' visible='true' version='2' changeset='113512014' lat='10.3292499' lon='37.7494454' />
  <node id='3854973217' timestamp='2021-11-08T09:00:24Z' uid='10892549' user='NanMadol' visible='true' version='2' changeset='113512014' lat='10.3293763' lon='37.7493583' />
  <node id='3854973219' timestamp='2021-11-08T09:00:24Z' uid='10892549' user='NanMadol' visible='true' version='2' changeset='113512014' lat='10.3295149' lon='37.7492629' />
  <node id='3854973220' action='modify' timestamp='2026-05-14T17:21:29Z' uid='22828305' user='eyob-ka' visible='true' version='3' changeset='182662121' lat='10.32932174866' lon='37.74758682884' />
  <node id='3854973222' action='delete' timestamp='2026-05-15T10:05:04Z' uid='22828305' user='eyob-ka' visible='true' version='3' changeset='182689864' lat='10.32930239055' lon='37.74545603436' />
  <node id='3854973223' action='modify' timestamp='2021-11-08T09:00:24Z' uid='10892549' user='NanMadol' visible='true' version='2' changeset='113512014' lat='10.32905138692' lon='37.74958819325' />
  <node id='3854973224' timestamp='2021-11-08T09:00:24Z' uid='10892549' user='NanMadol' visible='true' version='2' changeset='113512014' lat='10.329719' lon='37.7491223' />
  <node id='3854973227' action='modify' timestamp='2026-05-15T10:21:54Z' uid='22828305' user='eyob-ka' visible='true' version='4' changeset='182690736' lat='10.32964422653' lon='37.74497675093' />
  <node id='3854973228' action='modify' timestamp='2021-11-08T09:00:24Z' uid='10892549' user='NanMadol' visible='true' version='2' changeset='113512014' lat='10.32894617749' lon='37.74966758773' />
  <node id='3854973229' timestamp='2026-05-14T17:21:29Z' uid='22828305' user='eyob-ka' visible='true' version='3' changeset='182662121' lat='10.3296453' lon='37.7483274' />
  <node id='3854973230' action='modify' timestamp='2026-05-15T10:05:04Z' uid='22828305' user='eyob-ka' visible='true' version='4' changeset='182689864' lat='10.32973311662' lon='37.74481709633' />
  <node id='3854973231' action='modify' timestamp='2026-05-15T10:05:04Z' uid='22828305' user='eyob-ka' visible='true' version='4' changeset='182689864' lat='10.32987461976' lon='37.74442943191' />
  <node id='3854973233' timestamp='2021-11-08T09:00:24Z' uid='10892549' user='NanMadol' visible='true' version='2' changeset='113512014' lat='10.32968' lon='37.7506058' />
  <node id='3854973234' action='modify' timestamp='2026-05-14T17:21:29Z' uid='22828305' user='eyob-ka' visible='true' version='4' changeset='182662121' lat='10.32998433557' lon='37.7489492411' />
  <node id='3854973235' action='modify' timestamp='2026-05-14T15:40:54Z' uid='24127657' user='ErmiyasGirma' visible='true' version='4' changeset='182656768' lat='10.33016854262' lon='37.74368817913' />
  <node id='3854973236' action='modify' timestamp='2020-10-09T09:04:51Z' uid='11250405' user='Tesfahun Tenagne' visible='true' version='2' changeset='92223547' lat='10.3301096257' lon='37.7491053411' />
  <node id='3854973238' action='modify' timestamp='2026-05-15T10:05:04Z' uid='22828305' user='eyob-ka' visible='true' version='4' changeset='182689864' lat='10.33039956827' lon='37.743272027' />
  <node id='3854973240' action='modify' timestamp='2021-11-08T09:00:24Z' uid='10892549' user='NanMadol' visible='true' version='2' changeset='113512014' lat='10.33068833266' lon='37.74629398221' />
  <node id='3854973241' action='modify' timestamp='2026-05-14T16:48:20Z' uid='22828305' user='eyob-ka' visible='true' version='3' changeset='182660123' lat='10.33063425174' lon='37.7496716' />
  <node id='3854973242' action='modify' timestamp='2026-05-14T15:40:54Z' uid='24127657' user='ErmiyasGirma' visible='true' version='2' changeset='182656768' lat='10.33069178757' lon='37.74581796749' />
  <node id='3854973243' action='modify' timestamp='2026-05-15T10:21:54Z' uid='22828305' user='eyob-ka' visible='true' version='3' changeset='182690736' lat='10.33074838915' lon='37.74519698037' />
  <node id='3854973244' action='modify' timestamp='2026-05-14T16:48:20Z' uid='22828305' user='eyob-ka' visible='true' version='3' changeset='182660123' lat='10.33082557109' lon='37.74708395828'>
    <tag k='highway' v='crossing' />
  </node>
  <node id='3854973245' action='modify' timestamp='2026-05-15T10:05:04Z' uid='22828305' user='eyob-ka' visible='true' version='4' changeset='182689864' lat='10.33088156976' lon='37.74472007485' />
  <node id='3854973246' action='modify' timestamp='2026-05-15T10:05:04Z' uid='22828305' user='eyob-ka' visible='true' version='4' changeset='182689864' lat='10.33087451644' lon='37.74262916749' />
  <node id='3854973250' action='modify' timestamp='2026-05-14T15:40:54Z' uid='24127657' user='ErmiyasGirma' visible='true' version='4' changeset='182656768' lat='10.33108335857' lon='37.74424110369' />
  <node id='3854973251' action='modify' timestamp='2020-10-09T09:04:51Z' uid='11250405' user='Tesfahun Tenagne' visible='true' version='2' changeset='92223547' lat='10.33115241002' lon='37.74410857179' />
  <node id='3854973252' action='modify' timestamp='2026-05-15T10:05:04Z' uid='22828305' user='eyob-ka' visible='true' version='3' changeset='182689864' lat='10.33114182597' lon='37.74232669203' />
  <node id='3854973253' action='modify' timestamp='2026-05-14T17:31:30Z' uid='24127657' user='ErmiyasGirma' visible='true' version='5' changeset='182662505' lat='10.33131085531' lon='37.74385515523' />
  <node id='3854973255' action='modify' timestamp='2026-05-15T11:12:17Z' uid='24127657' user='ErmiyasGirma' visible='true' version='6' changeset='182692839' lat='10.33141037784' lon='37.74367967302' />
  <node id='3854973256' action='modify' timestamp='2021-11-08T09:00:24Z' uid='10892549' user='NanMadol' visible='true' version='3' changeset='113512014' lat='10.33129247425' lon='37.74804667669' />
  <node id='3854973260' action='modify' timestamp='2026-05-15T11:12:17Z' uid='24127657' user='ErmiyasGirma' visible='true' version='4' changeset='182692839' lat='10.33155955488' lon='37.74196369325' />
  <node id='3854973261' action='modify' timestamp='2026-05-14T17:31:30Z' uid='24127657' user='ErmiyasGirma' visible='true' version='6' changeset='182662505' lat='10.3316971488' lon='37.7433043454' />
  <node id='3854973263' action='modify' timestamp='2026-05-14T16:48:20Z' uid='22828305' user='eyob-ka' visible='true' version='3' changeset='182660123' lat='10.33187743885' lon='37.74677786872' />
  <node id='3854973264' action='modify' timestamp='2026-05-14T16:48:20Z' uid='22828305' user='eyob-ka' visible='true' version='4' changeset='182660123' lat='10.33175113217' lon='37.7485250589' />
  <node id='3854973265' action='modify' timestamp='2026-05-14T17:31:30Z' uid='24127657' user='ErmiyasGirma' visible='true' version='5' changeset='182662505' lat='10.33204528087' lon='37.74299120308' />
  <node id='3854973268' action='modify' timestamp='2026-05-14T15:40:54Z' uid='24127657' user='ErmiyasGirma' visible='true' version='4' changeset='182656768' lat='10.33219164202' lon='37.74280810737' />
  <node id='3854973270' action='modify' timestamp='2021-11-08T09:00:24Z' uid='10892549' user='NanMadol' visible='true' version='3' changeset='113512014' lat='10.33257185807' lon='37.74145771412' />
  <node id='3854973271' timestamp='2021-11-08T09:00:24Z' uid='10892549' user='NanMadol' visible='true' version='3' changeset='113512014' lat='10.3323215' lon='37.7414975' />
  <node id='3854973272' action='modify' timestamp='2026-05-14T15:40:54Z' uid='24127657' user='ErmiyasGirma' visible='true' version='3' changeset='182656768' lat='10.33234649364' lon='37.74247116749' />
  <node id='3854973274' timestamp='2026-05-14T16:48:20Z' uid='22828305' user='eyob-ka' visible='true' version='2' changeset='182660123' lat='10.3324053' lon='37.7479025' />
  <node id='3854973276' timestamp='2021-08-19T09:10:21Z' uid='11250405' user='Tesfahun Tenagne' visible='true' version='3' changeset='109919796' lat='10.3325646' lon='37.7425032' />
  <node id='3854973277' timestamp='2021-08-19T09:10:21Z' uid='11250405' user='Tesfahun Tenagne' visible='true' version='4' changeset='109919796' lat='10.3325295' lon='37.7429386' />
  <node id='3854973279' timestamp='2020-10-17T08:58:31Z' uid='11250405' user='Tesfahun Tenagne' visible='true' version='3' changeset='92619066' lat='10.3326128' lon='37.7422817' />
  <node id='3854973280' timestamp='2021-08-19T09:10:21Z' uid='11250405' user='Tesfahun Tenagne' visible='true' version='4' changeset='109919796' lat='10.3326602' lon='37.7433777' />
  <node id='3854973281' timestamp='2020-10-09T09:04:51Z' uid='11250405' user='Tesfahun Tenagne' visible='true' version='2' changeset='92223547' lat='10.3327628' lon='37.7420467' />
  <node id='3854973285' timestamp='2021-08-19T09:10:21Z' uid='11250405' user='Tesfahun Tenagne' visible='true' version='4' changeset='109919796' lat='10.3329749' lon='37.7439575' />
  <node id='3854973292' timestamp='2021-11-08T09:00:24Z' uid='10892549' user='NanMadol' visible='true' version='3' changeset='113512014' lat='10.3331938' lon='37.7411103' />
  <node id='3854973296' timestamp='2020-10-17T08:58:31Z' uid='11250405' user='Tesfahun Tenagne' visible='true' version='3' changeset='92619066' lat='10.3334239' lon='37.7449474' />
  <node id='3854973298' timestamp='2020-10-17T08:58:31Z' uid='11250405' user='Tesfahun Tenagne' visible='true' version='3' changeset='92619066' lat='10.3335966' lon='37.745585' />
  <node id='3854973299' timestamp='2020-10-17T11:31:03Z' uid='11250405' user='Tesfahun Tenagne' visible='true' version='3' changeset='92624782' lat='10.3335386' lon='37.740306' />
  <node id='3854973301' timestamp='2021-11-08T09:00:24Z' uid='10892549' user='NanMadol' visible='true' version='3' changeset='113512014' lat='10.3337206' lon='37.7460066' />
  <node id='3854973304' timestamp='2020-10-09T09:04:51Z' uid='11250405' user='Tesfahun Tenagne' visible='true' version='2' changeset='92223547' lat='10.3338853' lon='37.7394215' />
  <node id='3854973307' timestamp='2020-10-07T09:09:15Z' uid='11250405' user='Tesfahun Tenagne' visible='true' version='2' changeset='92098091' lat='10.3342978' lon='37.7468694' />
  <node id='3854973310' timestamp='2021-08-15T14:46:06Z' uid='11250405' user='Tesfahun Tenagne' visible='true' version='4' changeset='109703624' lat='10.3345822' lon='37.7377654' />
  <node id='3854973311' timestamp='2020-10-07T09:09:15Z' uid='11250405' user='Tesfahun Tenagne' visible='true' version='2' changeset='92098091' lat='10.3345445' lon='37.7472548' />
  <node id='3854973313' timestamp='2015-11-23T18:25:55Z' uid='3245781' user='near_far' visible='true' version='1' changeset='35535961' lat='10.334988' lon='37.7474651' />
  <node id='3854973314' timestamp='2020-10-07T09:09:15Z' uid='11250405' user='Tesfahun Tenagne' visible='true' version='2' changeset='92098091' lat='10.3351391' lon='37.7489083' />
  <node id='3854973315' timestamp='2021-08-16T23:16:59Z' uid='11250405' user='Tesfahun Tenagne' visible='true' version='5' changeset='109776553' lat='10.3349052' lon='37.7369697' />
  <node id='3854973316' timestamp='2021-08-18T19:30:25Z' uid='11250405' user='Tesfahun Tenagne' visible='true' version='4' changeset='109893686' lat='10.3352125' lon='37.7385712' />
  <node id='3854973318' timestamp='2021-08-15T14:46:06Z' uid='11250405' user='Tesfahun Tenagne' visible='true' version='4' changeset='109703624' lat='10.335371' lon='37.7381588' />
  <node id='3854973319' timestamp='2021-01-15T18:57:50Z' uid='11250405' user='Tesfahun Tenagne' visible='true' version='2' changeset='97578650' lat='10.3353833' lon='37.7494988' />
  <node id='3854973321' timestamp='2021-08-15T14:46:06Z' uid='11250405' user='Tesfahun Tenagne' visible='true' version='2' changeset='109703624' lat='10.3355735' lon='37.7377259' />
  <node id='3854973323' timestamp='2021-08-16T23:16:59Z' uid='11250405' user='Tesfahun Tenagne' visible='true' version='3' changeset='109776553' lat='10.3357709' lon='37.7373066' />
  <node id='3854973324' timestamp='2021-01-15T18:57:50Z' uid='11250405' user='Tesfahun Tenagne' visible='true' version='2' changeset='97578650' lat='10.3358306' lon='37.7512089' />
  <node id='3854973325' timestamp='2015-11-23T18:25:56Z' uid='3245781' user='near_far' visible='true' version='1' changeset='35535961' lat='10.336101' lon='37.7480396' />
  <node id='3854973326' timestamp='2021-08-15T14:46:06Z' uid='11250405' user='Tesfahun Tenagne' visible='true' version='3' changeset='109703624' lat='10.3361843' lon='37.738996' />
  <node id='3854973327' timestamp='2021-08-15T14:46:06Z' uid='11250405' user='Tesfahun Tenagne' visible='true' version='3' changeset='109703624' lat='10.3363573' lon='37.7385284' />
  <node id='3854973328' timestamp='2021-01-15T18:57:50Z' uid='11250405' user='Tesfahun Tenagne' visible='true' version='2' changeset='97578650' lat='10.3363604' lon='37.7541302' />
  <node id='3854973329' timestamp='2021-08-15T14:46:06Z' uid='11250405' user='Tesfahun Tenagne' visible='true' version='3' changeset='109703624' lat='10.3365311' lon='37.738103' />
  <node id='3854973330' timestamp='2021-01-15T18:57:50Z' uid='11250405' user='Tesfahun Tenagne' visible='true' version='2' changeset='97578650' lat='10.3364536' lon='37.754457' />
  <node id='3854973331' timestamp='2021-01-15T18:57:50Z' uid='11250405' user='Tesfahun Tenagne' visible='true' version='2' changeset='97578650' lat='10.3365536' lon='37.7549735' />
  <node id='3854973332' timestamp='2021-08-15T14:46:06Z' uid='11250405' user='Tesfahun Tenagne' visible='true' version='3' changeset='109703624' lat='10.336704' lon='37.7376877' />
  <node id='3854973333' timestamp='2021-01-15T18:57:50Z' uid='11250405' user='Tesfahun Tenagne' visible='true' version='2' changeset='97578650' lat='10.3368573' lon='37.756076' />
  <node id='3854973334' timestamp='2021-01-15T18:57:50Z' uid='11250405' user='Tesfahun Tenagne' visible='true' version='2' changeset='97578650' lat='10.3372426' lon='37.7571309' />
  <node id='3854973335' timestamp='2020-10-07T12:33:34Z' uid='11250405' user='Tesfahun Tenagne' visible='true' version='3' changeset='92113117' lat='10.3365186' lon='37.7408854' />
  <node id='3854973336' timestamp='2021-01-15T18:57:50Z' uid='11250405' user='Tesfahun Tenagne' visible='true' version='2' changeset='97578650' lat='10.3377121' lon='37.7582334' />
  <node id='3854973338' timestamp='2021-01-15T18:57:50Z' uid='11250405' user='Tesfahun Tenagne' visible='true' version='2' changeset='97578650' lat='10.3387214' lon='37.7594138' />
  <node id='3854973349' timestamp='2015-11-23T18:25:56Z' uid='3245781' user='near_far' visible='true' version='1' changeset='35535961' lat='10.3418191' lon='37.7639722' />
  <node id='3854973363' timestamp='2015-11-23T18:25:56Z' uid='3245781' user='near_far' visible='true' version='1' changeset='35535961' lat='10.3427918' lon='37.7654768' />
  <node id='3854973365' timestamp='2015-11-23T18:25:56Z' uid='3245781' user='near_far' visible='true' version='1' changeset='35535961' lat='10.3432358' lon='37.766487' />
  <node id='3854973368' timestamp='2015-11-23T18:25:56Z' uid='3245781' user='near_far' visible='true' version='1' changeset='35535961' lat='10.3435107' lon='37.7679056' />
  <node id='3931558423' timestamp='2022-09-29T12:55:42Z' uid='1293386' user='Sal73x' visible='true' version='2' changeset='126779720' lat='10.3531544' lon='37.7358656' />
  <node id='3931558424' timestamp='2022-09-29T12:55:42Z' uid='1293386' user='Sal73x' visible='true' version='2' changeset='126779720' lat='10.3598802' lon='37.7351749' />
  <node id='3931558425' timestamp='2016-01-07T04:15:35Z' uid='2250543' user='gri_john' visible='true' version='1' changeset='36417133' lat='10.357011' lon='37.7345427' />
  <node id='3931558426' timestamp='2022-11-03T13:38:37Z' uid='1293386' user='Sal73x' visible='true' version='2' changeset='128439842' lat='10.3597545' lon='37.7286476' />
  <node id='3931558427' timestamp='2022-09-29T12:55:42Z' uid='1293386' user='Sal73x' visible='true' version='2' changeset='126779720' lat='10.359407' lon='37.7372142' />
  <node id='4095697599' timestamp='2020-10-07T09:36:20Z' uid='11250405' user='Tesfahun Tenagne' visible='true' version='2' changeset='92100217' lat='10.337362' lon='37.7307774' />
  <node id='4507268163' timestamp='2026-05-15T12:08:07Z' uid='24127657' user='ErmiyasGirma' visible='true' version='5' changeset='182695394' lat='10.3324187' lon='37.7429102' />
  <node id='4659657907' timestamp='2021-08-19T12:21:19Z' uid='11250405' user='Tesfahun Tenagne' visible='true' version='2' changeset='109931768' lat='10.3399822' lon='37.7268645' />
  <node id='4659657909' action='modify' timestamp='2026-05-15T06:55:13Z' uid='24127657' user='ErmiyasGirma' visible='true' version='2' changeset='182682090' lat='10.32888159057' lon='37.74378425767' />
  <node id='4659657910' action='modify' timestamp='2026-05-15T06:55:13Z' uid='24127657' user='ErmiyasGirma' visible='true' version='2' changeset='182682090' lat='10.32894019057' lon='37.74363635767' />
  <node id='4659657911' action='modify' timestamp='2026-05-15T06:55:13Z' uid='24127657' user='ErmiyasGirma' visible='true' version='2' changeset='182682090' lat='10.32884099058' lon='37.74359575767' />
  <node id='4659657912' action='modify' timestamp='2026-05-15T06:55:13Z' uid='24127657' user='ErmiyasGirma' visible='true' version='2' changeset='182682090' lat='10.32878249058' lon='37.74374375767' />
  <node id='4659657913' action='modify' timestamp='2026-05-15T10:19:00Z' uid='22828305' user='eyob-ka' visible='true' version='3' changeset='182690602' lat='10.32887959057' lon='37.74388695767' />
  <node id='4659657914' action='modify' timestamp='2026-05-15T10:19:00Z' uid='22828305' user='eyob-ka' visible='true' version='3' changeset='182690602' lat='10.32889579057' lon='37.74384605767' />
  <node id='4659657915' action='modify' timestamp='2026-05-15T10:19:00Z' uid='22828305' user='eyob-ka' visible='true' version='3' changeset='182690602' lat='10.32894319057' lon='37.74386545767' />
  <node id='4659657916' action='modify' timestamp='2026-05-15T10:19:00Z' uid='22828305' user='eyob-ka' visible='true' version='3' changeset='182690602' lat='10.32903829057' lon='37.74362515767' />
  <node id='4659657917' action='modify' timestamp='2026-05-15T10:19:00Z' uid='22828305' user='eyob-ka' visible='true' version='3' changeset='182690602' lat='10.32899079057' lon='37.74360575767' />
  <node id='4659657918' action='modify' timestamp='2026-05-15T10:19:00Z' uid='22828305' user='eyob-ka' visible='true' version='3' changeset='182690602' lat='10.32900759057' lon='37.74356345767' />
  <node id='4659657919' action='modify' timestamp='2026-05-15T10:19:00Z' uid='22828305' user='eyob-ka' visible='true' version='3' changeset='182690602' lat='10.32883909058' lon='37.74349455767' />
  <node id='4659657920' action='modify' timestamp='2026-05-15T10:19:00Z' uid='22828305' user='eyob-ka' visible='true' version='3' changeset='182690602' lat='10.32882429058' lon='37.74353195767' />
  <node id='4659657921' action='modify' timestamp='2026-05-15T10:19:00Z' uid='22828305' user='eyob-ka' visible='true' version='3' changeset='182690602' lat='10.32877649058' lon='37.74351235767' />
  <node id='4659657922' action='modify' timestamp='2026-05-15T10:19:00Z' uid='22828305' user='eyob-ka' visible='true' version='3' changeset='182690602' lat='10.32867949059' lon='37.74375765767' />
  <node id='4659657923' action='modify' timestamp='2026-05-15T10:19:00Z' uid='22828305' user='eyob-ka' visible='true' version='3' changeset='182690602' lat='10.32872729058' lon='37.74377715767' />
  <node id='4659657924' action='modify' timestamp='2026-05-15T10:19:00Z' uid='22828305' user='eyob-ka' visible='true' version='3' changeset='182690602' lat='10.32871109059' lon='37.74381805767' />
  <node id='4659657925' action='modify' timestamp='2026-05-15T06:55:13Z' uid='24127657' user='ErmiyasGirma' visible='true' version='2' changeset='182682090' lat='10.32882748063' lon='37.74466826442' />
  <node id='4659657926' action='modify' timestamp='2026-05-15T06:55:13Z' uid='24127657' user='ErmiyasGirma' visible='true' version='2' changeset='182682090' lat='10.32885898063' lon='37.74451206442' />
  <node id='4659657927' action='modify' timestamp='2026-05-15T06:55:13Z' uid='24127657' user='ErmiyasGirma' visible='true' version='2' changeset='182682090' lat='10.32875428063' lon='37.74449016442' />
  <node id='4659657928' action='modify' timestamp='2026-05-15T06:55:13Z' uid='24127657' user='ErmiyasGirma' visible='true' version='2' changeset='182682090' lat='10.32872268063' lon='37.74464646442' />
  <node id='4659657929' action='modify' timestamp='2026-05-15T10:19:00Z' uid='22828305' user='eyob-ka' visible='true' version='3' changeset='182690602' lat='10.32884348063' lon='37.74476956442' />
  <node id='4659657930' action='modify' timestamp='2026-05-15T10:19:00Z' uid='22828305' user='eyob-ka' visible='true' version='3' changeset='182690602' lat='10.32885228063' lon='37.74472636442' />
  <node id='4659657931' action='modify' timestamp='2026-05-15T10:19:00Z' uid='22828305' user='eyob-ka' visible='true' version='3' changeset='182690602' lat='10.32890228063' lon='37.74473686442' />
  <node id='4659657932' action='modify' timestamp='2026-05-15T10:19:00Z' uid='22828305' user='eyob-ka' visible='true' version='3' changeset='182690602' lat='10.32895348063' lon='37.74448316442' />
  <node id='4659657933' action='modify' timestamp='2026-05-15T10:19:00Z' uid='22828305' user='eyob-ka' visible='true' version='3' changeset='182690602' lat='10.32890348063' lon='37.74447276442' />
  <node id='4659657934' action='modify' timestamp='2026-05-15T10:19:00Z' uid='22828305' user='eyob-ka' visible='true' version='3' changeset='182690602' lat='10.32891248063' lon='37.74442806442' />
  <node id='4659657935' action='modify' timestamp='2026-05-15T10:19:00Z' uid='22828305' user='eyob-ka' visible='true' version='3' changeset='182690602' lat='10.32873458063' lon='37.74439096442' />
  <node id='4659657936' action='modify' timestamp='2026-05-15T10:19:00Z' uid='22828305' user='eyob-ka' visible='true' version='3' changeset='182690602' lat='10.32872658063' lon='37.74443036442' />
  <node id='4659657937' action='modify' timestamp='2026-05-15T10:19:00Z' uid='22828305' user='eyob-ka' visible='true' version='3' changeset='182690602' lat='10.32867608063' lon='37.74441986442' />
  <node id='4659657938' action='modify' timestamp='2026-05-15T10:19:00Z' uid='22828305' user='eyob-ka' visible='true' version='3' changeset='182690602' lat='10.32862378063' lon='37.74467886442' />
  <node id='4659657939' action='modify' timestamp='2026-05-15T10:19:00Z' uid='22828305' user='eyob-ka' visible='true' version='3' changeset='182690602' lat='10.32867438063' lon='37.74468936442' />
  <node id='4659657940' action='modify' timestamp='2026-05-15T10:19:00Z' uid='22828305' user='eyob-ka' visible='true' version='3' changeset='182690602' lat='10.32866568063' lon='37.74473246442' />
  <node id='4659657941' action='modify' timestamp='2026-05-14T16:42:49Z' uid='24127657' user='ErmiyasGirma' visible='true' version='2' changeset='182660118' lat='10.32890597069' lon='37.74541031779' />
  <node id='4659657942' action='modify' timestamp='2026-05-14T16:42:49Z' uid='24127657' user='ErmiyasGirma' visible='true' version='2' changeset='182660118' lat='10.32892507069' lon='37.74525201779' />
  <node id='4659657943' action='modify' timestamp='2026-05-14T16:42:49Z' uid='24127657' user='ErmiyasGirma' visible='true' version='2' changeset='182660118' lat='10.32881897068' lon='37.74523881779' />
  <node id='4659657944' action='modify' timestamp='2026-05-14T16:42:49Z' uid='24127657' user='ErmiyasGirma' visible='true' version='2' changeset='182660118' lat='10.32879987068' lon='37.74539711779' />
  <node id='4659657945' action='modify' timestamp='2026-05-15T10:19:00Z' uid='22828305' user='eyob-ka' visible='true' version='3' changeset='182690602' lat='10.32893660109' lon='37.74550035462' />
  <node id='4659657946' action='modify' timestamp='2026-05-15T10:19:00Z' uid='22828305' user='eyob-ka' visible='true' version='3' changeset='182690602' lat='10.32893790943' lon='37.74546363558' />
  <node id='4659657947' action='modify' timestamp='2026-05-15T10:19:00Z' uid='22828305' user='eyob-ka' visible='true' version='3' changeset='182690602' lat='10.3290052084' lon='37.74546950921' />
  <node id='4659657948' action='modify' timestamp='2026-05-15T10:19:00Z' uid='22828305' user='eyob-ka' visible='true' version='3' changeset='182690602' lat='10.32902763771' lon='37.74520397052' />
  <node id='4659657949' action='modify' timestamp='2026-05-15T10:19:00Z' uid='22828305' user='eyob-ka' visible='true' version='3' changeset='182690602' lat='10.32896900943' lon='37.74520663558' />
  <node id='4659657950' action='modify' timestamp='2026-05-15T11:51:05Z' uid='24127657' user='ErmiyasGirma' visible='true' version='4' changeset='182694584' lat='10.32897450943' lon='37.74516133558'>
    <tag k='entrance' v='yes' />
  </node>
  <node id='4659657951' action='modify' timestamp='2026-05-15T10:19:00Z' uid='22828305' user='eyob-ka' visible='true' version='3' changeset='182690602' lat='10.32879147021' lon='37.74514362082' />
  <node id='4659657952' action='modify' timestamp='2026-05-15T10:19:00Z' uid='22828305' user='eyob-ka' visible='true' version='3' changeset='182690602' lat='10.32878940942' lon='37.74517873558' />
  <node id='4659657953' action='modify' timestamp='2026-05-15T10:19:00Z' uid='22828305' user='eyob-ka' visible='true' version='3' changeset='182690602' lat='10.32872418223' lon='37.74517446622' />
  <node id='4659657954' action='modify' timestamp='2026-05-15T10:19:00Z' uid='22828305' user='eyob-ka' visible='true' version='3' changeset='182690602' lat='10.32869779478' lon='37.74544268712' />
  <node id='4659657955' action='modify' timestamp='2026-05-15T10:19:00Z' uid='22828305' user='eyob-ka' visible='true' version='3' changeset='182690602' lat='10.32875760942' lon='37.74544113558' />
  <node id='4659657956' action='modify' timestamp='2026-05-15T10:19:00Z' uid='22828305' user='eyob-ka' visible='true' version='3' changeset='182690602' lat='10.32875056967' lon='37.74549230799' />
  <node id='4659657961' action='modify' timestamp='2026-05-15T06:55:13Z' uid='24127657' user='ErmiyasGirma' visible='true' version='2' changeset='182682090' lat='10.3288389676' lon='37.74614542589' />
  <node id='4659657962' action='modify' timestamp='2026-05-15T06:55:13Z' uid='24127657' user='ErmiyasGirma' visible='true' version='2' changeset='182682090' lat='10.32883764822' lon='37.74611726269' />
  <node id='4659657963' action='modify' timestamp='2026-05-15T06:55:13Z' uid='24127657' user='ErmiyasGirma' visible='true' version='2' changeset='182682090' lat='10.32889306183' lon='37.74611726269' />
  <node id='4659657964' action='modify' timestamp='2026-05-15T06:55:13Z' uid='24127657' user='ErmiyasGirma' visible='true' version='2' changeset='182682090' lat='10.32888250686' lon='37.74584233627' />
  <node id='4659657965' action='modify' timestamp='2026-05-15T06:55:13Z' uid='24127657' user='ErmiyasGirma' visible='true' version='2' changeset='182682090' lat='10.32881389953' lon='37.74585708842' />
  <node id='4659657966' action='modify' timestamp='2026-05-15T06:55:13Z' uid='24127657' user='ErmiyasGirma' visible='true' version='2' changeset='182682090' lat='10.32881258016' lon='37.74581149086' />
  <node id='4659657967' action='modify' timestamp='2026-05-15T06:55:13Z' uid='24127657' user='ErmiyasGirma' visible='true' version='2' changeset='182682090' lat='10.32864633925' lon='37.74581551418' />
  <node id='4659657968' action='modify' timestamp='2026-05-15T06:55:13Z' uid='24127657' user='ErmiyasGirma' visible='true' version='2' changeset='182682090' lat='10.328648978' lon='37.74585842952' />
  <node id='4659657969' action='modify' timestamp='2026-05-15T06:55:13Z' uid='24127657' user='ErmiyasGirma' visible='true' version='2' changeset='182682090' lat='10.32858696748' lon='37.74585842952' />
  <node id='4659657970' action='modify' timestamp='2026-05-15T06:55:13Z' uid='24127657' user='ErmiyasGirma' visible='true' version='2' changeset='182682090' lat='10.32859728063' lon='37.74610928221' />
  <node id='4659657971' action='modify' timestamp='2026-05-15T06:55:13Z' uid='24127657' user='ErmiyasGirma' visible='true' version='2' changeset='182682090' lat='10.32866388063' lon='37.74610768221' />
  <node id='4659657972' action='modify' timestamp='2026-05-15T06:55:13Z' uid='24127657' user='ErmiyasGirma' visible='true' version='2' changeset='182682090' lat='10.32866058063' lon='37.74614588221' />
  <node id='4659657973' action='modify' timestamp='2026-05-15T06:39:43Z' uid='22828305' user='eyob-ka' visible='true' version='2' changeset='182681580' lat='10.32904723146' lon='37.74933432454' />
  <node id='4659657974' action='modify' timestamp='2026-05-15T06:39:43Z' uid='22828305' user='eyob-ka' visible='true' version='2' changeset='182681580' lat='10.32896423144' lon='37.74919902454' />
  <node id='4659657975' action='modify' timestamp='2026-05-15T06:39:43Z' uid='22828305' user='eyob-ka' visible='true' version='2' changeset='182681580' lat='10.32887353142' lon='37.74925652454' />
  <node id='4659657976' action='modify' timestamp='2026-05-15T06:39:43Z' uid='22828305' user='eyob-ka' visible='true' version='2' changeset='182681580' lat='10.32895653144' lon='37.74939182454' />
  <node id='4659657977' action='modify' timestamp='2026-05-15T10:19:00Z' uid='22828305' user='eyob-ka' visible='true' version='3' changeset='182690602' lat='10.32913680266' lon='37.74939060122' />
  <node id='4659657978' action='modify' timestamp='2026-05-15T10:19:00Z' uid='22828305' user='eyob-ka' visible='true' version='3' changeset='182690602' lat='10.32911170266' lon='37.74935280122' />
  <node id='4659657979' action='modify' timestamp='2026-05-15T10:19:00Z' uid='22828305' user='eyob-ka' visible='true' version='3' changeset='182690602' lat='10.32916760267' lon='37.74931440122' />
  <node id='4659657980' action='modify' timestamp='2026-05-15T10:19:00Z' uid='22828305' user='eyob-ka' visible='true' version='3' changeset='182690602' lat='10.32902350265' lon='37.74909740122' />
  <node id='4659657981' action='modify' timestamp='2026-05-15T11:02:30Z' uid='22828305' user='eyob-ka' visible='true' version='4' changeset='182692386' lat='10.32897540264' lon='37.74913040122'>
    <tag k='entrance' v='yes' />
  </node>
  <node id='4659657982' action='modify' timestamp='2026-05-15T10:19:00Z' uid='22828305' user='eyob-ka' visible='true' version='3' changeset='182690602' lat='10.32894910264' lon='37.74909090122' />
  <node id='4659657983' action='modify' timestamp='2026-05-15T10:19:00Z' uid='22828305' user='eyob-ka' visible='true' version='3' changeset='182690602' lat='10.32880090261' lon='37.74919250122' />
  <node id='4659657984' action='modify' timestamp='2026-05-15T10:19:00Z' uid='22828305' user='eyob-ka' visible='true' version='3' changeset='182690602' lat='10.32882380262' lon='37.74922700122' />
  <node id='4659657985' action='modify' timestamp='2026-05-15T10:19:00Z' uid='22828305' user='eyob-ka' visible='true' version='3' changeset='182690602' lat='10.32877210261' lon='37.74926240122' />
  <node id='4659657986' action='modify' timestamp='2026-05-15T10:19:00Z' uid='22828305' user='eyob-ka' visible='true' version='3' changeset='182690602' lat='10.32892180263' lon='37.74948800122' />
  <node id='4659657987' action='modify' timestamp='2026-05-15T10:19:00Z' uid='22828305' user='eyob-ka' visible='true' version='3' changeset='182690602' lat='10.32896920264' lon='37.74945550122' />
  <node id='4659657988' action='modify' timestamp='2026-05-15T10:19:00Z' uid='22828305' user='eyob-ka' visible='true' version='3' changeset='182690602' lat='10.32899210264' lon='37.74948990122' />
  <node id='4659658089' action='modify' timestamp='2026-05-15T06:39:43Z' uid='22828305' user='eyob-ka' visible='true' version='2' changeset='182681580' lat='10.32935184459' lon='37.74980339448' />
  <node id='4659658090' action='modify' timestamp='2026-05-15T06:39:43Z' uid='22828305' user='eyob-ka' visible='true' version='2' changeset='182681580' lat='10.32926884457' lon='37.74966809448' />
  <node id='4659658091' action='modify' timestamp='2026-05-15T06:39:43Z' uid='22828305' user='eyob-ka' visible='true' version='2' changeset='182681580' lat='10.32917814456' lon='37.74972559448' />
  <node id='4659658092' action='modify' timestamp='2026-05-15T06:39:43Z' uid='22828305' user='eyob-ka' visible='true' version='2' changeset='182681580' lat='10.32926114457' lon='37.74986089448' />
  <node id='4659658093' action='modify' timestamp='2026-05-15T10:19:00Z' uid='22828305' user='eyob-ka' visible='true' version='3' changeset='182690602' lat='10.32943884145' lon='37.74985888895' />
  <node id='4659658094' action='modify' timestamp='2026-05-15T10:19:00Z' uid='22828305' user='eyob-ka' visible='true' version='3' changeset='182690602' lat='10.32941594144' lon='37.74982148895' />
  <node id='4659658095' action='modify' timestamp='2026-05-15T10:19:00Z' uid='22828305' user='eyob-ka' visible='true' version='3' changeset='182690602' lat='10.32945924145' lon='37.74979408895' />
  <node id='4659658096' action='modify' timestamp='2026-05-15T10:19:00Z' uid='22828305' user='eyob-ka' visible='true' version='3' changeset='182690602' lat='10.32932444143' lon='37.74957428895' />
  <node id='4659658097' action='modify' timestamp='2026-05-15T10:19:00Z' uid='22828305' user='eyob-ka' visible='true' version='3' changeset='182690602' lat='10.32928104143' lon='37.74960178895' />
  <node id='4659658098' action='modify' timestamp='2026-05-15T11:02:30Z' uid='22828305' user='eyob-ka' visible='true' version='4' changeset='182692386' lat='10.32925734142' lon='37.74956308895'>
    <tag k='entrance' v='yes' />
  </node>
  <node id='4659658099' action='modify' timestamp='2026-05-15T10:19:00Z' uid='22828305' user='eyob-ka' visible='true' version='3' changeset='182690602' lat='10.3291032414' lon='37.74966078895' />
  <node id='4659658100' action='modify' timestamp='2026-05-15T10:19:00Z' uid='22828305' user='eyob-ka' visible='true' version='3' changeset='182690602' lat='10.3291241414' lon='37.74969488895' />
  <node id='4659658101' action='modify' timestamp='2026-05-15T10:19:00Z' uid='22828305' user='eyob-ka' visible='true' version='3' changeset='182690602' lat='10.3290804414' lon='37.74972258895' />
  <node id='4659658102' action='modify' timestamp='2026-05-15T10:19:00Z' uid='22828305' user='eyob-ka' visible='true' version='3' changeset='182690602' lat='10.32921804142' lon='37.74994698895' />
  <node id='4659658103' action='modify' timestamp='2026-05-15T10:19:00Z' uid='22828305' user='eyob-ka' visible='true' version='3' changeset='182690602' lat='10.32926184142' lon='37.74991918895' />
  <node id='4659658104' action='modify' timestamp='2026-05-15T10:19:00Z' uid='22828305' user='eyob-ka' visible='true' version='3' changeset='182690602' lat='10.32928474143' lon='37.74995658895' />
  <node id='4659658105' action='modify' timestamp='2026-05-14T16:48:20Z' uid='22828305' user='eyob-ka' visible='true' version='2' changeset='182660123' lat='10.32992590595' lon='37.74940828895' />
  <node id='4659658106' action='modify' timestamp='2026-05-14T16:48:20Z' uid='22828305' user='eyob-ka' visible='true' version='2' changeset='182660123' lat='10.32984290593' lon='37.74927298895' />
  <node id='4659658107' action='modify' timestamp='2026-05-14T16:48:20Z' uid='22828305' user='eyob-ka' visible='true' version='2' changeset='182660123' lat='10.32975220592' lon='37.74933048895' />
  <node id='4659658108' action='modify' timestamp='2026-05-14T16:48:20Z' uid='22828305' user='eyob-ka' visible='true' version='2' changeset='182660123' lat='10.32983520593' lon='37.74946578895' />
  <node id='4659658109' action='modify' timestamp='2026-05-15T10:19:00Z' uid='22828305' user='eyob-ka' visible='true' version='3' changeset='182690602' lat='10.33000630596' lon='37.74946512454' />
  <node id='4659658110' action='modify' timestamp='2026-05-15T10:19:00Z' uid='22828305' user='eyob-ka' visible='true' version='3' changeset='182690602' lat='10.32998340596' lon='37.74942772454' />
  <node id='4659658111' action='modify' timestamp='2026-05-15T10:19:00Z' uid='22828305' user='eyob-ka' visible='true' version='3' changeset='182690602' lat='10.33002660597' lon='37.74940032454' />
  <node id='4659658112' action='modify' timestamp='2026-05-15T10:19:00Z' uid='22828305' user='eyob-ka' visible='true' version='3' changeset='182690602' lat='10.32989180594' lon='37.74918052454' />
  <node id='4659658113' action='modify' timestamp='2026-05-15T10:19:00Z' uid='22828305' user='eyob-ka' visible='true' version='3' changeset='182690602' lat='10.32984850593' lon='37.74920802454' />
  <node id='4659658114' action='modify' timestamp='2026-05-15T11:02:30Z' uid='22828305' user='eyob-ka' visible='true' version='4' changeset='182692386' lat='10.32982480593' lon='37.74916932454'>
    <tag k='entrance' v='yes' />
  </node>
  <node id='4659658115' action='modify' timestamp='2026-05-15T10:19:00Z' uid='22828305' user='eyob-ka' visible='true' version='3' changeset='182690602' lat='10.3296707059' lon='37.74926702454' />
  <node id='4659658116' action='modify' timestamp='2026-05-15T10:19:00Z' uid='22828305' user='eyob-ka' visible='true' version='3' changeset='182690602' lat='10.32969170591' lon='37.74930112454' />
  <node id='4659658117' action='modify' timestamp='2026-05-15T10:19:00Z' uid='22828305' user='eyob-ka' visible='true' version='3' changeset='182690602' lat='10.3296478059' lon='37.74932892454' />
  <node id='4659658118' action='modify' timestamp='2026-05-15T10:19:00Z' uid='22828305' user='eyob-ka' visible='true' version='3' changeset='182690602' lat='10.32978550592' lon='37.74955312454' />
  <node id='4659658119' action='modify' timestamp='2026-05-15T10:19:00Z' uid='22828305' user='eyob-ka' visible='true' version='3' changeset='182690602' lat='10.32982920593' lon='37.74952542454' />
  <node id='4659658120' action='modify' timestamp='2026-05-15T10:19:00Z' uid='22828305' user='eyob-ka' visible='true' version='3' changeset='182690602' lat='10.32985220594' lon='37.74956292454' />
  <node id='4659658121' action='modify' timestamp='2026-05-14T16:48:20Z' uid='22828305' user='eyob-ka' visible='true' version='2' changeset='182660123' lat='10.32992176721' lon='37.74991092454' />
  <node id='4659658122' action='modify' timestamp='2026-05-14T16:48:20Z' uid='22828305' user='eyob-ka' visible='true' version='2' changeset='182660123' lat='10.32980856719' lon='37.75002122454' />
  <node id='4659658123' action='modify' timestamp='2026-05-14T16:48:20Z' uid='22828305' user='eyob-ka' visible='true' version='2' changeset='182660123' lat='10.32988246721' lon='37.75009972454' />
  <node id='4659658124' action='modify' timestamp='2026-05-14T16:48:20Z' uid='22828305' user='eyob-ka' visible='true' version='2' changeset='182660123' lat='10.32999576723' lon='37.74998942454' />
  <node id='4659658125' action='modify' timestamp='2026-05-14T16:48:20Z' uid='22828305' user='eyob-ka' visible='true' version='2' changeset='182660123' lat='10.32995461228' lon='37.74980883681' />
  <node id='4659658126' action='modify' timestamp='2026-05-14T16:48:20Z' uid='22828305' user='eyob-ka' visible='true' version='2' changeset='182660123' lat='10.32992331228' lon='37.74983933681' />
  <node id='4659658127' action='modify' timestamp='2026-05-14T16:48:20Z' uid='22828305' user='eyob-ka' visible='true' version='2' changeset='182660123' lat='10.32988801227' lon='37.74980183681' />
  <node id='4659658128' action='modify' timestamp='2026-05-14T16:48:20Z' uid='22828305' user='eyob-ka' visible='true' version='2' changeset='182660123' lat='10.32970411223' lon='37.74998103681' />
  <node id='4659658129' action='modify' timestamp='2026-05-15T11:40:15Z' uid='22828305' user='eyob-ka' visible='true' version='3' changeset='182694076' lat='10.32973941224' lon='37.75001853681'>
    <tag k='entrance' v='yes' />
  </node>
  <node id='4659658130' action='modify' timestamp='2026-05-14T16:48:20Z' uid='22828305' user='eyob-ka' visible='true' version='2' changeset='182660123' lat='10.32970701223' lon='37.75005003681' />
  <node id='4659658131' action='modify' timestamp='2026-05-14T16:48:20Z' uid='22828305' user='eyob-ka' visible='true' version='2' changeset='182660123' lat='10.32983261226' lon='37.75018333681' />
  <node id='4659658132' action='modify' timestamp='2026-05-14T16:48:20Z' uid='22828305' user='eyob-ka' visible='true' version='2' changeset='182660123' lat='10.32986121226' lon='37.75015543681' />
  <node id='4659658133' action='modify' timestamp='2026-05-15T06:39:43Z' uid='22828305' user='eyob-ka' visible='true' version='3' changeset='182681580' lat='10.32990571227' lon='37.75020943681' />
  <node id='4659658134' action='modify' timestamp='2026-05-15T06:39:43Z' uid='22828305' user='eyob-ka' visible='true' version='3' changeset='182681580' lat='10.33008921231' lon='37.75001743681' />
  <node id='4659658135' action='modify' timestamp='2026-05-14T16:48:20Z' uid='22828305' user='eyob-ka' visible='true' version='2' changeset='182660123' lat='10.3300490123' lon='37.74997263681' />
  <node id='4659658136' action='modify' timestamp='2026-05-14T16:48:20Z' uid='22828305' user='eyob-ka' visible='true' version='2' changeset='182660123' lat='10.33008021231' lon='37.74994213681' />
  <node id='4659658137' timestamp='2026-05-15T06:39:43Z' uid='22828305' user='eyob-ka' visible='true' version='2' changeset='182681580' lat='10.3284758' lon='37.7472808' />
  <node id='4659658138' timestamp='2026-05-15T06:39:43Z' uid='22828305' user='eyob-ka' visible='true' version='2' changeset='182681580' lat='10.328327' lon='37.7473313' />
  <node id='4659658139' timestamp='2026-05-15T06:39:43Z' uid='22828305' user='eyob-ka' visible='true' version='2' changeset='182681580' lat='10.3283609' lon='37.7474343' />
  <node id='4659658140' timestamp='2026-05-15T06:39:43Z' uid='22828305' user='eyob-ka' visible='true' version='2' changeset='182681580' lat='10.3285097' lon='37.7473838' />
  <node id='4659658141' timestamp='2026-05-15T06:39:43Z' uid='22828305' user='eyob-ka' visible='true' version='2' changeset='182681580' lat='10.3285541' lon='37.7472158' />
  <node id='4659658142' timestamp='2026-05-15T06:39:43Z' uid='22828305' user='eyob-ka' visible='true' version='2' changeset='182681580' lat='10.328513' lon='37.7472298' />
  <node id='4659658143' timestamp='2026-05-15T06:39:43Z' uid='22828305' user='eyob-ka' visible='true' version='2' changeset='182681580' lat='10.3284968' lon='37.7471806' />
  <node id='4659658144' timestamp='2026-05-15T06:39:43Z' uid='22828305' user='eyob-ka' visible='true' version='2' changeset='182681580' lat='10.3282551' lon='37.7472626' />
  <node id='4659658145' timestamp='2026-05-15T06:39:43Z' uid='22828305' user='eyob-ka' visible='true' version='2' changeset='182681580' lat='10.3282713' lon='37.7473118' />
  <node id='4659658146' timestamp='2026-05-15T06:39:43Z' uid='22828305' user='eyob-ka' visible='true' version='2' changeset='182681580' lat='10.3282287' lon='37.7473263' />
  <node id='4659658147' timestamp='2026-05-15T06:39:43Z' uid='22828305' user='eyob-ka' visible='true' version='2' changeset='182681580' lat='10.3282863' lon='37.7475014' />
  <node id='4659658148' timestamp='2026-05-15T06:39:43Z' uid='22828305' user='eyob-ka' visible='true' version='2' changeset='182681580' lat='10.3283238' lon='37.7474886' />
  <node id='4659658149' timestamp='2026-05-15T06:39:43Z' uid='22828305' user='eyob-ka' visible='true' version='2' changeset='182681580' lat='10.3283401' lon='37.7475384' />
  <node id='4659658150' timestamp='2026-05-15T06:39:43Z' uid='22828305' user='eyob-ka' visible='true' version='2' changeset='182681580' lat='10.3285868' lon='37.7474546' />
  <node id='4659658151' timestamp='2026-05-15T06:39:43Z' uid='22828305' user='eyob-ka' visible='true' version='2' changeset='182681580' lat='10.3285705' lon='37.7474049' />
  <node id='4659658152' action='modify' timestamp='2026-05-15T11:02:30Z' uid='22828305' user='eyob-ka' visible='true' version='3' changeset='182692386' lat='10.32860632251' lon='37.7473922411'>
    <tag k='entrance' v='yes' />
  </node>
  <node id='4659658153' timestamp='2026-05-15T06:39:43Z' uid='22828305' user='eyob-ka' visible='true' version='2' changeset='182681580' lat='10.3292333' lon='37.7480667' />
  <node id='4659658154' timestamp='2026-05-15T06:39:43Z' uid='22828305' user='eyob-ka' visible='true' version='2' changeset='182681580' lat='10.3290844' lon='37.7481173' />
  <node id='4659658155' timestamp='2026-05-15T06:39:43Z' uid='22828305' user='eyob-ka' visible='true' version='2' changeset='182681580' lat='10.3291183' lon='37.7482203' />
  <node id='4659658156' timestamp='2026-05-15T06:39:43Z' uid='22828305' user='eyob-ka' visible='true' version='2' changeset='182681580' lat='10.3292671' lon='37.7481698' />
  <node id='4659658157' action='modify' timestamp='2026-05-15T06:39:43Z' uid='22828305' user='eyob-ka' visible='true' version='2' changeset='182681580' lat='10.32929698693' lon='37.74800716442' />
  <node id='4659658158' action='modify' timestamp='2026-05-15T06:39:43Z' uid='22828305' user='eyob-ka' visible='true' version='2' changeset='182681580' lat='10.32925588693' lon='37.74802116442' />
  <node id='4659658159' action='modify' timestamp='2026-05-15T06:39:43Z' uid='22828305' user='eyob-ka' visible='true' version='2' changeset='182681580' lat='10.32923968693' lon='37.74797186442' />
  <node id='4659658160' action='modify' timestamp='2026-05-15T06:39:43Z' uid='22828305' user='eyob-ka' visible='true' version='2' changeset='182681580' lat='10.32899798692' lon='37.74805396442' />
  <node id='4659658161' action='modify' timestamp='2026-05-15T11:02:30Z' uid='22828305' user='eyob-ka' visible='true' version='3' changeset='182692386' lat='10.32901418692' lon='37.74810316442'>
    <tag k='entrance' v='yes' />
  </node>
  <node id='4659658162' action='modify' timestamp='2026-05-15T06:39:43Z' uid='22828305' user='eyob-ka' visible='true' version='2' changeset='182681580' lat='10.32897168692' lon='37.74811766442' />
  <node id='4659658163' action='modify' timestamp='2026-05-15T06:39:43Z' uid='22828305' user='eyob-ka' visible='true' version='2' changeset='182681580' lat='10.32902918692' lon='37.74829266442' />
  <node id='4659658164' action='modify' timestamp='2026-05-15T06:39:43Z' uid='22828305' user='eyob-ka' visible='true' version='2' changeset='182681580' lat='10.32906668692' lon='37.74827996442' />
  <node id='4659658165' action='modify' timestamp='2026-05-15T06:39:43Z' uid='22828305' user='eyob-ka' visible='true' version='2' changeset='182681580' lat='10.32908308692' lon='37.74832966442' />
  <node id='4659658166' action='modify' timestamp='2026-05-15T06:39:43Z' uid='22828305' user='eyob-ka' visible='true' version='2' changeset='182681580' lat='10.32932978693' lon='37.74824596442' />
  <node id='4659658167' action='modify' timestamp='2026-05-15T06:39:43Z' uid='22828305' user='eyob-ka' visible='true' version='2' changeset='182681580' lat='10.32931338693' lon='37.74819626442' />
  <node id='4659658168' action='modify' timestamp='2026-05-15T06:39:43Z' uid='22828305' user='eyob-ka' visible='true' version='2' changeset='182681580' lat='10.32935448693' lon='37.74818226442' />
  <node id='4659658169' action='modify' timestamp='2026-05-15T06:39:43Z' uid='22828305' user='eyob-ka' visible='true' version='2' changeset='182681580' lat='10.32862642565' lon='37.74825244663' />
  <node id='4659658170' action='modify' timestamp='2026-05-15T06:39:43Z' uid='22828305' user='eyob-ka' visible='true' version='2' changeset='182681580' lat='10.32867082565' lon='37.74840544663' />
  <node id='4659658171' action='modify' timestamp='2026-05-15T06:39:43Z' uid='22828305' user='eyob-ka' visible='true' version='2' changeset='182681580' lat='10.32877332565' lon='37.74837464663' />
  <node id='4659658172' action='modify' timestamp='2026-05-15T06:39:43Z' uid='22828305' user='eyob-ka' visible='true' version='2' changeset='182681580' lat='10.32872892565' lon='37.74822164663' />
  <node id='4659658173' action='modify' timestamp='2026-05-15T06:39:43Z' uid='22828305' user='eyob-ka' visible='true' version='2' changeset='182681580' lat='10.32857456125' lon='37.74818147546' />
  <node id='4659658174' action='modify' timestamp='2026-05-15T06:39:43Z' uid='22828305' user='eyob-ka' visible='true' version='2' changeset='182681580' lat='10.32858686125' lon='37.74822367546' />
  <node id='4659658175' action='modify' timestamp='2026-05-15T06:39:43Z' uid='22828305' user='eyob-ka' visible='true' version='2' changeset='182681580' lat='10.32853786125' lon='37.74823837546' />
  <node id='4659658176' action='modify' timestamp='2026-05-15T06:39:43Z' uid='22828305' user='eyob-ka' visible='true' version='2' changeset='182681580' lat='10.32861006125' lon='37.74848677546' />
  <node id='4659658177' action='modify' timestamp='2026-05-15T06:39:43Z' uid='22828305' user='eyob-ka' visible='true' version='2' changeset='182681580' lat='10.32865906125' lon='37.74847207546' />
  <node id='4659658178' action='modify' timestamp='2026-05-15T06:39:43Z' uid='22828305' user='eyob-ka' visible='true' version='2' changeset='182681580' lat='10.32867176126' lon='37.74851577546' />
  <node id='4659658179' action='modify' timestamp='2026-05-15T06:39:43Z' uid='22828305' user='eyob-ka' visible='true' version='2' changeset='182681580' lat='10.32884586126' lon='37.74846347546' />
  <node id='4659658180' action='modify' timestamp='2026-05-15T06:39:43Z' uid='22828305' user='eyob-ka' visible='true' version='2' changeset='182681580' lat='10.32883466126' lon='37.74842487546' />
  <node id='4659658181' action='modify' timestamp='2026-05-15T06:39:43Z' uid='22828305' user='eyob-ka' visible='true' version='2' changeset='182681580' lat='10.32888416126' lon='37.74841007546' />
  <node id='4659658182' action='modify' timestamp='2026-05-15T06:39:43Z' uid='22828305' user='eyob-ka' visible='true' version='2' changeset='182681580' lat='10.32881046126' lon='37.74815657546' />
  <node id='4659658183' action='modify' timestamp='2026-05-15T11:40:15Z' uid='22828305' user='eyob-ka' visible='true' version='3' changeset='182694076' lat='10.32876096126' lon='37.74817137546'>
    <tag k='entrance' v='yes' />
  </node>
  <node id='4659658184' action='modify' timestamp='2026-05-15T06:39:43Z' uid='22828305' user='eyob-ka' visible='true' version='2' changeset='182681580' lat='10.32874866126' lon='37.74812917546' />
  <node id='4659658185' timestamp='2026-05-15T06:39:43Z' uid='22828305' user='eyob-ka' visible='true' version='2' changeset='182681580' lat='10.3288046' lon='37.7471162' />
  <node id='4659658186' timestamp='2026-05-15T06:39:43Z' uid='22828305' user='eyob-ka' visible='true' version='2' changeset='182681580' lat='10.328849' lon='37.7472692' />
  <node id='4659658187' timestamp='2026-05-15T06:39:43Z' uid='22828305' user='eyob-ka' visible='true' version='2' changeset='182681580' lat='10.3289515' lon='37.7472384' />
  <node id='4659658188' timestamp='2026-05-15T06:39:43Z' uid='22828305' user='eyob-ka' visible='true' version='2' changeset='182681580' lat='10.3289071' lon='37.7470854' />
  <node id='4659658189' action='modify' timestamp='2026-05-15T06:39:43Z' uid='22828305' user='eyob-ka' visible='true' version='2' changeset='182681580' lat='10.32869756439' lon='37.74710481105' />
  <node id='4659658190' action='modify' timestamp='2026-05-15T11:40:15Z' uid='22828305' user='eyob-ka' visible='true' version='3' changeset='182694076' lat='10.3287697644' lon='37.74735321105'>
    <tag k='entrance' v='yes' />
  </node>
  <node id='4659658191' action='modify' timestamp='2026-05-15T06:39:43Z' uid='22828305' user='eyob-ka' visible='true' version='2' changeset='182681580' lat='10.3288187644' lon='37.74733851105' />
  <node id='4659658192' action='modify' timestamp='2026-05-15T06:39:43Z' uid='22828305' user='eyob-ka' visible='true' version='2' changeset='182681580' lat='10.32874656439' lon='37.74709011105' />
  <node id='4659658193' action='modify' timestamp='2026-05-15T06:39:43Z' uid='22828305' user='eyob-ka' visible='true' version='2' changeset='182681580' lat='10.3290438644' lon='37.74727651105' />
  <node id='4659658194' action='modify' timestamp='2026-05-15T06:39:43Z' uid='22828305' user='eyob-ka' visible='true' version='2' changeset='182681580' lat='10.3289701644' lon='37.74702301105' />
  <node id='4659658195' action='modify' timestamp='2026-05-15T06:39:43Z' uid='22828305' user='eyob-ka' visible='true' version='2' changeset='182681580' lat='10.3289943644' lon='37.74729141105' />
  <node id='4659658196' action='modify' timestamp='2026-05-15T11:02:30Z' uid='22828305' user='eyob-ka' visible='true' version='3' changeset='182692386' lat='10.3289206644' lon='37.74703781105'>
    <tag k='entrance' v='yes' />
  </node>
  <node id='4659658197' action='modify' timestamp='2026-05-15T06:39:43Z' uid='22828305' user='eyob-ka' visible='true' version='2' changeset='182681580' lat='10.3290055644' lon='37.74732991105' />
  <node id='4659658198' action='modify' timestamp='2026-05-15T06:39:43Z' uid='22828305' user='eyob-ka' visible='true' version='2' changeset='182681580' lat='10.3288314644' lon='37.74738221105' />
  <node id='4659658199' action='modify' timestamp='2026-05-15T06:39:43Z' uid='22828305' user='eyob-ka' visible='true' version='2' changeset='182681580' lat='10.32873426439' lon='37.74704791105' />
  <node id='4659658200' action='modify' timestamp='2026-05-15T06:39:43Z' uid='22828305' user='eyob-ka' visible='true' version='2' changeset='182681580' lat='10.3289083644' lon='37.74699561105' />
  <node id='4659664818' action='modify' timestamp='2026-05-15T10:19:00Z' uid='22828305' user='eyob-ka' visible='true' version='3' changeset='182690602' lat='10.33067211272' lon='37.74687127669' />
  <node id='4659664819' action='modify' timestamp='2026-05-15T10:19:00Z' uid='22828305' user='eyob-ka' visible='true' version='3' changeset='182690602' lat='10.33058881271' lon='37.74689857669' />
  <node id='4659664820' action='modify' timestamp='2026-05-15T10:19:00Z' uid='22828305' user='eyob-ka' visible='true' version='3' changeset='182690602' lat='10.3304514127' lon='37.74703067669' />
  <node id='4659664821' action='modify' timestamp='2026-05-15T10:19:00Z' uid='22828305' user='eyob-ka' visible='true' version='3' changeset='182690602' lat='10.3304363127' lon='37.74698307669' />
  <node id='4659664822' action='modify' timestamp='2026-05-15T10:19:00Z' uid='22828305' user='eyob-ka' visible='true' version='3' changeset='182690602' lat='10.33069711272' lon='37.74695007669' />
  <node id='4659664823' action='modify' timestamp='2026-05-15T10:19:00Z' uid='22828305' user='eyob-ka' visible='true' version='3' changeset='182690602' lat='10.3303902127' lon='37.74699817669' />
  <node id='4659664824' action='modify' timestamp='2026-05-15T10:19:00Z' uid='22828305' user='eyob-ka' visible='true' version='3' changeset='182690602' lat='10.33036271269' lon='37.74691177669' />
  <node id='4659664825' action='modify' timestamp='2026-05-15T10:19:00Z' uid='22828305' user='eyob-ka' visible='true' version='3' changeset='182690602' lat='10.33057121271' lon='37.74684337669' />
  <node id='4659664826' action='modify' timestamp='2026-05-15T10:19:00Z' uid='22828305' user='eyob-ka' visible='true' version='3' changeset='182690602' lat='10.33012578345' lon='37.74718638343' />
  <node id='4659664827' action='modify' timestamp='2026-05-15T10:19:00Z' uid='22828305' user='eyob-ka' visible='true' version='3' changeset='182690602' lat='10.33009928344' lon='37.74719578343' />
  <node id='4659664828' action='modify' timestamp='2026-05-15T10:19:00Z' uid='22828305' user='eyob-ka' visible='true' version='3' changeset='182690602' lat='10.32959574505' lon='37.74721054663' />
  <node id='4659664829' action='modify' timestamp='2026-05-15T10:19:00Z' uid='22828305' user='eyob-ka' visible='true' version='3' changeset='182690602' lat='10.32945384505' lon='37.74725384663' />
  <node id='4659664830' action='modify' timestamp='2026-05-15T10:19:00Z' uid='22828305' user='eyob-ka' visible='true' version='3' changeset='182690602' lat='10.32946784505' lon='37.74730134663' />
  <node id='4659664831' action='modify' timestamp='2026-05-15T10:19:00Z' uid='22828305' user='eyob-ka' visible='true' version='3' changeset='182690602' lat='10.32960974505' lon='37.74725804663' />
  <node id='4659664832' action='modify' timestamp='2026-05-15T10:19:00Z' uid='22828305' user='eyob-ka' visible='true' version='3' changeset='182690602' lat='10.32926154504' lon='37.74681411657' />
  <node id='4659664833' action='modify' timestamp='2026-05-15T10:19:00Z' uid='22828305' user='eyob-ka' visible='true' version='3' changeset='182690602' lat='10.32930852567' lon='37.74681123436' />
  <node id='4659664834' action='modify' timestamp='2026-05-15T10:19:00Z' uid='22828305' user='eyob-ka' visible='true' version='3' changeset='182690602' lat='10.32925728693' lon='37.74674022331' />
  <node id='4659664835' action='modify' timestamp='2026-05-15T10:19:00Z' uid='22828305' user='eyob-ka' visible='true' version='3' changeset='182690602' lat='10.32931146441' lon='37.7468462' />
  <node id='4659664836' action='modify' timestamp='2026-05-15T10:19:00Z' uid='22828305' user='eyob-ka' visible='true' version='3' changeset='182690602' lat='10.32930219008' lon='37.74674528773' />
  <node id='4659664838' action='modify' timestamp='2026-05-15T06:39:43Z' uid='22828305' user='eyob-ka' visible='true' version='2' changeset='182681580' lat='10.32976745454' lon='37.74645377669' />
  <node id='4659664839' action='modify' timestamp='2026-05-15T06:39:43Z' uid='22828305' user='eyob-ka' visible='true' version='2' changeset='182681580' lat='10.32977335454' lon='37.74654107669' />
  <node id='4659664840' action='modify' timestamp='2026-05-15T06:39:43Z' uid='22828305' user='eyob-ka' visible='true' version='2' changeset='182681580' lat='10.32985035455' lon='37.74653577669' />
  <node id='4659664841' action='modify' timestamp='2026-05-15T06:39:43Z' uid='22828305' user='eyob-ka' visible='true' version='2' changeset='182681580' lat='10.32984455455' lon='37.74644847669' />
  <node id='4659664842' action='modify' timestamp='2026-05-15T10:19:00Z' uid='22828305' user='eyob-ka' visible='true' version='3' changeset='182690602' lat='10.32972370632' lon='37.7466162' />
  <node id='4659664843' action='modify' timestamp='2026-05-15T10:19:00Z' uid='22828305' user='eyob-ka' visible='true' version='3' changeset='182690602' lat='10.32993500633' lon='37.7466017' />
  <node id='4659664844' action='modify' timestamp='2026-05-15T10:19:00Z' uid='22828305' user='eyob-ka' visible='true' version='3' changeset='182690602' lat='10.32971650632' lon='37.7465076' />
  <node id='4659664845' action='modify' timestamp='2026-05-15T10:19:00Z' uid='22828305' user='eyob-ka' visible='true' version='3' changeset='182690602' lat='10.32992780633' lon='37.7464931' />
  <node id='4659664846' action='modify' timestamp='2026-05-15T10:19:00Z' uid='22828305' user='eyob-ka' visible='true' version='3' changeset='182690602' lat='10.32998740633' lon='37.746489' />
  <node id='4659664847' action='modify' timestamp='2026-05-15T10:19:00Z' uid='22828305' user='eyob-ka' visible='true' version='3' changeset='182690602' lat='10.32963650632' lon='37.7465131' />
  <node id='4659664848' action='modify' timestamp='2026-05-15T10:19:00Z' uid='22828305' user='eyob-ka' visible='true' version='3' changeset='182690602' lat='10.32961900632' lon='37.7462501' />
  <node id='4659664849' action='modify' timestamp='2026-05-15T10:19:00Z' uid='22828305' user='eyob-ka' visible='true' version='3' changeset='182690602' lat='10.32996990633' lon='37.7462259' />
  <node id='4659664850' timestamp='2026-05-15T10:19:00Z' uid='22828305' user='eyob-ka' visible='true' version='3' changeset='182690602' lat='10.3293237' lon='37.7465587' />
  <node id='4659664851' timestamp='2026-05-15T10:19:00Z' uid='22828305' user='eyob-ka' visible='true' version='3' changeset='182690602' lat='10.3292894' lon='37.7461081' />
  <node id='4659664852' timestamp='2026-05-15T10:19:00Z' uid='22828305' user='eyob-ka' visible='true' version='3' changeset='182690602' lat='10.3295682' lon='37.7460861' />
  <node id='4659664853' timestamp='2026-05-15T10:19:00Z' uid='22828305' user='eyob-ka' visible='true' version='3' changeset='182690602' lat='10.3296025' lon='37.7465368' />
  <node id='4659664854' action='modify' timestamp='2026-05-15T10:19:00Z' uid='22828305' user='eyob-ka' visible='true' version='3' changeset='182690602' lat='10.32955369957' lon='37.7468448' />
  <node id='4659664856' action='modify' timestamp='2026-05-15T10:19:00Z' uid='22828305' user='eyob-ka' visible='true' version='3' changeset='182690602' lat='10.32930472882' lon='37.74670531779' />
  <node id='4659664857' action='modify' timestamp='2026-05-15T10:19:00Z' uid='22828305' user='eyob-ka' visible='true' version='3' changeset='182690602' lat='10.32955036083' lon='37.74669721227' />
  <node id='4659664858' action='modify' timestamp='2026-05-15T10:19:00Z' uid='22828305' user='eyob-ka' visible='true' version='3' changeset='182690602' lat='10.32964134505' lon='37.74724844663' />
  <node id='4659664859' action='modify' timestamp='2026-05-15T10:19:00Z' uid='22828305' user='eyob-ka' visible='true' version='3' changeset='182690602' lat='10.32943024505' lon='37.74731284663' />
  <node id='4659664860' action='modify' timestamp='2026-05-15T10:19:00Z' uid='22828305' user='eyob-ka' visible='true' version='3' changeset='182690602' lat='10.32946534505' lon='37.74743194663' />
  <node id='4659664861' action='modify' timestamp='2026-05-15T10:19:00Z' uid='22828305' user='eyob-ka' visible='true' version='3' changeset='182690602' lat='10.32967654505' lon='37.74736754663' />
  <node id='4659664862' action='modify' timestamp='2017-02-03T13:59:39Z' uid='385046' user='Palolo' visible='true' version='1' changeset='45779201' lat='10.32961913874' lon='37.74706985215' />
  <node id='4659664863' action='modify' timestamp='2017-02-03T13:59:39Z' uid='385046' user='Palolo' visible='true' version='1' changeset='45779201' lat='10.32961123874' lon='37.74687675215' />
  <node id='4659664864' action='modify' timestamp='2017-02-03T13:59:39Z' uid='385046' user='Palolo' visible='true' version='1' changeset='45779201' lat='10.32971763874' lon='37.74687225215' />
  <node id='4659664865' action='modify' timestamp='2017-02-03T13:59:39Z' uid='385046' user='Palolo' visible='true' version='1' changeset='45779201' lat='10.32972553874' lon='37.74706535215' />
  <node id='4659664866' action='modify' timestamp='2026-05-15T10:19:00Z' uid='22828305' user='eyob-ka' visible='true' version='3' changeset='182690602' lat='10.33011318345' lon='37.74723578343' />
  <node id='4659664867' action='modify' timestamp='2026-05-15T10:19:00Z' uid='22828305' user='eyob-ka' visible='true' version='3' changeset='182690602' lat='10.32989078341' lon='37.74731518343' />
  <node id='4659664868' action='modify' timestamp='2026-05-15T10:19:00Z' uid='22828305' user='eyob-ka' visible='true' version='3' changeset='182690602' lat='10.3298537834' lon='37.74720788343' />
  <node id='4659664869' action='modify' timestamp='2026-05-15T10:19:00Z' uid='22828305' user='eyob-ka' visible='true' version='3' changeset='182690602' lat='10.33010258344' lon='37.74711918343' />
  <node id='4659664870' action='modify' timestamp='2026-05-15T10:19:00Z' uid='22828305' user='eyob-ka' visible='true' version='3' changeset='182690602' lat='10.3300788933' lon='37.74690182331' />
  <node id='4659664871' action='modify' timestamp='2026-05-15T10:19:00Z' uid='22828305' user='eyob-ka' visible='true' version='3' changeset='182690602' lat='10.32984679328' lon='37.74694902331' />
  <node id='4659664872' action='modify' timestamp='2026-05-15T10:19:00Z' uid='22828305' user='eyob-ka' visible='true' version='3' changeset='182690602' lat='10.32981629328' lon='37.74679362331' />
  <node id='4659664873' action='modify' timestamp='2026-05-15T10:19:00Z' uid='22828305' user='eyob-ka' visible='true' version='3' changeset='182690602' lat='10.3300482933' lon='37.74674642331' />
  <node id='4659664874' action='modify' timestamp='2026-05-15T10:19:00Z' uid='22828305' user='eyob-ka' visible='true' version='3' changeset='182690602' lat='10.33062956045' lon='37.74668051622' />
  <node id='4659664875' action='modify' timestamp='2026-05-15T10:19:00Z' uid='22828305' user='eyob-ka' visible='true' version='3' changeset='182690602' lat='10.33051441949' lon='37.74669290251' />
  <node id='4659664876' action='modify' timestamp='2026-05-15T10:19:00Z' uid='22828305' user='eyob-ka' visible='true' version='3' changeset='182690602' lat='10.33050938732' lon='37.74664456998' />
  <node id='4659664877' action='modify' timestamp='2026-05-15T10:19:00Z' uid='22828305' user='eyob-ka' visible='true' version='3' changeset='182690602' lat='10.33062452828' lon='37.74663218369' />
  <node id='4659664878' timestamp='2026-05-15T10:19:00Z' uid='22828305' user='eyob-ka' visible='true' version='3' changeset='182690602' lat='10.3304135' lon='37.746699' />
  <node id='4659664879' timestamp='2026-05-15T10:19:00Z' uid='22828305' user='eyob-ka' visible='true' version='3' changeset='182690602' lat='10.330173' lon='37.7467185' />
  <node id='4659664880' timestamp='2026-05-15T10:19:00Z' uid='22828305' user='eyob-ka' visible='true' version='3' changeset='182690602' lat='10.3301585' lon='37.7465329' />
  <node id='4659664881' timestamp='2026-05-15T10:19:00Z' uid='22828305' user='eyob-ka' visible='true' version='3' changeset='182690602' lat='10.330399' lon='37.7465134' />
  <node id='4659664882' action='modify' timestamp='2026-05-15T06:39:43Z' uid='22828305' user='eyob-ka' visible='true' version='2' changeset='182681580' lat='10.33064015203' lon='37.74600928099' />
  <node id='4659664883' action='modify' timestamp='2026-05-15T06:39:43Z' uid='22828305' user='eyob-ka' visible='true' version='2' changeset='182681580' lat='10.33036845208' lon='37.74604678099' />
  <node id='4659664884' action='modify' timestamp='2026-05-15T06:39:43Z' uid='22828305' user='eyob-ka' visible='true' version='2' changeset='182681580' lat='10.33035325208' lon='37.74593328099' />
  <node id='4659664885' action='modify' timestamp='2026-05-15T06:39:43Z' uid='22828305' user='eyob-ka' visible='true' version='2' changeset='182681580' lat='10.33062505203' lon='37.74589578099' />
  <node id='4659664886' action='modify' timestamp='2026-05-15T06:39:43Z' uid='22828305' user='eyob-ka' visible='true' version='2' changeset='182681580' lat='10.33049677428' lon='37.74637177546' />
  <node id='4659664887' action='modify' timestamp='2026-05-15T06:39:43Z' uid='22828305' user='eyob-ka' visible='true' version='2' changeset='182681580' lat='10.33004030317' lon='37.74642542209' />
  <node id='4659664888' action='modify' timestamp='2026-05-15T06:39:43Z' uid='22828305' user='eyob-ka' visible='true' version='2' changeset='182681580' lat='10.3300299743' lon='37.74613167546' />
  <node id='4659664889' action='modify' timestamp='2026-05-15T06:39:43Z' uid='22828305' user='eyob-ka' visible='true' version='2' changeset='182681580' lat='10.33046797428' lon='37.74608607546' />
  <node id='4659664890' timestamp='2021-08-19T09:10:21Z' uid='11250405' user='Tesfahun Tenagne' visible='true' version='3' changeset='109919796' lat='10.3332048' lon='37.7443695' />
  <node id='4659664891' timestamp='2021-08-19T09:10:21Z' uid='11250405' user='Tesfahun Tenagne' visible='true' version='3' changeset='109919796' lat='10.3325837' lon='37.7431567' />
  <node id='4659664892' timestamp='2021-08-19T09:10:21Z' uid='11250405' user='Tesfahun Tenagne' visible='true' version='3' changeset='109919796' lat='10.3325307' lon='37.7427264' />
  <node id='7973493100' timestamp='2021-08-17T14:08:29Z' uid='11250405' user='Tesfahun Tenagne' visible='true' version='3' changeset='109815631' lat='10.3282019' lon='37.7357055' />
  <node id='7973493103' timestamp='2021-08-18T19:59:48Z' uid='11250405' user='Tesfahun Tenagne' visible='true' version='4' changeset='109894692' lat='10.325566' lon='37.7378805' />
  <node id='7973493104' timestamp='2021-08-18T19:59:48Z' uid='11250405' user='Tesfahun Tenagne' visible='true' version='3' changeset='109894692' lat='10.3255994' lon='37.738364' />
  <node id='7973493105' timestamp='2021-08-17T14:08:29Z' uid='11250405' user='Tesfahun Tenagne' visible='true' version='4' changeset='109815631' lat='10.3249352' lon='37.7379587' />
  <node id='7973493124' timestamp='2021-08-16T15:20:18Z' uid='11250405' user='Tesfahun Tenagne' visible='true' version='2' changeset='109757909' lat='10.3132282' lon='37.7414406' />
  <node id='7973493125' timestamp='2021-08-16T15:20:18Z' uid='11250405' user='Tesfahun Tenagne' visible='true' version='2' changeset='109757909' lat='10.313464' lon='37.7415783' />
  <node id='7973493126' timestamp='2021-08-16T15:20:18Z' uid='11250405' user='Tesfahun Tenagne' visible='true' version='2' changeset='109757909' lat='10.3138641' lon='37.741651' />
  <node id='7973493127' timestamp='2021-08-16T15:20:18Z' uid='11250405' user='Tesfahun Tenagne' visible='true' version='2' changeset='109757909' lat='10.3145032' lon='37.7417287' />
  <node id='7973493128' timestamp='2021-08-16T15:20:18Z' uid='11250405' user='Tesfahun Tenagne' visible='true' version='2' changeset='109757909' lat='10.3163555' lon='37.7416176' />
  <node id='7973493131' timestamp='2021-08-16T15:20:18Z' uid='11250405' user='Tesfahun Tenagne' visible='true' version='2' changeset='109757909' lat='10.3159208' lon='37.741636' />
  <node id='7973493138' timestamp='2021-08-16T15:20:18Z' uid='11250405' user='Tesfahun Tenagne' visible='true' version='2' changeset='109757909' lat='10.3154948' lon='37.7416593' />
  <node id='7973493142' timestamp='2021-08-16T15:20:18Z' uid='11250405' user='Tesfahun Tenagne' visible='true' version='2' changeset='109757909' lat='10.3149566' lon='37.7416966' />
  <node id='7973493149' timestamp='2021-08-16T15:20:18Z' uid='11250405' user='Tesfahun Tenagne' visible='true' version='2' changeset='109757909' lat='10.313511' lon='37.7415983' />
  <node id='7973493225' timestamp='2020-10-04T15:46:04Z' uid='11250405' user='Tesfahun Tenagne' visible='true' version='1' changeset='91937573' lat='10.3126109' lon='37.7406521' />
  <node id='7984292579' timestamp='2021-08-16T15:20:18Z' uid='11250405' user='Tesfahun Tenagne' visible='true' version='5' changeset='109757909' lat='10.3374826' lon='37.738389' />
  <node id='7984313087' timestamp='2021-08-16T15:20:18Z' uid='11250405' user='Tesfahun Tenagne' visible='true' version='2' changeset='109757909' lat='10.3376033' lon='37.738105' />
  <node id='7984313088' timestamp='2020-10-07T09:09:15Z' uid='11250405' user='Tesfahun Tenagne' visible='true' version='1' changeset='92098091' lat='10.3372164' lon='37.7390903' />
  <node id='7984313089' timestamp='2021-08-17T14:08:29Z' uid='11250405' user='Tesfahun Tenagne' visible='true' version='3' changeset='109815631' lat='10.3376806' lon='37.7433726' />
  <node id='7984313090' timestamp='2021-08-17T14:08:29Z' uid='11250405' user='Tesfahun Tenagne' visible='true' version='2' changeset='109815631' lat='10.3365778' lon='37.7430585' />
  <node id='7984313091' timestamp='2020-10-07T12:33:34Z' uid='11250405' user='Tesfahun Tenagne' visible='true' version='2' changeset='92113117' lat='10.3353945' lon='37.7427319' />
  <node id='7984313092' timestamp='2021-08-17T14:08:29Z' uid='11250405' user='Tesfahun Tenagne' visible='true' version='3' changeset='109815631' lat='10.3360763' lon='37.7429261' />
  <node id='7984313093' timestamp='2021-08-18T19:30:25Z' uid='11250405' user='Tesfahun Tenagne' visible='true' version='3' changeset='109893686' lat='10.3362198' lon='37.7423137' />
  <node id='7984313095' timestamp='2020-10-07T09:09:15Z' uid='11250405' user='Tesfahun Tenagne' visible='true' version='1' changeset='92098091' lat='10.336046' lon='37.7419823' />
  <node id='7984313096' timestamp='2021-08-17T14:08:29Z' uid='11250405' user='Tesfahun Tenagne' visible='true' version='3' changeset='109815631' lat='10.3358502' lon='37.7428598' />
  <node id='7984313097' timestamp='2020-10-17T11:31:03Z' uid='11250405' user='Tesfahun Tenagne' visible='true' version='3' changeset='92624782' lat='10.3334394' lon='37.7405614' />
  <node id='7984313098' timestamp='2020-10-07T09:09:15Z' uid='11250405' user='Tesfahun Tenagne' visible='true' version='1' changeset='92098091' lat='10.3338104' lon='37.7406173' />
  <node id='7984313099' timestamp='2020-10-07T09:09:15Z' uid='11250405' user='Tesfahun Tenagne' visible='true' version='1' changeset='92098091' lat='10.3344135' lon='37.740759' />
  <node id='7984313100' timestamp='2020-10-07T09:09:15Z' uid='11250405' user='Tesfahun Tenagne' visible='true' version='1' changeset='92098091' lat='10.3346267' lon='37.7408082' />
  <node id='7984313101' timestamp='2020-10-07T09:09:15Z' uid='11250405' user='Tesfahun Tenagne' visible='true' version='1' changeset='92098091' lat='10.3348667' lon='37.7408689' />
  <node id='7984313102' timestamp='2020-10-09T09:04:51Z' uid='11250405' user='Tesfahun Tenagne' visible='true' version='2' changeset='92223547' lat='10.3351309' lon='37.7409296' />
  <node id='7984313103' timestamp='2021-08-17T14:08:29Z' uid='11250405' user='Tesfahun Tenagne' visible='true' version='2' changeset='109815631' lat='10.3354396' lon='37.7410102' />
  <node id='7984313105' timestamp='2021-08-17T14:08:29Z' uid='11250405' user='Tesfahun Tenagne' visible='true' version='2' changeset='109815631' lat='10.3359572' lon='37.7411613' />
  <node id='7984313106' timestamp='2021-08-17T14:08:29Z' uid='11250405' user='Tesfahun Tenagne' visible='true' version='2' changeset='109815631' lat='10.3362256' lon='37.7412358' />
  <node id='7984313107' timestamp='2021-08-17T14:08:29Z' uid='11250405' user='Tesfahun Tenagne' visible='true' version='2' changeset='109815631' lat='10.3363391' lon='37.7412699' />
  <node id='7984313108' timestamp='2021-08-17T14:08:29Z' uid='11250405' user='Tesfahun Tenagne' visible='true' version='2' changeset='109815631' lat='10.3364752' lon='37.741323' />
  <node id='7984313109' timestamp='2020-10-07T09:09:15Z' uid='11250405' user='Tesfahun Tenagne' visible='true' version='1' changeset='92098091' lat='10.3367044' lon='37.741434' />
  <node id='7984313110' timestamp='2020-10-07T09:09:15Z' uid='11250405' user='Tesfahun Tenagne' visible='true' version='1' changeset='92098091' lat='10.336941' lon='37.7415671' />
  <node id='7984313111' timestamp='2020-10-07T09:09:15Z' uid='11250405' user='Tesfahun Tenagne' visible='true' version='1' changeset='92098091' lat='10.337181' lon='37.7417002' />
  <node id='7984313112' timestamp='2020-10-07T09:09:15Z' uid='11250405' user='Tesfahun Tenagne' visible='true' version='1' changeset='92098091' lat='10.3373935' lon='37.7418157' />
  <node id='7984313113' timestamp='2021-08-17T14:08:29Z' uid='11250405' user='Tesfahun Tenagne' visible='true' version='2' changeset='109815631' lat='10.3379618' lon='37.7420804' />
  <node id='7984313114' timestamp='2021-08-17T14:08:29Z' uid='11250405' user='Tesfahun Tenagne' visible='true' version='2' changeset='109815631' lat='10.3380383' lon='37.7421275' />
  <node id='7984313115' timestamp='2021-08-17T14:08:29Z' uid='11250405' user='Tesfahun Tenagne' visible='true' version='2' changeset='109815631' lat='10.3380747' lon='37.7421683' />
  <node id='7984313116' timestamp='2021-08-17T14:08:29Z' uid='11250405' user='Tesfahun Tenagne' visible='true' version='2' changeset='109815631' lat='10.3380841' lon='37.7422521' />
  <node id='7984313117' timestamp='2021-08-17T14:08:29Z' uid='11250405' user='Tesfahun Tenagne' visible='true' version='2' changeset='109815631' lat='10.3380078' lon='37.7424586' />
  <node id='7984313118' timestamp='2020-10-07T12:33:34Z' uid='11250405' user='Tesfahun Tenagne' visible='true' version='2' changeset='92113117' lat='10.3355207' lon='37.7421421' />
  <node id='7984313119' timestamp='2021-08-18T19:30:25Z' uid='11250405' user='Tesfahun Tenagne' visible='true' version='4' changeset='109893686' lat='10.3359924' lon='37.7422579' />
  <node id='7984313121' timestamp='2021-08-18T19:30:25Z' uid='11250405' user='Tesfahun Tenagne' visible='true' version='3' changeset='109893686' lat='10.3364786' lon='37.7423772' />
  <node id='7984313122' timestamp='2021-08-17T14:08:29Z' uid='11250405' user='Tesfahun Tenagne' visible='true' version='2' changeset='109815631' lat='10.336322' lon='37.7429902' />
  <node id='7984313123' timestamp='2021-01-15T18:57:50Z' uid='11250405' user='Tesfahun Tenagne' visible='true' version='2' changeset='97578650' lat='10.3349321' lon='37.7482807' />
  <node id='7984313125' timestamp='2021-08-16T23:16:59Z' uid='11250405' user='Tesfahun Tenagne' visible='true' version='2' changeset='109776553' lat='10.3302039' lon='37.7379907' />
  <node id='7984313128' timestamp='2020-10-17T11:31:03Z' uid='11250405' user='Tesfahun Tenagne' visible='true' version='2' changeset='92624782' lat='10.3299017' lon='37.738778' />
  <node id='7984313129' timestamp='2021-08-16T23:16:59Z' uid='11250405' user='Tesfahun Tenagne' visible='true' version='3' changeset='109776553' lat='10.3298484' lon='37.7389123' />
  <node id='7984313130' timestamp='2020-10-07T09:09:15Z' uid='11250405' user='Tesfahun Tenagne' visible='true' version='1' changeset='92098091' lat='10.3297365' lon='37.7391779' />
  <node id='7984313131' timestamp='2020-10-07T09:09:15Z' uid='11250405' user='Tesfahun Tenagne' visible='true' version='1' changeset='92098091' lat='10.3296355' lon='37.7394504' />
  <node id='7984313132' timestamp='2020-10-07T09:09:15Z' uid='11250405' user='Tesfahun Tenagne' visible='true' version='1' changeset='92098091' lat='10.3295067' lon='37.7398185' />
  <node id='7984313133' timestamp='2020-10-07T09:09:15Z' uid='11250405' user='Tesfahun Tenagne' visible='true' version='1' changeset='92098091' lat='10.3294335' lon='37.7400945' />
  <node id='7984313134' timestamp='2020-10-07T09:09:15Z' uid='11250405' user='Tesfahun Tenagne' visible='true' version='1' changeset='92098091' lat='10.3292734' lon='37.7404768' />
  <node id='7984313135' timestamp='2021-08-17T14:08:29Z' uid='11250405' user='Tesfahun Tenagne' visible='true' version='2' changeset='109815631' lat='10.3291681' lon='37.7407613' />
  <node id='7984313136' timestamp='2020-10-07T09:09:15Z' uid='11250405' user='Tesfahun Tenagne' visible='true' version='1' changeset='92098091' lat='10.3290958' lon='37.7409404' />
  <node id='7984313137' timestamp='2021-08-17T14:08:29Z' uid='11250405' user='Tesfahun Tenagne' visible='true' version='2' changeset='109815631' lat='10.3289815' lon='37.7411477' />
  <node id='7984313138' timestamp='2021-08-17T14:08:29Z' uid='11250405' user='Tesfahun Tenagne' visible='true' version='2' changeset='109815631' lat='10.3288436' lon='37.7414882' />
  <node id='7984313139' timestamp='2020-10-07T09:09:15Z' uid='11250405' user='Tesfahun Tenagne' visible='true' version='1' changeset='92098091' lat='10.328678' lon='37.7418712' />
  <node id='7984313140' timestamp='2020-10-07T09:09:15Z' uid='11250405' user='Tesfahun Tenagne' visible='true' version='1' changeset='92098091' lat='10.3285387' lon='37.7421968' />
  <node id='7984313141' timestamp='2020-10-07T09:09:15Z' uid='11250405' user='Tesfahun Tenagne' visible='true' version='1' changeset='92098091' lat='10.3284377' lon='37.7423985' />
  <node id='7984313142' timestamp='2020-10-07T09:09:15Z' uid='11250405' user='Tesfahun Tenagne' visible='true' version='1' changeset='92098091' lat='10.3283054' lon='37.7425967' />
  <node id='7984313143' timestamp='2020-10-07T09:09:15Z' uid='11250405' user='Tesfahun Tenagne' visible='true' version='1' changeset='92098091' lat='10.3281592' lon='37.7428374' />
  <node id='7984313144' timestamp='2020-10-07T09:09:15Z' uid='11250405' user='Tesfahun Tenagne' visible='true' version='1' changeset='92098091' lat='10.3278493' lon='37.7433152' />
  <node id='7984313145' timestamp='2020-10-07T09:09:15Z' uid='11250405' user='Tesfahun Tenagne' visible='true' version='1' changeset='92098091' lat='10.3276439' lon='37.7436267' />
  <node id='7984313146' timestamp='2020-10-07T09:09:15Z' uid='11250405' user='Tesfahun Tenagne' visible='true' version='1' changeset='92098091' lat='10.3273584' lon='37.7440301' />
  <node id='7984313147' timestamp='2020-10-07T09:09:15Z' uid='11250405' user='Tesfahun Tenagne' visible='true' version='1' changeset='92098091' lat='10.3271339' lon='37.7443257' />
  <node id='7984313148' action='modify' timestamp='2021-08-17T14:08:29Z' uid='11250405' user='Tesfahun Tenagne' visible='true' version='2' changeset='109815631' lat='10.32695072015' lon='37.74462369448' />
  <node id='7984313149' timestamp='2021-08-16T23:16:59Z' uid='11250405' user='Tesfahun Tenagne' visible='true' version='2' changeset='109776553' lat='10.329193' lon='37.7377387' />
  <node id='7984313150' timestamp='2021-08-16T23:16:59Z' uid='11250405' user='Tesfahun Tenagne' visible='true' version='2' changeset='109776553' lat='10.328906' lon='37.7383403' />
  <node id='7984313151' timestamp='2021-08-17T14:08:29Z' uid='11250405' user='Tesfahun Tenagne' visible='true' version='2' changeset='109815631' lat='10.3287266' lon='37.7387689' />
  <node id='7984313154' timestamp='2021-08-17T14:08:29Z' uid='11250405' user='Tesfahun Tenagne' visible='true' version='2' changeset='109815631' lat='10.328376' lon='37.7398629' />
  <node id='7984313155' timestamp='2021-08-17T14:08:29Z' uid='11250405' user='Tesfahun Tenagne' visible='true' version='2' changeset='109815631' lat='10.3283095' lon='37.7401091' />
  <node id='7984313156' timestamp='2020-10-07T09:09:15Z' uid='11250405' user='Tesfahun Tenagne' visible='true' version='1' changeset='92098091' lat='10.3282094' lon='37.7404087' />
  <node id='7984313157' timestamp='2020-10-07T09:09:15Z' uid='11250405' user='Tesfahun Tenagne' visible='true' version='1' changeset='92098091' lat='10.3279877' lon='37.7408056' />
  <node id='7984313158' timestamp='2020-10-07T09:09:15Z' uid='11250405' user='Tesfahun Tenagne' visible='true' version='1' changeset='92098091' lat='10.32746' lon='37.7416639' />
  <node id='7984313159' timestamp='2020-10-07T09:09:15Z' uid='11250405' user='Tesfahun Tenagne' visible='true' version='1' changeset='92098091' lat='10.3272436' lon='37.7420609' />
  <node id='7984313160' timestamp='2020-10-07T09:09:15Z' uid='11250405' user='Tesfahun Tenagne' visible='true' version='1' changeset='92098091' lat='10.3269217' lon='37.7428548' />
  <node id='7984313161' timestamp='2020-10-07T09:09:15Z' uid='11250405' user='Tesfahun Tenagne' visible='true' version='1' changeset='92098091' lat='10.3266894' lon='37.7433376' />
  <node id='7984313162' timestamp='2020-10-07T09:09:15Z' uid='11250405' user='Tesfahun Tenagne' visible='true' version='1' changeset='92098091' lat='10.3265258' lon='37.7436488' />
  <node id='7984313163' timestamp='2022-09-29T12:55:42Z' uid='1293386' user='Sal73x' visible='true' version='3' changeset='126779720' lat='10.3263795' lon='37.7439878' />
  <node id='7984313164' timestamp='2021-08-17T14:08:29Z' uid='11250405' user='Tesfahun Tenagne' visible='true' version='2' changeset='109815631' lat='10.326049' lon='37.7454516' />
  <node id='7984313166' timestamp='2021-08-17T14:08:29Z' uid='11250405' user='Tesfahun Tenagne' visible='true' version='2' changeset='109815631' lat='10.3256373' lon='37.7453025' />
  <node id='7984313167' timestamp='2020-10-07T09:09:15Z' uid='11250405' user='Tesfahun Tenagne' visible='true' version='1' changeset='92098091' lat='10.3252223' lon='37.7459716' />
  <node id='7984313168' timestamp='2020-10-07T09:09:15Z' uid='11250405' user='Tesfahun Tenagne' visible='true' version='1' changeset='92098091' lat='10.3250112' lon='37.7462612' />
  <node id='7984313169' timestamp='2020-10-07T09:09:15Z' uid='11250405' user='Tesfahun Tenagne' visible='true' version='1' changeset='92098091' lat='10.3247051' lon='37.7468406' />
  <node id='7984313170' timestamp='2020-10-07T09:09:15Z' uid='11250405' user='Tesfahun Tenagne' visible='true' version='1' changeset='92098091' lat='10.3243673' lon='37.7472698' />
  <node id='7984313171' timestamp='2020-10-07T09:09:15Z' uid='11250405' user='Tesfahun Tenagne' visible='true' version='1' changeset='92098091' lat='10.3239821' lon='37.747774' />
  <node id='7984313172' timestamp='2020-10-07T09:09:15Z' uid='11250405' user='Tesfahun Tenagne' visible='true' version='1' changeset='92098091' lat='10.3236549' lon='37.7481978' />
  <node id='7984313173' timestamp='2020-10-07T09:09:15Z' uid='11250405' user='Tesfahun Tenagne' visible='true' version='1' changeset='92098091' lat='10.3230427' lon='37.7489059' />
  <node id='7984313174' timestamp='2020-10-07T09:09:15Z' uid='11250405' user='Tesfahun Tenagne' visible='true' version='1' changeset='92098091' lat='10.3226679' lon='37.7494048' />
  <node id='7984313175' timestamp='2020-10-07T09:09:15Z' uid='11250405' user='Tesfahun Tenagne' visible='true' version='1' changeset='92098091' lat='10.3222246' lon='37.7500432' />
  <node id='7984313176' timestamp='2020-10-07T09:09:15Z' uid='11250405' user='Tesfahun Tenagne' visible='true' version='1' changeset='92098091' lat='10.3266426' lon='37.7434267' />
  <node id='7984313177' timestamp='2020-10-07T09:09:15Z' uid='11250405' user='Tesfahun Tenagne' visible='true' version='1' changeset='92098091' lat='10.3267211' lon='37.7439063' />
  <node id='7984313178' action='modify' timestamp='2020-10-07T09:09:15Z' uid='11250405' user='Tesfahun Tenagne' visible='true' version='1' changeset='92098091' lat='10.32691639768' lon='37.74442529448' />
  <node id='7984313179' action='modify' timestamp='2026-05-14T16:48:20Z' uid='22828305' user='eyob-ka' visible='true' version='2' changeset='182660123' lat='10.32712488137' lon='37.74511998036' />
  <node id='7984313180' action='modify' timestamp='2026-05-14T16:48:20Z' uid='22828305' user='eyob-ka' visible='true' version='3' changeset='182660123' lat='10.32726336508' lon='37.74567942454' />
  <node id='7984313181' timestamp='2026-05-14T16:48:20Z' uid='22828305' user='eyob-ka' visible='true' version='3' changeset='182660123' lat='10.3274514' lon='37.7460124' />
  <node id='7984313183' timestamp='2021-08-16T23:16:59Z' uid='11250405' user='Tesfahun Tenagne' visible='true' version='3' changeset='109776553' lat='10.328215' lon='37.7364812' />
  <node id='7984313184' timestamp='2020-10-17T11:31:03Z' uid='11250405' user='Tesfahun Tenagne' visible='true' version='2' changeset='92624782' lat='10.3283247' lon='37.737127' />
  <node id='7984313185' timestamp='2020-10-17T11:31:03Z' uid='11250405' user='Tesfahun Tenagne' visible='true' version='2' changeset='92624782' lat='10.3284066' lon='37.7383787' />
  <node id='7984313186' timestamp='2021-08-17T14:08:29Z' uid='11250405' user='Tesfahun Tenagne' visible='true' version='3' changeset='109815631' lat='10.3284818' lon='37.7394106' />
  <node id='7984313187' timestamp='2021-08-17T14:08:29Z' uid='11250405' user='Tesfahun Tenagne' visible='true' version='3' changeset='109815631' lat='10.3283485' lon='37.737605' />
  <node id='7984313189' timestamp='2020-10-17T11:31:03Z' uid='11250405' user='Tesfahun Tenagne' visible='true' version='2' changeset='92624782' lat='10.327565' lon='37.7369816' />
  <node id='7984313190' timestamp='2021-08-17T14:08:29Z' uid='11250405' user='Tesfahun Tenagne' visible='true' version='3' changeset='109815631' lat='10.3235655' lon='37.7383132' />
  <node id='7984313192' timestamp='2020-10-07T09:09:15Z' uid='11250405' user='Tesfahun Tenagne' visible='true' version='1' changeset='92098091' lat='10.3231951' lon='37.7371815' />
  <node id='7984313193' timestamp='2021-08-17T14:08:29Z' uid='11250405' user='Tesfahun Tenagne' visible='true' version='2' changeset='109815631' lat='10.3229916' lon='37.7390441' />
  <node id='7984313194' timestamp='2021-08-17T14:08:29Z' uid='11250405' user='Tesfahun Tenagne' visible='true' version='2' changeset='109815631' lat='10.3228227' lon='37.7386067' />
  <node id='7984313195' timestamp='2020-10-07T09:09:15Z' uid='11250405' user='Tesfahun Tenagne' visible='true' version='1' changeset='92098091' lat='10.3225916' lon='37.7379453' />
  <node id='7984313196' timestamp='2020-10-07T09:09:15Z' uid='11250405' user='Tesfahun Tenagne' visible='true' version='1' changeset='92098091' lat='10.3213552' lon='37.7396411' />
  <node id='7984313197' timestamp='2020-10-07T09:09:15Z' uid='11250405' user='Tesfahun Tenagne' visible='true' version='1' changeset='92098091' lat='10.3208913' lon='37.73982' />
  <node id='7984313198' timestamp='2021-08-18T19:59:48Z' uid='11250405' user='Tesfahun Tenagne' visible='true' version='2' changeset='109894692' lat='10.3202733' lon='37.7401221' />
  <node id='7984313199' timestamp='2021-08-18T19:59:48Z' uid='11250405' user='Tesfahun Tenagne' visible='true' version='2' changeset='109894692' lat='10.3199213' lon='37.7402575' />
  <node id='7984313200' timestamp='2021-08-18T19:59:48Z' uid='11250405' user='Tesfahun Tenagne' visible='true' version='2' changeset='109894692' lat='10.3198057' lon='37.7402925' />
  <node id='7984313201' timestamp='2020-10-07T09:09:15Z' uid='11250405' user='Tesfahun Tenagne' visible='true' version='1' changeset='92098091' lat='10.3197033' lon='37.740255' />
  <node id='7984313202' timestamp='2020-10-07T09:09:15Z' uid='11250405' user='Tesfahun Tenagne' visible='true' version='1' changeset='92098091' lat='10.3196394' lon='37.740194' />
  <node id='7984313203' timestamp='2020-10-07T09:09:15Z' uid='11250405' user='Tesfahun Tenagne' visible='true' version='1' changeset='92098091' lat='10.3195594' lon='37.7399541' />
  <node id='7984313204' timestamp='2021-08-18T19:59:48Z' uid='11250405' user='Tesfahun Tenagne' visible='true' version='2' changeset='109894692' lat='10.3194868' lon='37.7396443' />
  <node id='7984313206' timestamp='2021-08-18T19:59:48Z' uid='11250405' user='Tesfahun Tenagne' visible='true' version='2' changeset='109894692' lat='10.3193454' lon='37.7391271' />
  <node id='7984313207' timestamp='2021-08-18T19:59:48Z' uid='11250405' user='Tesfahun Tenagne' visible='true' version='2' changeset='109894692' lat='10.3207144' lon='37.7399596' />
  <node id='7984313208' timestamp='2021-08-18T19:59:48Z' uid='11250405' user='Tesfahun Tenagne' visible='true' version='2' changeset='109894692' lat='10.3205507' lon='37.7394928' />
  <node id='7984313209' timestamp='2021-08-18T19:59:48Z' uid='11250405' user='Tesfahun Tenagne' visible='true' version='2' changeset='109894692' lat='10.3200398' lon='37.7389197' />
  <node id='7984313210' timestamp='2021-08-18T19:59:48Z' uid='11250405' user='Tesfahun Tenagne' visible='true' version='2' changeset='109894692' lat='10.3204413' lon='37.7387796' />
  <node id='7984313211' timestamp='2021-08-18T19:59:48Z' uid='11250405' user='Tesfahun Tenagne' visible='true' version='2' changeset='109894692' lat='10.3208638' lon='37.7386271' />
  <node id='7984313212' timestamp='2020-10-07T09:09:15Z' uid='11250405' user='Tesfahun Tenagne' visible='true' version='1' changeset='92098091' lat='10.3218872' lon='37.7382141' />
  <node id='7984313213' timestamp='2021-08-17T14:08:29Z' uid='11250405' user='Tesfahun Tenagne' visible='true' version='2' changeset='109815631' lat='10.3233672' lon='37.7376814' />
  <node id='7984313214' timestamp='2020-10-07T09:09:15Z' uid='11250405' user='Tesfahun Tenagne' visible='true' version='1' changeset='92098091' lat='10.3219323' lon='37.7381968' />
  <node id='7984313215' timestamp='2021-08-17T14:08:29Z' uid='11250405' user='Tesfahun Tenagne' visible='true' version='3' changeset='109815631' lat='10.3221322' lon='37.7388635' />
  <node id='7984313216' timestamp='2021-08-18T19:59:48Z' uid='11250405' user='Tesfahun Tenagne' visible='true' version='2' changeset='109894692' lat='10.3212595' lon='37.7384919' />
  <node id='7984313217' timestamp='2021-08-17T14:08:29Z' uid='11250405' user='Tesfahun Tenagne' visible='true' version='2' changeset='109815631' lat='10.321464' lon='37.739135' />
  <node id='7984313218' timestamp='2021-08-17T14:08:29Z' uid='11250405' user='Tesfahun Tenagne' visible='true' version='2' changeset='109815631' lat='10.3216244' lon='37.7395882' />
  <node id='7984313224' timestamp='2021-08-18T19:59:48Z' uid='11250405' user='Tesfahun Tenagne' visible='true' version='2' changeset='109894692' lat='10.3213932' lon='37.7384304' />
  <node id='7984313230' timestamp='2021-08-15T14:46:06Z' uid='11250405' user='Tesfahun Tenagne' visible='true' version='2' changeset='109703624' lat='10.3261072' lon='37.7360083' />
  <node id='7984313240' timestamp='2025-08-25T21:50:38Z' uid='1779832' user='Ukundji' visible='true' version='4' changeset='170999127' lat='10.3295544' lon='37.7369447' />
  <node id='7984313241' timestamp='2020-10-07T09:09:15Z' uid='11250405' user='Tesfahun Tenagne' visible='true' version='1' changeset='92098091' lat='10.3240977' lon='37.7374083' />
  <node id='7984313242' timestamp='2020-10-22T14:03:53Z' uid='11250405' user='Tesfahun Tenagne' visible='true' version='2' changeset='92901617' lat='10.3246281' lon='37.7371787' />
  <node id='7984313243' timestamp='2021-08-17T14:08:29Z' uid='11250405' user='Tesfahun Tenagne' visible='true' version='4' changeset='109815631' lat='10.3240931' lon='37.7381152' />
  <node id='7984313244' timestamp='2021-08-18T19:59:48Z' uid='11250405' user='Tesfahun Tenagne' visible='true' version='3' changeset='109894692' lat='10.3214248' lon='37.7390054' />
  <node id='7984313245' timestamp='2021-08-18T19:59:48Z' uid='11250405' user='Tesfahun Tenagne' visible='true' version='2' changeset='109894692' lat='10.3209022' lon='37.7391702' />
  <node id='7984313246' timestamp='2021-08-18T19:59:48Z' uid='11250405' user='Tesfahun Tenagne' visible='true' version='2' changeset='109894692' lat='10.3200809' lon='37.7394304' />
  <node id='7984313247' timestamp='2021-08-18T19:59:48Z' uid='11250405' user='Tesfahun Tenagne' visible='true' version='2' changeset='109894692' lat='10.3197326' lon='37.7395509' />
  <node id='7984394201' timestamp='2020-10-07T15:24:13Z' uid='11250405' user='Tesfahun Tenagne' visible='true' version='2' changeset='92121030' lat='10.337225' lon='37.7336415' />
  <node id='7984394206' timestamp='2020-10-07T09:36:20Z' uid='11250405' user='Tesfahun Tenagne' visible='true' version='1' changeset='92100217' lat='10.3386448' lon='37.7354698' />
  <node id='7984394214' timestamp='2020-10-07T09:36:20Z' uid='11250405' user='Tesfahun Tenagne' visible='true' version='1' changeset='92100217' lat='10.3398363' lon='37.7325411' />
  <node id='7984420039' timestamp='2021-08-16T15:20:18Z' uid='11250405' user='Tesfahun Tenagne' visible='true' version='4' changeset='109757909' lat='10.3366276' lon='37.7378899' />
  <node id='7984420040' timestamp='2021-08-16T15:20:18Z' uid='11250405' user='Tesfahun Tenagne' visible='true' version='2' changeset='109757909' lat='10.337659' lon='37.7379625' />
  <node id='7984420042' timestamp='2021-08-16T23:16:59Z' uid='11250405' user='Tesfahun Tenagne' visible='true' version='3' changeset='109776553' lat='10.3367798' lon='37.7375092' />
  <node id='7984420043' timestamp='2021-08-16T15:20:18Z' uid='11250405' user='Tesfahun Tenagne' visible='true' version='2' changeset='109757909' lat='10.3379599' lon='37.7371829' />
  <node id='7984437393' timestamp='2021-08-16T15:20:18Z' uid='11250405' user='Tesfahun Tenagne' visible='true' version='3' changeset='109757909' lat='10.3367167' lon='37.7384673' />
  <node id='7984437394' timestamp='2021-08-16T15:20:18Z' uid='11250405' user='Tesfahun Tenagne' visible='true' version='3' changeset='109757909' lat='10.3373237' lon='37.738799' />
  <node id='7984437395' timestamp='2021-08-17T11:06:08Z' uid='11250405' user='Tesfahun Tenagne' visible='true' version='3' changeset='109805185' lat='10.3382272' lon='37.7392443' />
  <node id='7984971312' timestamp='2020-10-07T12:33:34Z' uid='11250405' user='Tesfahun Tenagne' visible='true' version='1' changeset='92113117' lat='10.3355462' lon='37.742023' />
  <node id='7984971314' timestamp='2021-08-17T14:08:29Z' uid='11250405' user='Tesfahun Tenagne' visible='true' version='3' changeset='109815631' lat='10.3357708' lon='37.741109' />
  <node id='7985414139' timestamp='2021-08-17T14:08:29Z' uid='11250405' user='Tesfahun Tenagne' visible='true' version='2' changeset='109815631' lat='10.3368691' lon='37.7320975' />
  <node id='7985418394' timestamp='2021-08-17T14:08:29Z' uid='11250405' user='Tesfahun Tenagne' visible='true' version='2' changeset='109815631' lat='10.3361245' lon='37.743768' />
  <node id='7991406446' timestamp='2020-10-09T09:04:51Z' uid='11250405' user='Tesfahun Tenagne' visible='true' version='1' changeset='92223547' lat='10.3342354' lon='37.7385837' />
  <node id='7991406447' timestamp='2020-10-09T09:04:51Z' uid='11250405' user='Tesfahun Tenagne' visible='true' version='1' changeset='92223547' lat='10.3333269' lon='37.7408326' />
  <node id='7991406448' action='modify' timestamp='2026-05-14T15:40:54Z' uid='24127657' user='ErmiyasGirma' visible='true' version='3' changeset='182656768' lat='10.33247140971' lon='37.74202172884' />
  <node id='7991406449' action='modify' timestamp='2026-05-14T15:40:54Z' uid='24127657' user='ErmiyasGirma' visible='true' version='3' changeset='182656768' lat='10.33227056458' lon='37.74264186075' />
  <node id='7991406450' action='modify' timestamp='2026-05-14T15:40:54Z' uid='24127657' user='ErmiyasGirma' visible='true' version='3' changeset='182656768' lat='10.33211044374' lon='37.7429232454' />
  <node id='7991406451' action='modify' timestamp='2026-05-14T17:31:30Z' uid='24127657' user='ErmiyasGirma' visible='true' version='3' changeset='182662505' lat='10.33120189065' lon='37.74435187424' />
  <node id='7991406452' action='modify' timestamp='2026-05-14T17:31:30Z' uid='24127657' user='ErmiyasGirma' visible='true' version='3' changeset='182662505' lat='10.33145578703' lon='37.74446425767' />
  <node id='7991406454' action='modify' timestamp='2026-05-15T06:13:30Z' uid='24127657' user='ErmiyasGirma' visible='true' version='3' changeset='182680695' lat='10.33191288718' lon='37.74457774663' />
  <node id='7991406455' action='modify' timestamp='2026-05-15T06:13:30Z' uid='24127657' user='ErmiyasGirma' visible='true' version='3' changeset='182680695' lat='10.33177462591' lon='37.74462597546' />
  <node id='7991406456' action='modify' timestamp='2026-05-15T06:13:30Z' uid='24127657' user='ErmiyasGirma' visible='true' version='3' changeset='182680695' lat='10.33147859041' lon='37.74485015523' />
  <node id='7991406457' action='modify' timestamp='2026-05-15T11:12:17Z' uid='24127657' user='ErmiyasGirma' visible='true' version='3' changeset='182692839' lat='10.33120766172' lon='37.74494272761' />
  <node id='7991406458' action='modify' timestamp='2021-08-19T09:10:21Z' uid='11250405' user='Tesfahun Tenagne' visible='true' version='2' changeset='109919796' lat='10.330885213' lon='37.74510575215' />
  <node id='7991406460' action='modify' timestamp='2026-05-14T15:40:54Z' uid='24127657' user='ErmiyasGirma' visible='true' version='3' changeset='182656768' lat='10.33100566127' lon='37.74587017485' />
  <node id='7991406461' action='modify' timestamp='2026-05-14T15:40:54Z' uid='24127657' user='ErmiyasGirma' visible='true' version='3' changeset='182656768' lat='10.33146813233' lon='37.74585767546' />
  <node id='7991406462' action='modify' timestamp='2026-05-14T15:40:54Z' uid='24127657' user='ErmiyasGirma' visible='true' version='3' changeset='182656768' lat='10.33171419665' lon='37.74587388099' />
  <node id='7991406463' action='modify' timestamp='2026-05-14T15:40:54Z' uid='24127657' user='ErmiyasGirma' visible='true' version='3' changeset='182656768' lat='10.33203313562' lon='37.74593686319' />
  <node id='7991406464' timestamp='2026-05-14T15:40:54Z' uid='24127657' user='ErmiyasGirma' visible='true' version='3' changeset='182656768' lat='10.3322441' lon='37.7459524' />
  <node id='7991406465' action='modify' timestamp='2026-05-14T15:40:54Z' uid='24127657' user='ErmiyasGirma' visible='true' version='4' changeset='182656768' lat='10.33243387099' lon='37.74598429325' />
  <node id='7991406466' timestamp='2021-11-08T09:00:24Z' uid='10892549' user='NanMadol' visible='true' version='2' changeset='113512014' lat='10.3325305' lon='37.7459862' />
  <node id='7991406467' timestamp='2021-11-08T09:00:24Z' uid='10892549' user='NanMadol' visible='true' version='2' changeset='113512014' lat='10.3328775' lon='37.7460083' />
  <node id='7991406468' action='modify' timestamp='2020-10-17T08:58:31Z' uid='11250405' user='Tesfahun Tenagne' visible='true' version='2' changeset='92619066' lat='10.33303738388' lon='37.74602951105' />
  <node id='7991406469' timestamp='2021-11-08T09:00:24Z' uid='10892549' user='NanMadol' visible='true' version='3' changeset='113512014' lat='10.3334976' lon='37.74602' />
  <node id='7991406471' timestamp='2021-11-08T09:00:24Z' uid='10892549' user='NanMadol' visible='true' version='2' changeset='113512014' lat='10.331465' lon='37.747924' />
  <node id='7991406472' action='modify' timestamp='2020-10-09T09:04:51Z' uid='11250405' user='Tesfahun Tenagne' visible='true' version='1' changeset='92223547' lat='10.33170651616' lon='37.74776554663' />
  <node id='7991406473' action='modify' timestamp='2020-10-09T09:04:51Z' uid='11250405' user='Tesfahun Tenagne' visible='true' version='1' changeset='92223547' lat='10.33206447743' lon='37.74752139325' />
  <node id='7991406475' action='modify' timestamp='2020-10-09T09:04:51Z' uid='11250405' user='Tesfahun Tenagne' visible='true' version='1' changeset='92223547' lat='10.33247789669' lon='37.74772419878' />
  <node id='7991406476' action='modify' timestamp='2020-10-09T09:04:51Z' uid='11250405' user='Tesfahun Tenagne' visible='true' version='1' changeset='92223547' lat='10.33247626437' lon='37.74762857424' />
  <node id='7991406477' action='modify' timestamp='2020-10-09T09:04:51Z' uid='11250405' user='Tesfahun Tenagne' visible='true' version='1' changeset='92223547' lat='10.33242958045' lon='37.74752347424' />
  <node id='7991406478' action='modify' timestamp='2020-10-09T09:04:51Z' uid='11250405' user='Tesfahun Tenagne' visible='true' version='1' changeset='92223547' lat='10.33242553212' lon='37.74735506012' />
  <node id='7991406479' action='modify' timestamp='2021-11-08T08:42:51Z' uid='10892549' user='NanMadol' visible='true' version='2' changeset='113511278' lat='10.33248139347' lon='37.74729404233' />
  <node id='7991406480' action='modify' timestamp='2020-10-09T09:04:51Z' uid='11250405' user='Tesfahun Tenagne' visible='true' version='1' changeset='92223547' lat='10.33253198056' lon='37.74724526012' />
  <node id='7991406481' action='modify' timestamp='2026-05-15T11:40:15Z' uid='22828305' user='eyob-ka' visible='true' version='2' changeset='182694076' lat='10.33263335477' lon='37.74717333803' />
  <node id='7991406482' action='modify' timestamp='2021-11-08T09:00:24Z' uid='10892549' user='NanMadol' visible='true' version='2' changeset='113512014' lat='10.33193379026' lon='37.74868917546' />
  <node id='7991406483' action='modify' timestamp='2021-11-08T09:00:24Z' uid='10892549' user='NanMadol' visible='true' version='2' changeset='113512014' lat='10.33205765145' lon='37.7488309411' />
  <node id='7991406484' action='modify' timestamp='2026-05-15T11:40:15Z' uid='22828305' user='eyob-ka' visible='true' version='4' changeset='182694076' lat='10.33236564193' lon='37.74908498773' />
  <node id='7991451085' timestamp='2026-05-14T16:48:20Z' uid='22828305' user='eyob-ka' visible='true' version='2' changeset='182660123' lat='10.3303103' lon='37.7493334' />
  <node id='7991451086' action='modify' timestamp='2026-05-14T16:48:20Z' uid='22828305' user='eyob-ka' visible='true' version='3' changeset='182660123' lat='10.32908629056' lon='37.74672105767' />
  <node id='7991451087' action='modify' timestamp='2026-05-14T16:48:20Z' uid='22828305' user='eyob-ka' visible='true' version='3' changeset='182660123' lat='10.3286597393' lon='37.74679803314' />
  <node id='7991451088' action='modify' timestamp='2026-05-14T16:48:20Z' uid='22828305' user='eyob-ka' visible='true' version='4' changeset='182660123' lat='10.32828365812' lon='37.74685702087' />
  <node id='7991451089' action='modify' timestamp='2026-05-14T16:48:20Z' uid='22828305' user='eyob-ka' visible='true' version='3' changeset='182660123' lat='10.32808919062' lon='37.74678897116' />
  <node id='7991451090' action='modify' timestamp='2026-05-14T16:48:20Z' uid='22828305' user='eyob-ka' visible='true' version='3' changeset='182660123' lat='10.32794057686' lon='37.74661936257' />
  <node id='7991451092' action='modify' timestamp='2021-11-08T09:00:24Z' uid='10892549' user='NanMadol' visible='true' version='2' changeset='113512014' lat='10.32763172006' lon='37.74713713988' />
  <node id='7991451093' action='modify' timestamp='2021-11-08T09:00:24Z' uid='10892549' user='NanMadol' visible='true' version='2' changeset='113512014' lat='10.32750905502' lon='37.74738526749' />
  <node id='7991532082' timestamp='2020-10-09T09:34:42Z' uid='11250405' user='Tesfahun Tenagne' visible='true' version='1' changeset='92225623' lat='10.3385519' lon='37.7304097' />
  <node id='7991539889' timestamp='2021-01-15T18:57:50Z' uid='11250405' user='Tesfahun Tenagne' visible='true' version='2' changeset='97578650' lat='10.3403995' lon='37.7311492' />
  <node id='7991539923' timestamp='2020-10-09T09:34:42Z' uid='11250405' user='Tesfahun Tenagne' visible='true' version='1' changeset='92225623' lat='10.338577' lon='37.7303444' />
  <node id='7991539927' timestamp='2021-01-15T18:57:50Z' uid='11250405' user='Tesfahun Tenagne' visible='true' version='2' changeset='97578650' lat='10.3404242' lon='37.7310877' />
  <node id='8015684552' timestamp='2020-10-17T08:58:31Z' uid='11250405' user='Tesfahun Tenagne' visible='true' version='1' changeset='92619066' lat='10.3333493' lon='37.7447072' />
  <node id='8015684553' timestamp='2020-10-17T08:58:31Z' uid='11250405' user='Tesfahun Tenagne' visible='true' version='1' changeset='92619066' lat='10.3335132' lon='37.7452641' />
  <node id='8016009466' timestamp='2021-08-19T09:10:21Z' uid='11250405' user='Tesfahun Tenagne' visible='true' version='2' changeset='109919796' lat='10.3337275' lon='37.7398642' />
  <node id='8016009467' timestamp='2020-10-17T11:31:03Z' uid='11250405' user='Tesfahun Tenagne' visible='true' version='1' changeset='92624782' lat='10.333167' lon='37.7396963' />
  <node id='8016009468' timestamp='2021-08-19T09:10:21Z' uid='11250405' user='Tesfahun Tenagne' visible='true' version='2' changeset='109919796' lat='10.3326257' lon='37.7394461' />
  <node id='8016009469' timestamp='2021-08-19T09:10:21Z' uid='11250405' user='Tesfahun Tenagne' visible='true' version='2' changeset='109919796' lat='10.3319732' lon='37.7392171' />
  <node id='8016009470' timestamp='2020-10-17T11:31:03Z' uid='11250405' user='Tesfahun Tenagne' visible='true' version='1' changeset='92624782' lat='10.331415' lon='37.7389692' />
  <node id='8016009471' timestamp='2020-10-17T11:31:03Z' uid='11250405' user='Tesfahun Tenagne' visible='true' version='1' changeset='92624782' lat='10.3309967' lon='37.7387135' />
  <node id='8016009472' timestamp='2020-10-17T11:31:03Z' uid='11250405' user='Tesfahun Tenagne' visible='true' version='1' changeset='92624782' lat='10.3306421' lon='37.7384916' />
  <node id='8016009473' timestamp='2021-08-16T23:16:59Z' uid='11250405' user='Tesfahun Tenagne' visible='true' version='2' changeset='109776553' lat='10.3305504' lon='37.7384038' />
  <node id='8016009474' timestamp='2020-10-17T11:31:03Z' uid='11250405' user='Tesfahun Tenagne' visible='true' version='1' changeset='92624782' lat='10.3304814' lon='37.7383376' />
  <node id='8016009475' timestamp='2020-10-17T11:31:03Z' uid='11250405' user='Tesfahun Tenagne' visible='true' version='1' changeset='92624782' lat='10.3304208' lon='37.7382729' />
  <node id='8016009476' timestamp='2020-10-17T11:31:03Z' uid='11250405' user='Tesfahun Tenagne' visible='true' version='1' changeset='92624782' lat='10.3303563' lon='37.7382557' />
  <node id='8016009477' timestamp='2020-10-17T11:31:03Z' uid='11250405' user='Tesfahun Tenagne' visible='true' version='1' changeset='92624782' lat='10.3302874' lon='37.7382667' />
  <node id='8016009478' timestamp='2021-08-16T23:16:59Z' uid='11250405' user='Tesfahun Tenagne' visible='true' version='2' changeset='109776553' lat='10.3301123' lon='37.738268' />
  <node id='8016009479' timestamp='2020-10-17T11:31:03Z' uid='11250405' user='Tesfahun Tenagne' visible='true' version='1' changeset='92624782' lat='10.3296931' lon='37.7382791' />
  <node id='8016059194' timestamp='2020-10-17T11:31:03Z' uid='11250405' user='Tesfahun Tenagne' visible='true' version='1' changeset='92624782' lat='10.3282855' lon='37.7367989' />
  <node id='8016059195' timestamp='2021-08-17T14:08:29Z' uid='11250405' user='Tesfahun Tenagne' visible='true' version='2' changeset='109815631' lat='10.3275397' lon='37.7370982' />
  <node id='8016059196' timestamp='2020-10-17T11:31:03Z' uid='11250405' user='Tesfahun Tenagne' visible='true' version='1' changeset='92624782' lat='10.3275972' lon='37.7368734' />
  <node id='8016059197' timestamp='2020-10-17T11:31:03Z' uid='11250405' user='Tesfahun Tenagne' visible='true' version='1' changeset='92624782' lat='10.3282493' lon='37.7366086' />
  <node id='8016059198' timestamp='2020-10-17T11:31:03Z' uid='11250405' user='Tesfahun Tenagne' visible='true' version='1' changeset='92624782' lat='10.3303846' lon='37.7382563' />
  <node id='8025162681' timestamp='2021-01-15T18:57:50Z' uid='11250405' user='Tesfahun Tenagne' visible='true' version='2' changeset='97578650' lat='10.3385655' lon='37.7303742' />
  <node id='8037402378' timestamp='2021-08-17T14:08:29Z' uid='11250405' user='Tesfahun Tenagne' visible='true' version='2' changeset='109815631' lat='10.3276221' lon='37.7391621' />
  <node id='8037402379' timestamp='2021-08-17T14:08:29Z' uid='11250405' user='Tesfahun Tenagne' visible='true' version='3' changeset='109815631' lat='10.3273016' lon='37.7393799' />
  <node id='8176453464' timestamp='2020-11-29T14:35:43Z' uid='11250405' user='Tesfahun Tenagne' visible='true' version='1' changeset='94985889' lat='10.3359144' lon='37.7344696' />
  <node id='8176453465' timestamp='2021-08-17T14:08:29Z' uid='11250405' user='Tesfahun Tenagne' visible='true' version='2' changeset='109815631' lat='10.3362056' lon='37.7444482' />
  <node id='8307212390' timestamp='2021-08-17T14:08:29Z' uid='11250405' user='Tesfahun Tenagne' visible='true' version='2' changeset='109815631' lat='10.3360892' lon='37.7340571' />
  <node id='8325530020' timestamp='2021-01-15T18:57:50Z' uid='11250405' user='Tesfahun Tenagne' visible='true' version='1' changeset='97578650' lat='10.3346354' lon='37.7474151' />
  <node id='8325530021' timestamp='2021-01-15T18:57:50Z' uid='11250405' user='Tesfahun Tenagne' visible='true' version='1' changeset='97578650' lat='10.3355547' lon='37.7499741' />
  <node id='8325530022' timestamp='2021-01-15T18:57:50Z' uid='11250405' user='Tesfahun Tenagne' visible='true' version='1' changeset='97578650' lat='10.3354705' lon='37.7497257' />
  <node id='8325530023' timestamp='2021-01-15T18:57:50Z' uid='11250405' user='Tesfahun Tenagne' visible='true' version='1' changeset='97578650' lat='10.3356449' lon='37.7503597' />
  <node id='8325530024' timestamp='2021-01-15T18:57:50Z' uid='11250405' user='Tesfahun Tenagne' visible='true' version='1' changeset='97578650' lat='10.3355952' lon='37.7501438' />
  <node id='8325530025' timestamp='2021-01-15T18:57:50Z' uid='11250405' user='Tesfahun Tenagne' visible='true' version='1' changeset='97578650' lat='10.3359606' lon='37.7519532' />
  <node id='8325530026' timestamp='2021-01-15T18:57:50Z' uid='11250405' user='Tesfahun Tenagne' visible='true' version='1' changeset='97578650' lat='10.3361666' lon='37.7531495' />
  <node id='8325530027' timestamp='2021-01-15T18:57:50Z' uid='11250405' user='Tesfahun Tenagne' visible='true' version='1' changeset='97578650' lat='10.3361892' lon='37.7533965' />
  <node id='8325530028' timestamp='2021-01-15T18:57:50Z' uid='11250405' user='Tesfahun Tenagne' visible='true' version='1' changeset='97578650' lat='10.3365173' lon='37.7547992' />
  <node id='8325530029' timestamp='2021-01-15T18:57:50Z' uid='11250405' user='Tesfahun Tenagne' visible='true' version='1' changeset='97578650' lat='10.3366638' lon='37.7551512' />
  <node id='8325530030' timestamp='2021-01-15T18:57:50Z' uid='11250405' user='Tesfahun Tenagne' visible='true' version='1' changeset='97578650' lat='10.3366719' lon='37.7553556' />
  <node id='8325530031' timestamp='2021-01-15T18:57:50Z' uid='11250405' user='Tesfahun Tenagne' visible='true' version='1' changeset='97578650' lat='10.33668' lon='37.7552226' />
  <node id='8325530032' timestamp='2021-01-15T18:57:50Z' uid='11250405' user='Tesfahun Tenagne' visible='true' version='1' changeset='97578650' lat='10.3367245' lon='37.755638' />
  <node id='8325530033' timestamp='2021-01-15T18:57:50Z' uid='11250405' user='Tesfahun Tenagne' visible='true' version='1' changeset='97578650' lat='10.3366921' lon='37.7554983' />
  <node id='8325530034' timestamp='2021-01-15T18:57:50Z' uid='11250405' user='Tesfahun Tenagne' visible='true' version='1' changeset='97578650' lat='10.3367932' lon='37.7558686' />
  <node id='8325530035' timestamp='2021-01-15T18:57:50Z' uid='11250405' user='Tesfahun Tenagne' visible='true' version='1' changeset='97578650' lat='10.3370075' lon='37.7565696' />
  <node id='8325530036' timestamp='2021-01-15T18:57:50Z' uid='11250405' user='Tesfahun Tenagne' visible='true' version='1' changeset='97578650' lat='10.3371205' lon='37.7568518' />
  <node id='8325530037' timestamp='2021-01-15T18:57:50Z' uid='11250405' user='Tesfahun Tenagne' visible='true' version='1' changeset='97578650' lat='10.3373856' lon='37.7576514' />
  <node id='8325530038' timestamp='2021-01-15T18:57:50Z' uid='11250405' user='Tesfahun Tenagne' visible='true' version='1' changeset='97578650' lat='10.3373156' lon='37.7573942' />
  <node id='8325530039' timestamp='2021-01-15T18:57:50Z' uid='11250405' user='Tesfahun Tenagne' visible='true' version='1' changeset='97578650' lat='10.3375239' lon='37.7579686' />
  <node id='8325530040' timestamp='2021-01-15T18:57:50Z' uid='11250405' user='Tesfahun Tenagne' visible='true' version='1' changeset='97578650' lat='10.3381145' lon='37.7588444' />
  <node id='8325530041' timestamp='2021-01-15T18:57:50Z' uid='11250405' user='Tesfahun Tenagne' visible='true' version='1' changeset='97578650' lat='10.3382444' lon='37.7590251' />
  <node id='8325530042' timestamp='2021-01-15T18:57:50Z' uid='11250405' user='Tesfahun Tenagne' visible='true' version='1' changeset='97578650' lat='10.3385246' lon='37.7592341' />
  <node id='8325530043' timestamp='2021-01-15T18:57:50Z' uid='11250405' user='Tesfahun Tenagne' visible='true' version='1' changeset='97578650' lat='10.339928' lon='37.7616533' />
  <node id='8325530044' timestamp='2021-01-15T18:57:50Z' uid='11250405' user='Tesfahun Tenagne' visible='true' version='1' changeset='97578650' lat='10.3408161' lon='37.7626003' />
  <node id='8325530045' timestamp='2021-01-15T18:57:50Z' uid='11250405' user='Tesfahun Tenagne' visible='true' version='1' changeset='97578650' lat='10.3405053' lon='37.7622342' />
  <node id='9008075409' timestamp='2021-08-15T14:46:06Z' uid='11250405' user='Tesfahun Tenagne' visible='true' version='1' changeset='109703624' lat='10.336253' lon='37.738793' />
  <node id='9008075410' timestamp='2021-08-15T14:46:06Z' uid='11250405' user='Tesfahun Tenagne' visible='true' version='1' changeset='109703624' lat='10.3371681' lon='37.7392146' />
  <node id='9008075411' timestamp='2022-09-29T12:55:42Z' uid='1293386' user='Sal73x' visible='true' version='2' changeset='126779720' lat='10.3430559' lon='37.7412727' />
  <node id='9008100745' timestamp='2021-08-15T14:46:06Z' uid='11250405' user='Tesfahun Tenagne' visible='true' version='1' changeset='109703624' lat='10.3393655' lon='37.7283632' />
  <node id='9010485293' timestamp='2021-09-24T07:52:57Z' uid='11890930' user='OlipaIsland' visible='true' version='2' changeset='111633070' lat='10.3121549' lon='37.7399158' />
  <node id='9010533923' timestamp='2021-08-17T14:08:29Z' uid='11250405' user='Tesfahun Tenagne' visible='true' version='2' changeset='109815631' lat='10.3210717' lon='37.7376056' />
  <node id='9010533938' timestamp='2021-08-17T14:08:29Z' uid='11250405' user='Tesfahun Tenagne' visible='true' version='2' changeset='109815631' lat='10.3260906' lon='37.7355381' />
  <node id='9010533947' timestamp='2021-08-17T14:08:29Z' uid='11250405' user='Tesfahun Tenagne' visible='true' version='2' changeset='109815631' lat='10.328382' lon='37.735349' />
  <node id='9010533969' timestamp='2021-08-16T15:04:49Z' uid='11250405' user='Tesfahun Tenagne' visible='true' version='1' changeset='109757190' lat='10.3229231' lon='37.7366397' />
  <node id='9014334035' timestamp='2021-09-24T07:21:38Z' uid='11890930' user='OlipaIsland' visible='true' version='2' changeset='111631708' lat='10.3275874' lon='37.7393328' />
  <node id='9014334038' timestamp='2022-09-29T12:55:42Z' uid='1293386' user='Sal73x' visible='true' version='3' changeset='126779720' lat='10.3267562' lon='37.7393075' />
  <node id='9014334039' timestamp='2022-09-29T12:55:42Z' uid='1293386' user='Sal73x' visible='true' version='2' changeset='126779720' lat='10.3269066' lon='37.7393491' />
  <node id='9014334040' timestamp='2021-08-17T14:08:29Z' uid='11250405' user='Tesfahun Tenagne' visible='true' version='1' changeset='109815631' lat='10.3271969' lon='37.7394289' />
  <node id='9014334041' timestamp='2021-08-17T14:08:29Z' uid='11250405' user='Tesfahun Tenagne' visible='true' version='1' changeset='109815631' lat='10.3273105' lon='37.739462' />
  <node id='9014334042' timestamp='2021-08-17T14:08:29Z' uid='11250405' user='Tesfahun Tenagne' visible='true' version='1' changeset='109815631' lat='10.3274621' lon='37.7394876' />
  <node id='9014334043' timestamp='2021-08-17T14:08:29Z' uid='11250405' user='Tesfahun Tenagne' visible='true' version='1' changeset='109815631' lat='10.3275108' lon='37.7394858' />
  <node id='9014334044' timestamp='2021-08-17T14:08:29Z' uid='11250405' user='Tesfahun Tenagne' visible='true' version='1' changeset='109815631' lat='10.3275505' lon='37.7394675' />
  <node id='9014334045' timestamp='2021-08-17T14:08:29Z' uid='11250405' user='Tesfahun Tenagne' visible='true' version='1' changeset='109815631' lat='10.3276136' lon='37.7394271' />
  <node id='9014334046' timestamp='2021-08-17T14:08:29Z' uid='11250405' user='Tesfahun Tenagne' visible='true' version='1' changeset='109815631' lat='10.3276515' lon='37.7393776' />
  <node id='9014334047' timestamp='2021-08-17T14:08:29Z' uid='11250405' user='Tesfahun Tenagne' visible='true' version='1' changeset='109815631' lat='10.3276786' lon='37.7393134' />
  <node id='9014334048' timestamp='2021-08-17T14:08:29Z' uid='11250405' user='Tesfahun Tenagne' visible='true' version='1' changeset='109815631' lat='10.3277002' lon='37.7392364' />
  <node id='9014334049' timestamp='2021-08-17T14:08:29Z' uid='11250405' user='Tesfahun Tenagne' visible='true' version='1' changeset='109815631' lat='10.3277092' lon='37.7391465' />
  <node id='9014334050' timestamp='2021-08-17T14:08:29Z' uid='11250405' user='Tesfahun Tenagne' visible='true' version='1' changeset='109815631' lat='10.3277038' lon='37.7389631' />
  <node id='9014334051' timestamp='2021-08-17T14:08:29Z' uid='11250405' user='Tesfahun Tenagne' visible='true' version='1' changeset='109815631' lat='10.3276858' lon='37.7387687' />
  <node id='9014334052' timestamp='2021-08-17T14:08:29Z' uid='11250405' user='Tesfahun Tenagne' visible='true' version='1' changeset='109815631' lat='10.3276713' lon='37.738479' />
  <node id='9014334053' timestamp='2021-09-24T07:21:38Z' uid='11890930' user='OlipaIsland' visible='true' version='2' changeset='111631708' lat='10.3276429' lon='37.7381843' />
  <node id='9014334054' timestamp='2021-08-17T14:08:29Z' uid='11250405' user='Tesfahun Tenagne' visible='true' version='1' changeset='109815631' lat='10.3276335' lon='37.7379508' />
  <node id='9014334055' timestamp='2021-08-17T14:08:29Z' uid='11250405' user='Tesfahun Tenagne' visible='true' version='1' changeset='109815631' lat='10.3276064' lon='37.7374942' />
  <node id='9014334056' timestamp='2021-09-24T07:21:38Z' uid='11890930' user='OlipaIsland' visible='true' version='2' changeset='111631708' lat='10.3276072' lon='37.7372489' />
  <node id='9014334057' timestamp='2021-08-17T14:08:29Z' uid='11250405' user='Tesfahun Tenagne' visible='true' version='1' changeset='109815631' lat='10.3276154' lon='37.7371384' />
  <node id='9014334058' timestamp='2021-08-17T14:08:29Z' uid='11250405' user='Tesfahun Tenagne' visible='true' version='1' changeset='109815631' lat='10.3276461' lon='37.7369917' />
  <node id='9014334059' timestamp='2021-08-17T14:08:29Z' uid='11250405' user='Tesfahun Tenagne' visible='true' version='1' changeset='109815631' lat='10.3276966' lon='37.7368358' />
  <node id='9014334060' timestamp='2021-08-17T14:08:29Z' uid='11250405' user='Tesfahun Tenagne' visible='true' version='1' changeset='109815631' lat='10.3277778' lon='37.7366836' />
  <node id='9014334061' timestamp='2021-08-17T14:08:29Z' uid='11250405' user='Tesfahun Tenagne' visible='true' version='1' changeset='109815631' lat='10.3281567' lon='37.7359556' />
  <node id='9014334062' timestamp='2021-08-17T14:08:29Z' uid='11250405' user='Tesfahun Tenagne' visible='true' version='1' changeset='109815631' lat='10.3283533' lon='37.735543' />
  <node id='9014334063' timestamp='2021-09-24T07:21:38Z' uid='11890930' user='OlipaIsland' visible='true' version='2' changeset='111631708' lat='10.3284344' lon='37.7353226' />
  <node id='9014334064' timestamp='2021-08-17T14:08:29Z' uid='11250405' user='Tesfahun Tenagne' visible='true' version='1' changeset='109815631' lat='10.3279642' lon='37.73634' />
  <node id='9014334065' timestamp='2021-09-24T07:21:38Z' uid='11890930' user='OlipaIsland' visible='true' version='3' changeset='111631708' lat='10.327618' lon='37.7376625' />
  <node id='9014334066' timestamp='2021-08-17T14:08:29Z' uid='11250405' user='Tesfahun Tenagne' visible='true' version='1' changeset='109815631' lat='10.3273953' lon='37.7394785' />
  <node id='9014334067' timestamp='2021-08-17T14:08:29Z' uid='11250405' user='Tesfahun Tenagne' visible='true' version='1' changeset='109815631' lat='10.3274138' lon='37.7394044' />
  <node id='9014334068' timestamp='2021-08-17T14:08:29Z' uid='11250405' user='Tesfahun Tenagne' visible='true' version='1' changeset='109815631' lat='10.3274644' lon='37.7394094' />
  <node id='9014334069' timestamp='2021-08-17T14:08:29Z' uid='11250405' user='Tesfahun Tenagne' visible='true' version='1' changeset='109815631' lat='10.3282677' lon='37.7402504' />
  <node id='9014334070' action='modify' timestamp='2026-05-14T16:48:20Z' uid='22828305' user='eyob-ka' visible='true' version='2' changeset='182660123' lat='10.32719517826' lon='37.74542584233' />
  <node id='9018071395' timestamp='2021-08-18T19:30:25Z' uid='11250405' user='Tesfahun Tenagne' visible='true' version='1' changeset='109893686' lat='10.337452' lon='37.7426162' />
  <node id='9018149507' timestamp='2021-08-18T19:59:48Z' uid='11250405' user='Tesfahun Tenagne' visible='true' version='1' changeset='109894692' lat='10.3221056' lon='37.7387746' />
  <node id='9018149508' timestamp='2021-08-18T19:59:48Z' uid='11250405' user='Tesfahun Tenagne' visible='true' version='1' changeset='109894692' lat='10.3225627' lon='37.7386353' />
  <node id='9019482028' timestamp='2021-08-19T09:10:21Z' uid='11250405' user='Tesfahun Tenagne' visible='true' version='1' changeset='109919796' lat='10.3284027' lon='37.7383268' />
  <node id='9019482029' action='modify' timestamp='2026-05-14T15:40:54Z' uid='24127657' user='ErmiyasGirma' visible='true' version='2' changeset='182656768' lat='10.33213706459' lon='37.74289958406' />
  <node id='9019482030' action='modify' timestamp='2026-05-14T15:40:54Z' uid='24127657' user='ErmiyasGirma' visible='true' version='2' changeset='182656768' lat='10.33241499685' lon='37.74226515645' />
  <node id='9019482031' timestamp='2021-08-19T09:10:21Z' uid='11250405' user='Tesfahun Tenagne' visible='true' version='1' changeset='109919796' lat='10.3327976' lon='37.7436544' />
  <node id='9019482032' timestamp='2021-08-19T09:10:21Z' uid='11250405' user='Tesfahun Tenagne' visible='true' version='1' changeset='109919796' lat='10.3332831' lon='37.7445343' />
  <node id='9019971389' timestamp='2021-08-19T12:21:19Z' uid='11250405' user='Tesfahun Tenagne' visible='true' version='1' changeset='109931768' lat='10.3372159' lon='37.7311717' />
  <node id='9119377559' timestamp='2021-09-24T07:21:38Z' uid='11890930' user='OlipaIsland' visible='true' version='1' changeset='111631708' lat='10.327609' lon='37.7387787' />
  <node id='9119377560' timestamp='2021-09-24T07:21:38Z' uid='11890930' user='OlipaIsland' visible='true' version='1' changeset='111631708' lat='10.3284237' lon='37.7352332' />
  <node id='9119377561' timestamp='2022-09-29T12:55:42Z' uid='1293386' user='Sal73x' visible='true' version='2' changeset='126779720' lat='10.3267748' lon='37.7392394' />
  <node id='9234782383' timestamp='2021-11-08T08:42:51Z' uid='10892549' user='NanMadol' visible='true' version='1' changeset='113511278' lat='10.3242924' lon='37.7507253' />
  <node id='9234782384' timestamp='2021-11-08T08:42:51Z' uid='10892549' user='NanMadol' visible='true' version='1' changeset='113511278' lat='10.3234651' lon='37.749698' />
  <node id='9234782385' timestamp='2021-11-08T08:42:51Z' uid='10892549' user='NanMadol' visible='true' version='1' changeset='113511278' lat='10.3237409' lon='37.7493252' />
  <node id='9234782386' timestamp='2021-11-08T08:42:51Z' uid='10892549' user='NanMadol' visible='true' version='1' changeset='113511278' lat='10.324266' lon='37.7486432' />
  <node id='9234782387' timestamp='2021-11-08T08:42:51Z' uid='10892549' user='NanMadol' visible='true' version='1' changeset='113511278' lat='10.327736' lon='37.7437609' />
  <node id='9234782388' timestamp='2021-11-08T08:42:51Z' uid='10892549' user='NanMadol' visible='true' version='1' changeset='113511278' lat='10.328422' lon='37.7427913' />
  <node id='9234782389' timestamp='2021-11-08T08:42:51Z' uid='10892549' user='NanMadol' visible='true' version='1' changeset='113511278' lat='10.3287967' lon='37.7421114' />
  <node id='9234782390' timestamp='2021-11-08T08:42:51Z' uid='10892549' user='NanMadol' visible='true' version='1' changeset='113511278' lat='10.3269694' lon='37.7447118' />
  <node id='9234782391' timestamp='2021-11-08T08:42:51Z' uid='10892549' user='NanMadol' visible='true' version='1' changeset='113511278' lat='10.3329323' lon='37.7410761' />
  <node id='9234782392' timestamp='2021-11-08T08:42:51Z' uid='10892549' user='NanMadol' visible='true' version='1' changeset='113511278' lat='10.3329775' lon='37.7410663' />
  <node id='9234782393' timestamp='2021-11-08T08:42:51Z' uid='10892549' user='NanMadol' visible='true' version='1' changeset='113511278' lat='10.3328848' lon='37.7410945' />
  <node id='9234782394' timestamp='2021-11-08T08:42:51Z' uid='10892549' user='NanMadol' visible='true' version='1' changeset='113511278' lat='10.332834' lon='37.741128' />
  <node id='9234782395' timestamp='2021-11-08T08:42:51Z' uid='10892549' user='NanMadol' visible='true' version='1' changeset='113511278' lat='10.3327944' lon='37.741182' />
  <node id='9234782396' timestamp='2021-11-08T08:42:51Z' uid='10892549' user='NanMadol' visible='true' version='1' changeset='113511278' lat='10.3327806' lon='37.7412309' />
  <node id='9234782397' timestamp='2021-11-08T08:42:51Z' uid='10892549' user='NanMadol' visible='true' version='1' changeset='113511278' lat='10.3328172' lon='37.7413235' />
  <node id='9234782398' timestamp='2021-11-08T08:42:51Z' uid='10892549' user='NanMadol' visible='true' version='1' changeset='113511278' lat='10.3328122' lon='37.7413657' />
  <node id='9234782399' timestamp='2026-05-15T12:08:07Z' uid='24127657' user='ErmiyasGirma' visible='true' version='2' changeset='182695394' lat='10.3329597' lon='37.7415114' />
  <node id='9234782400' timestamp='2026-05-15T12:08:07Z' uid='24127657' user='ErmiyasGirma' visible='true' version='2' changeset='182695394' lat='10.3323699' lon='37.7425803' />
  <node id='9234782401' timestamp='2026-05-15T12:08:07Z' uid='24127657' user='ErmiyasGirma' visible='true' version='2' changeset='182695394' lat='10.3324567' lon='37.7431692' />
  <node id='9234782402' timestamp='2021-11-08T08:42:51Z' uid='10892549' user='NanMadol' visible='true' version='1' changeset='113511278' lat='10.3330029' lon='37.7442397' />
  <node id='9234782403' timestamp='2026-05-15T12:08:07Z' uid='24127657' user='ErmiyasGirma' visible='true' version='2' changeset='182695394' lat='10.3332253' lon='37.7445677' />
  <node id='9234782404' timestamp='2026-05-15T12:08:07Z' uid='24127657' user='ErmiyasGirma' visible='true' version='2' changeset='182695394' lat='10.3332861' lon='37.7447362' />
  <node id='9234782405' timestamp='2026-05-15T12:08:07Z' uid='24127657' user='ErmiyasGirma' visible='true' version='2' changeset='182695394' lat='10.3334155' lon='37.7451613' />
  <node id='9234782406' timestamp='2026-05-15T12:08:07Z' uid='24127657' user='ErmiyasGirma' visible='true' version='2' changeset='182695394' lat='10.3334953' lon='37.7454302' />
  <node id='9234782407' timestamp='2021-11-08T08:42:51Z' uid='10892549' user='NanMadol' visible='true' version='1' changeset='113511278' lat='10.3338967' lon='37.7477876' />
  <node id='9234782408' timestamp='2021-11-08T08:42:51Z' uid='10892549' user='NanMadol' visible='true' version='1' changeset='113511278' lat='10.3343605' lon='37.7486908' />
  <node id='9234782409' timestamp='2021-11-08T08:42:51Z' uid='10892549' user='NanMadol' visible='true' version='1' changeset='113511278' lat='10.3342596' lon='37.7516875' />
  <node id='9234782410' timestamp='2021-11-08T08:42:51Z' uid='10892549' user='NanMadol' visible='true' version='1' changeset='113511278' lat='10.3341481' lon='37.7518726' />
  <node id='9234782411' timestamp='2021-11-08T08:42:51Z' uid='10892549' user='NanMadol' visible='true' version='1' changeset='113511278' lat='10.3322337' lon='37.7517553' />
  <node id='9234782412' timestamp='2021-11-08T08:42:51Z' uid='10892549' user='NanMadol' visible='true' version='1' changeset='113511278' lat='10.3320985' lon='37.7517546' />
  <node id='9234782413' timestamp='2021-11-08T08:42:51Z' uid='10892549' user='NanMadol' visible='true' version='1' changeset='113511278' lat='10.3307055' lon='37.7515762' />
  <node id='9234782414' timestamp='2021-11-08T08:42:51Z' uid='10892549' user='NanMadol' visible='true' version='1' changeset='113511278' lat='10.3306745' lon='37.7515702' />
  <node id='9234782415' timestamp='2021-11-08T08:42:51Z' uid='10892549' user='NanMadol' visible='true' version='1' changeset='113511278' lat='10.3306511' lon='37.7515568' />
  <node id='9234782416' timestamp='2021-11-08T08:42:51Z' uid='10892549' user='NanMadol' visible='true' version='1' changeset='113511278' lat='10.3303167' lon='37.7512798' />
  <node id='9234787517' timestamp='2021-11-08T08:42:51Z' uid='10892549' user='NanMadol' visible='true' version='1' changeset='113511278' lat='10.3302428' lon='37.7512242' />
  <node id='9234787518' timestamp='2021-11-08T08:42:51Z' uid='10892549' user='NanMadol' visible='true' version='1' changeset='113511278' lat='10.3301715' lon='37.7511927' />
  <node id='9234787519' timestamp='2021-11-08T08:42:51Z' uid='10892549' user='NanMadol' visible='true' version='1' changeset='113511278' lat='10.3297916' lon='37.7510438' />
  <node id='9234787520' timestamp='2021-11-08T08:42:51Z' uid='10892549' user='NanMadol' visible='true' version='1' changeset='113511278' lat='10.3281956' lon='37.7499112' />
  <node id='9234787521' timestamp='2021-11-08T08:42:51Z' uid='10892549' user='NanMadol' visible='true' version='1' changeset='113511278' lat='10.3267827' lon='37.7506126' />
  <node id='9234787522' timestamp='2021-11-08T08:42:51Z' uid='10892549' user='NanMadol' visible='true' version='1' changeset='113511278' lat='10.3266943' lon='37.750673' />
  <node id='9234787523' timestamp='2021-11-08T08:42:51Z' uid='10892549' user='NanMadol' visible='true' version='1' changeset='113511278' lat='10.325972' lon='37.7512108' />
  <node id='9234787524' timestamp='2021-11-08T08:42:51Z' uid='10892549' user='NanMadol' visible='true' version='1' changeset='113511278' lat='10.3253466' lon='37.7511169' />
  <node id='9234787525' timestamp='2021-11-08T08:42:51Z' uid='10892549' user='NanMadol' visible='true' version='1' changeset='113511278' lat='10.3251262' lon='37.751082' />
  <node id='9234787526' timestamp='2021-11-08T08:42:51Z' uid='10892549' user='NanMadol' visible='true' version='1' changeset='113511278' lat='10.3230733' lon='37.7502479' />
  <node id='9234787527' timestamp='2021-11-08T08:42:51Z' uid='10892549' user='NanMadol' visible='true' version='1' changeset='113511278' lat='10.3247825' lon='37.7480069' />
  <node id='9234787528' timestamp='2021-11-08T08:42:51Z' uid='10892549' user='NanMadol' visible='true' version='1' changeset='113511278' lat='10.324894' lon='37.7478862' />
  <node id='9234787529' timestamp='2021-11-08T08:42:51Z' uid='10892549' user='NanMadol' visible='true' version='1' changeset='113511278' lat='10.3249587' lon='37.7477936' />
  <node id='9234787530' timestamp='2021-11-08T08:42:51Z' uid='10892549' user='NanMadol' visible='true' version='1' changeset='113511278' lat='10.3251658' lon='37.7473833' />
  <node id='9234787531' timestamp='2021-11-08T08:42:51Z' uid='10892549' user='NanMadol' visible='true' version='1' changeset='113511278' lat='10.3257595' lon='37.746191' />
  <node id='9234787532' timestamp='2021-11-08T08:42:51Z' uid='10892549' user='NanMadol' visible='true' version='1' changeset='113511278' lat='10.3261052' lon='37.7456117' />
  <node id='9234787533' timestamp='2021-11-08T08:42:51Z' uid='10892549' user='NanMadol' visible='true' version='1' changeset='113511278' lat='10.3291187' lon='37.7415065' />
  <node id='9234787534' timestamp='2021-11-08T08:42:51Z' uid='10892549' user='NanMadol' visible='true' version='1' changeset='113511278' lat='10.3292163' lon='37.7412088' />
  <node id='9234787535' timestamp='2021-11-08T08:42:51Z' uid='10892549' user='NanMadol' visible='true' version='1' changeset='113511278' lat='10.3293285' lon='37.7405825' />
  <node id='9234787536' timestamp='2021-11-08T08:42:51Z' uid='10892549' user='NanMadol' visible='true' version='1' changeset='113511278' lat='10.3294591' lon='37.7403009' />
  <node id='9234787537' timestamp='2021-11-08T08:42:51Z' uid='10892549' user='NanMadol' visible='true' version='1' changeset='113511278' lat='10.3296016' lon='37.73992' />
  <node id='9234787538' timestamp='2021-11-08T08:42:51Z' uid='10892549' user='NanMadol' visible='true' version='1' changeset='113511278' lat='10.3297869' lon='37.7392582' />
  <node id='9234787539' timestamp='2021-11-08T08:42:51Z' uid='10892549' user='NanMadol' visible='true' version='1' changeset='113511278' lat='10.3301933' lon='37.7393105' />
  <node id='9234787540' timestamp='2021-11-08T08:42:51Z' uid='10892549' user='NanMadol' visible='true' version='1' changeset='113511278' lat='10.3306666' lon='37.7393068' />
  <node id='9234787541' timestamp='2021-11-08T08:42:51Z' uid='10892549' user='NanMadol' visible='true' version='1' changeset='113511278' lat='10.3307141' lon='37.73929' />
  <node id='9234787542' timestamp='2021-11-08T08:42:51Z' uid='10892549' user='NanMadol' visible='true' version='1' changeset='113511278' lat='10.3309572' lon='37.7389095' />
  <node id='9234787543' timestamp='2021-11-08T08:42:51Z' uid='10892549' user='NanMadol' visible='true' version='1' changeset='113511278' lat='10.3319639' lon='37.7392662' />
  <node id='9234787544' timestamp='2026-05-15T12:08:07Z' uid='24127657' user='ErmiyasGirma' visible='true' version='2' changeset='182695394' lat='10.3336113' lon='37.7398889' />
  <node id='9234787545' timestamp='2026-05-15T12:08:07Z' uid='24127657' user='ErmiyasGirma' visible='true' version='2' changeset='182695394' lat='10.3331337' lon='37.7410715' />
  <node id='9234833061' action='modify' timestamp='2026-05-15T11:02:30Z' uid='22828305' user='eyob-ka' visible='true' version='2' changeset='182692386' lat='10.32917487748' lon='37.74885891349' />
  <node id='9234833062' action='modify' timestamp='2026-05-14T17:21:29Z' uid='22828305' user='eyob-ka' visible='true' version='2' changeset='182662121' lat='10.32880101991' lon='37.74775248221' />
  <node id='9234833063' action='modify' timestamp='2026-05-14T17:21:29Z' uid='22828305' user='eyob-ka' visible='true' version='2' changeset='182662121' lat='10.32903940679' lon='37.7484349' />
  <node id='9234833064' timestamp='2021-11-08T09:00:24Z' uid='10892549' user='NanMadol' visible='true' version='1' changeset='113512014' lat='10.3323195' lon='37.7474114' />
  <node id='9234833065' action='modify' timestamp='2021-11-08T09:00:24Z' uid='10892549' user='NanMadol' visible='true' version='1' changeset='113512014' lat='10.33098225306' lon='37.74749255643' />
  <node id='9234833066' action='modify' timestamp='2026-05-14T16:48:20Z' uid='22828305' user='eyob-ka' visible='true' version='2' changeset='182660123' lat='10.3282066881' lon='37.74686516872' />
  <node id='9234833067' timestamp='2026-05-14T16:48:20Z' uid='22828305' user='eyob-ka' visible='true' version='2' changeset='182660123' lat='10.3277927' lon='37.7487947' />
  <node id='9234833068' action='modify' timestamp='2026-05-15T11:12:17Z' uid='24127657' user='ErmiyasGirma' visible='true' version='2' changeset='182692839' lat='10.33014610986' lon='37.74211109325' />
  <node id='9234833069' action='modify' timestamp='2026-05-15T10:05:04Z' uid='22828305' user='eyob-ka' visible='true' version='2' changeset='182689864' lat='10.33057857458' lon='37.74299063743' />
  <node id='9234833070' action='modify' timestamp='2026-05-14T17:31:30Z' uid='24127657' user='ErmiyasGirma' visible='true' version='2' changeset='182662505' lat='10.33113312939' lon='37.74431377915' />
  <node id='9234833071' action='modify' timestamp='2021-11-08T09:00:24Z' uid='10892549' user='NanMadol' visible='true' version='1' changeset='113512014' lat='10.33070787615' lon='37.74652295828' />
  <node id='9234833072' action='modify' timestamp='2021-11-08T09:00:24Z' uid='10892549' user='NanMadol' visible='true' version='1' changeset='113512014' lat='10.33073094537' lon='37.74673615276' />
  <node id='9234833073' action='modify' timestamp='2026-05-14T15:40:54Z' uid='24127657' user='ErmiyasGirma' visible='true' version='2' changeset='182656768' lat='10.33012564226' lon='37.74379045031' />
  <node id='9234833074' action='modify' timestamp='2026-05-15T10:05:04Z' uid='22828305' user='eyob-ka' visible='true' version='3' changeset='182689864' lat='10.329664004' lon='37.74353460982' />
  <node id='9234833075' action='modify' timestamp='2026-05-14T15:40:54Z' uid='24127657' user='ErmiyasGirma' visible='true' version='2' changeset='182656768' lat='10.32990221937' lon='37.74298391105' />
  <node id='9234833078' action='modify' timestamp='2026-05-15T06:55:13Z' uid='24127657' user='ErmiyasGirma' visible='true' version='2' changeset='182682090' lat='10.331708' lon='37.74185284663' />
  <node id='9881966891' timestamp='2022-07-11T22:21:15Z' uid='5654413' user='Hansekogge48' visible='true' version='1' changeset='123493462' lat='10.3630486' lon='37.728949' />
  <node id='9881966892' timestamp='2022-07-11T22:21:15Z' uid='5654413' user='Hansekogge48' visible='true' version='1' changeset='123493462' lat='10.362877' lon='37.7306916' />
  <node id='9881966893' timestamp='2022-07-11T22:21:15Z' uid='5654413' user='Hansekogge48' visible='true' version='1' changeset='123493462' lat='10.3634621' lon='37.7308455' />
  <node id='9881966894' timestamp='2022-07-11T22:21:15Z' uid='5654413' user='Hansekogge48' visible='true' version='1' changeset='123493462' lat='10.3659356' lon='37.7304241' />
  <node id='9881966895' timestamp='2022-07-11T22:21:15Z' uid='5654413' user='Hansekogge48' visible='true' version='1' changeset='123493462' lat='10.3658398' lon='37.731181' />
  <node id='9881966896' timestamp='2022-07-11T22:21:15Z' uid='5654413' user='Hansekogge48' visible='true' version='1' changeset='123493462' lat='10.3705968' lon='37.732856' />
  <node id='9881966898' timestamp='2022-07-11T22:21:15Z' uid='5654413' user='Hansekogge48' visible='true' version='1' changeset='123493462' lat='10.3607312' lon='37.7388703' />
  <node id='9881966899' timestamp='2022-09-29T12:55:42Z' uid='1293386' user='Sal73x' visible='true' version='2' changeset='126779720' lat='10.3609217' lon='37.7384923' />
  <node id='9881966903' timestamp='2022-07-11T22:21:15Z' uid='5654413' user='Hansekogge48' visible='true' version='1' changeset='123493462' lat='10.3642822' lon='37.7400962' />
  <node id='9881966904' timestamp='2022-07-11T22:21:15Z' uid='5654413' user='Hansekogge48' visible='true' version='1' changeset='123493462' lat='10.3626999' lon='37.7395465' />
  <node id='9881966905' timestamp='2022-07-11T22:21:15Z' uid='5654413' user='Hansekogge48' visible='true' version='1' changeset='123493462' lat='10.3625052' lon='37.7403175' />
  <node id='9881966906' timestamp='2022-07-11T22:21:15Z' uid='5654413' user='Hansekogge48' visible='true' version='1' changeset='123493462' lat='10.3638817' lon='37.7411292' />
  <node id='9881966907' timestamp='2022-07-11T22:21:15Z' uid='5654413' user='Hansekogge48' visible='true' version='1' changeset='123493462' lat='10.3657922' lon='37.7388535' />
  <node id='9881966908' timestamp='2022-07-11T22:21:15Z' uid='5654413' user='Hansekogge48' visible='true' version='1' changeset='123493462' lat='10.3661055' lon='37.7388412' />
  <node id='9881966909' timestamp='2022-07-11T22:21:15Z' uid='5654413' user='Hansekogge48' visible='true' version='1' changeset='123493462' lat='10.367476' lon='37.7384267' />
  <node id='9881966910' timestamp='2022-07-11T22:21:15Z' uid='5654413' user='Hansekogge48' visible='true' version='1' changeset='123493462' lat='10.3664042' lon='37.7381545' />
  <node id='9881966911' timestamp='2022-07-11T22:21:15Z' uid='5654413' user='Hansekogge48' visible='true' version='1' changeset='123493462' lat='10.3682587' lon='37.7368857' />
  <node id='9881966912' timestamp='2022-07-11T22:21:15Z' uid='5654413' user='Hansekogge48' visible='true' version='1' changeset='123493462' lat='10.3695499' lon='37.737139' />
  <node id='9881966913' timestamp='2022-07-11T22:21:15Z' uid='5654413' user='Hansekogge48' visible='true' version='1' changeset='123493462' lat='10.3701348' lon='37.7355976' />
  <node id='9881966914' timestamp='2022-07-11T22:21:15Z' uid='5654413' user='Hansekogge48' visible='true' version='1' changeset='123493462' lat='10.3701529' lon='37.7341535' />
  <node id='9881966915' timestamp='2022-07-11T22:21:15Z' uid='5654413' user='Hansekogge48' visible='true' version='1' changeset='123493462' lat='10.3646661' lon='37.7297558' />
  <node id='9881966916' timestamp='2022-07-11T22:21:15Z' uid='5654413' user='Hansekogge48' visible='true' version='1' changeset='123493462' lat='10.3642573' lon='37.7294582' />
  <node id='9882031317' timestamp='2022-07-11T22:21:15Z' uid='5654413' user='Hansekogge48' visible='true' version='1' changeset='123493462' lat='10.3647205' lon='37.7294971' />
  <node id='9882031318' timestamp='2022-07-11T22:21:15Z' uid='5654413' user='Hansekogge48' visible='true' version='1' changeset='123493462' lat='10.3649991' lon='37.7298596' />
  <node id='9883882568' timestamp='2022-07-12T21:25:36Z' uid='5654413' user='Hansekogge48' visible='true' version='1' changeset='123537677' lat='10.3109524' lon='37.7428155' />
  <node id='9883882569' timestamp='2022-07-12T21:25:36Z' uid='5654413' user='Hansekogge48' visible='true' version='1' changeset='123537677' lat='10.3133288' lon='37.7461154' />
  <node id='9883882570' timestamp='2022-07-12T21:25:36Z' uid='5654413' user='Hansekogge48' visible='true' version='1' changeset='123537677' lat='10.3135468' lon='37.7432172' />
  <node id='9883882571' timestamp='2022-09-29T12:55:42Z' uid='1293386' user='Sal73x' visible='true' version='2' changeset='126779720' lat='10.3143741' lon='37.7431529' />
  <node id='9883882572' timestamp='2022-09-29T12:55:42Z' uid='1293386' user='Sal73x' visible='true' version='2' changeset='126779720' lat='10.3149034' lon='37.7419531' />
  <node id='9883887023' timestamp='2022-07-12T21:25:36Z' uid='5654413' user='Hansekogge48' visible='true' version='2' changeset='123537677' lat='10.3110238' lon='37.7456978' />
  <node id='10060872326' timestamp='2022-09-29T12:55:42Z' uid='1293386' user='Sal73x' visible='true' version='1' changeset='126779720' lat='10.316574' lon='37.7439091' />
  <node id='10060872327' timestamp='2022-09-29T12:55:42Z' uid='1293386' user='Sal73x' visible='true' version='1' changeset='126779720' lat='10.3264425' lon='37.7398692' />
  <node id='10060872328' timestamp='2022-09-29T12:55:42Z' uid='1293386' user='Sal73x' visible='true' version='1' changeset='126779720' lat='10.3262581' lon='37.7391216' />
  <node id='10060872329' timestamp='2022-09-29T12:55:42Z' uid='1293386' user='Sal73x' visible='true' version='1' changeset='126779720' lat='10.3262719' lon='37.739194' />
  <node id='10060872330' timestamp='2022-09-29T12:55:42Z' uid='1293386' user='Sal73x' visible='true' version='1' changeset='126779720' lat='10.3264771' lon='37.7391537' />
  <node id='10060872331' timestamp='2022-09-29T12:55:42Z' uid='1293386' user='Sal73x' visible='true' version='1' changeset='126779720' lat='10.3264633' lon='37.7390812' />
  <node id='10060872332' timestamp='2022-09-29T12:55:42Z' uid='1293386' user='Sal73x' visible='true' version='1' changeset='126779720' lat='10.3261351' lon='37.7390078' />
  <node id='10060872333' timestamp='2022-09-29T12:55:42Z' uid='1293386' user='Sal73x' visible='true' version='1' changeset='126779720' lat='10.3261518' lon='37.7391138' />
  <node id='10060872334' timestamp='2022-09-29T12:55:42Z' uid='1293386' user='Sal73x' visible='true' version='1' changeset='126779720' lat='10.3262359' lon='37.7391' />
  <node id='10060872335' timestamp='2022-09-29T12:55:42Z' uid='1293386' user='Sal73x' visible='true' version='1' changeset='126779720' lat='10.3262245' lon='37.739028' />
  <node id='10060872336' timestamp='2022-09-29T12:55:42Z' uid='1293386' user='Sal73x' visible='true' version='1' changeset='126779720' lat='10.3261859' lon='37.7390343' />
  <node id='10060872337' timestamp='2022-09-29T12:55:42Z' uid='1293386' user='Sal73x' visible='true' version='1' changeset='126779720' lat='10.3261805' lon='37.7390004' />
  <node id='10060872338' timestamp='2022-09-29T12:55:42Z' uid='1293386' user='Sal73x' visible='true' version='1' changeset='126779720' lat='10.3262433' lon='37.7390558' />
  <node id='10060872339' timestamp='2022-09-29T12:55:42Z' uid='1293386' user='Sal73x' visible='true' version='1' changeset='126779720' lat='10.3262495' lon='37.7390911' />
  <node id='10060872340' timestamp='2022-09-29T12:55:42Z' uid='1293386' user='Sal73x' visible='true' version='1' changeset='126779720' lat='10.3263323' lon='37.739076' />
  <node id='10060872341' timestamp='2022-09-29T12:55:42Z' uid='1293386' user='Sal73x' visible='true' version='1' changeset='126779720' lat='10.326326' lon='37.7390407' />
  <node id='10060872342' timestamp='2022-09-29T12:55:42Z' uid='1293386' user='Sal73x' visible='true' version='1' changeset='126779720' lat='10.3273838' lon='37.7383901' />
  <node id='10060872343' timestamp='2022-09-29T12:55:42Z' uid='1293386' user='Sal73x' visible='true' version='1' changeset='126779720' lat='10.3274403' lon='37.7390545' />
  <node id='10060872344' timestamp='2022-09-29T12:55:42Z' uid='1293386' user='Sal73x' visible='true' version='1' changeset='126779720' lat='10.3253188' lon='37.7417781' />
  <node id='10060872345' timestamp='2022-09-29T12:55:42Z' uid='1293386' user='Sal73x' visible='true' version='1' changeset='126779720' lat='10.3255261' lon='37.7421039' />
  <node id='10060872346' timestamp='2022-09-29T12:55:42Z' uid='1293386' user='Sal73x' visible='true' version='1' changeset='126779720' lat='10.3260037' lon='37.7433216' />
  <node id='10060872347' timestamp='2022-09-29T12:55:42Z' uid='1293386' user='Sal73x' visible='true' version='1' changeset='126779720' lat='10.3266571' lon='37.7444797' />
  <node id='10060872348' timestamp='2022-09-29T12:55:42Z' uid='1293386' user='Sal73x' visible='true' version='1' changeset='126779720' lat='10.326314' lon='37.7440758' />
  <node id='10060872349' timestamp='2022-09-29T12:55:42Z' uid='1293386' user='Sal73x' visible='true' version='1' changeset='126779720' lat='10.3256221' lon='37.744462' />
  <node id='10060872350' timestamp='2022-09-29T12:55:42Z' uid='1293386' user='Sal73x' visible='true' version='1' changeset='126779720' lat='10.3240778' lon='37.7432694' />
  <node id='10060872351' timestamp='2022-09-29T12:55:42Z' uid='1293386' user='Sal73x' visible='true' version='1' changeset='126779720' lat='10.3250144' lon='37.7457823' />
  <node id='10060872352' timestamp='2022-11-03T13:38:37Z' uid='1293386' user='Sal73x' visible='true' version='2' changeset='128439842' lat='10.3281171' lon='37.7501872' />
  <node id='10060872353' timestamp='2022-09-29T12:55:42Z' uid='1293386' user='Sal73x' visible='true' version='1' changeset='126779720' lat='10.3188174' lon='37.7417403' />
  <node id='10060872354' timestamp='2025-03-06T17:26:29Z' uid='85218' user='Aleks-Berlin' visible='true' version='2' changeset='163294705' lat='10.3249935' lon='37.7406502'>
    <tag k='aeroway' v='aerodrome' />
    <tag k='ele' v='2480' />
    <tag k='iata' v='DBM' />
    <tag k='icao' v='HADM' />
    <tag k='name' v='Debre Markos Airfield' />
    <tag k='note' v='DBM, HADM ?' />
    <tag k='wikidata' v='Q2875819' />
  </node>
  <node id='10060872355' timestamp='2022-09-29T12:55:42Z' uid='1293386' user='Sal73x' visible='true' version='1' changeset='126779720' lat='10.3189725' lon='37.7408614' />
  <node id='10060872356' timestamp='2022-09-29T12:55:42Z' uid='1293386' user='Sal73x' visible='true' version='1' changeset='126779720' lat='10.3242965' lon='37.7387827' />
  <node id='10060872357' timestamp='2022-09-29T12:55:42Z' uid='1293386' user='Sal73x' visible='true' version='1' changeset='126779720' lat='10.3148515' lon='37.74186' />
  <node id='10060872358' timestamp='2022-09-29T12:55:42Z' uid='1293386' user='Sal73x' visible='true' version='1' changeset='126779720' lat='10.3145722' lon='37.7431914' />
  <node id='10060872359' timestamp='2022-09-29T12:55:42Z' uid='1293386' user='Sal73x' visible='true' version='1' changeset='126779720' lat='10.3143096' lon='37.7435057' />
  <node id='10060872360' timestamp='2022-09-29T12:55:42Z' uid='1293386' user='Sal73x' visible='true' version='1' changeset='126779720' lat='10.314263' lon='37.7437659' />
  <node id='10060872361' timestamp='2022-09-29T12:55:42Z' uid='1293386' user='Sal73x' visible='true' version='1' changeset='126779720' lat='10.3142929' lon='37.7440092' />
  <node id='10060872362' timestamp='2022-09-29T12:55:42Z' uid='1293386' user='Sal73x' visible='true' version='1' changeset='126779720' lat='10.3143993' lon='37.744212' />
  <node id='10060872363' timestamp='2022-09-29T12:55:42Z' uid='1293386' user='Sal73x' visible='true' version='1' changeset='126779720' lat='10.315041' lon='37.7449014' />
  <node id='10060872364' timestamp='2022-09-29T12:55:42Z' uid='1293386' user='Sal73x' visible='true' version='1' changeset='126779720' lat='10.3154533' lon='37.7448785' />
  <node id='10060872365' timestamp='2022-09-29T12:55:42Z' uid='1293386' user='Sal73x' visible='true' version='1' changeset='126779720' lat='10.3158892' lon='37.744968' />
  <node id='10060872366' timestamp='2022-09-29T12:55:42Z' uid='1293386' user='Sal73x' visible='true' version='1' changeset='126779720' lat='10.3161332' lon='37.7450859' />
  <node id='10060872367' timestamp='2022-09-29T12:55:42Z' uid='1293386' user='Sal73x' visible='true' version='1' changeset='126779720' lat='10.3163412' lon='37.7452769' />
  <node id='10060872368' timestamp='2022-09-29T12:55:42Z' uid='1293386' user='Sal73x' visible='true' version='1' changeset='126779720' lat='10.3165532' lon='37.7453379' />
  <node id='10060872369' timestamp='2022-09-29T12:55:42Z' uid='1293386' user='Sal73x' visible='true' version='1' changeset='126779720' lat='10.3168492' lon='37.7453664' />
  <node id='10060872370' timestamp='2022-09-29T12:55:42Z' uid='1293386' user='Sal73x' visible='true' version='1' changeset='126779720' lat='10.3168972' lon='37.7453257' />
  <node id='10060872371' timestamp='2022-09-29T12:55:42Z' uid='1293386' user='Sal73x' visible='true' version='1' changeset='126779720' lat='10.3170172' lon='37.7451997' />
  <node id='10060872372' timestamp='2022-09-29T12:55:42Z' uid='1293386' user='Sal73x' visible='true' version='1' changeset='126779720' lat='10.3184799' lon='37.7444168' />
  <node id='10060872373' timestamp='2022-09-29T12:55:42Z' uid='1293386' user='Sal73x' visible='true' version='1' changeset='126779720' lat='10.3212794' lon='37.7432842' />
  <node id='10060872374' timestamp='2022-09-29T12:55:42Z' uid='1293386' user='Sal73x' visible='true' version='1' changeset='126779720' lat='10.3215788' lon='37.743263' />
  <node id='10060872375' timestamp='2022-09-29T12:55:42Z' uid='1293386' user='Sal73x' visible='true' version='1' changeset='126779720' lat='10.3218435' lon='37.7433833' />
  <node id='10060872376' timestamp='2022-09-29T12:55:42Z' uid='1293386' user='Sal73x' visible='true' version='1' changeset='126779720' lat='10.3224493' lon='37.7430365' />
  <node id='10060872377' timestamp='2022-09-29T12:55:42Z' uid='1293386' user='Sal73x' visible='true' version='1' changeset='126779720' lat='10.3237515' lon='37.7421021' />
  <node id='10060872378' timestamp='2022-09-29T12:55:42Z' uid='1293386' user='Sal73x' visible='true' version='1' changeset='126779720' lat='10.3260687' lon='37.7409153' />
  <node id='10060872379' timestamp='2022-09-29T12:55:42Z' uid='1293386' user='Sal73x' visible='true' version='1' changeset='126779720' lat='10.3267669' lon='37.7400366' />
  <node id='10060872380' timestamp='2022-09-29T12:55:42Z' uid='1293386' user='Sal73x' visible='true' version='1' changeset='126779720' lat='10.3272656' lon='37.7395196' />
  <node id='10060872381' timestamp='2022-09-29T12:55:42Z' uid='1293386' user='Sal73x' visible='true' version='1' changeset='126779720' lat='10.3267868' lon='37.7393979' />
  <node id='10060872382' timestamp='2022-09-29T12:55:42Z' uid='1293386' user='Sal73x' visible='true' version='1' changeset='126779720' lat='10.3265308' lon='37.739354' />
  <node id='10060872383' timestamp='2022-09-29T12:55:42Z' uid='1293386' user='Sal73x' visible='true' version='1' changeset='126779720' lat='10.326451' lon='37.7393641' />
  <node id='10060872384' timestamp='2022-09-29T12:55:42Z' uid='1293386' user='Sal73x' visible='true' version='1' changeset='126779720' lat='10.3264311' lon='37.7394621' />
  <node id='10060872385' timestamp='2022-09-29T12:55:42Z' uid='1293386' user='Sal73x' visible='true' version='1' changeset='126779720' lat='10.3265508' lon='37.7394723' />
  <node id='10060872386' timestamp='2022-09-29T12:55:42Z' uid='1293386' user='Sal73x' visible='true' version='1' changeset='126779720' lat='10.3266106' lon='37.7395162' />
  <node id='10060872387' timestamp='2022-09-29T12:55:42Z' uid='1293386' user='Sal73x' visible='true' version='1' changeset='126779720' lat='10.3266405' lon='37.7395973' />
  <node id='10060872388' timestamp='2022-09-29T12:55:42Z' uid='1293386' user='Sal73x' visible='true' version='1' changeset='126779720' lat='10.326594' lon='37.7398373' />
  <node id='10060872389' timestamp='2022-09-29T12:55:42Z' uid='1293386' user='Sal73x' visible='true' version='1' changeset='126779720' lat='10.3264809' lon='37.7400366' />
  <node id='10060872390' timestamp='2022-09-29T12:55:42Z' uid='1293386' user='Sal73x' visible='true' version='1' changeset='126779720' lat='10.3262416' lon='37.7402191' />
  <node id='10060872391' timestamp='2022-09-29T12:55:42Z' uid='1293386' user='Sal73x' visible='true' version='1' changeset='126779720' lat='10.325314' lon='37.740797' />
  <node id='10060872392' timestamp='2022-09-29T12:55:42Z' uid='1293386' user='Sal73x' visible='true' version='1' changeset='126779720' lat='10.3235586' lon='37.7414492' />
  <node id='10060872393' timestamp='2022-09-29T12:55:42Z' uid='1293386' user='Sal73x' visible='true' version='1' changeset='126779720' lat='10.3233857' lon='37.7412971' />
  <node id='10060872394' timestamp='2022-09-29T12:55:42Z' uid='1293386' user='Sal73x' visible='true' version='1' changeset='126779720' lat='10.3165263' lon='37.7440508' />
  <node id='10060872395' timestamp='2022-09-29T12:55:42Z' uid='1293386' user='Sal73x' visible='true' version='1' changeset='126779720' lat='10.3164166' lon='37.7440677' />
  <node id='10060872396' timestamp='2022-09-29T12:55:42Z' uid='1293386' user='Sal73x' visible='true' version='1' changeset='126779720' lat='10.3163268' lon='37.7440474' />
  <node id='10060872397' timestamp='2022-09-29T12:55:42Z' uid='1293386' user='Sal73x' visible='true' version='1' changeset='126779720' lat='10.3162836' lon='37.7439629' />
  <node id='10060872398' timestamp='2022-09-29T12:55:42Z' uid='1293386' user='Sal73x' visible='true' version='1' changeset='126779720' lat='10.3163002' lon='37.7438953' />
  <node id='10060872399' timestamp='2022-09-29T12:55:42Z' uid='1293386' user='Sal73x' visible='true' version='1' changeset='126779720' lat='10.3163567' lon='37.7438345' />
  <node id='10060872400' timestamp='2022-09-29T12:55:42Z' uid='1293386' user='Sal73x' visible='true' version='1' changeset='126779720' lat='10.3164764' lon='37.7437737' />
  <node id='10060872401' timestamp='2022-09-29T12:55:42Z' uid='1293386' user='Sal73x' visible='true' version='1' changeset='126779720' lat='10.3231914' lon='37.7410768' />
  <node id='10060872402' timestamp='2022-09-29T12:55:42Z' uid='1293386' user='Sal73x' visible='true' version='1' changeset='126779720' lat='10.3260407' lon='37.7396338' />
  <node id='10060872403' timestamp='2022-09-29T12:55:42Z' uid='1293386' user='Sal73x' visible='true' version='1' changeset='126779720' lat='10.3262036' lon='37.7395256' />
  <node id='10060872404' timestamp='2022-09-29T12:55:42Z' uid='1293386' user='Sal73x' visible='true' version='1' changeset='126779720' lat='10.3262368' lon='37.7394479' />
  <node id='10060872405' timestamp='2022-09-29T12:55:42Z' uid='1293386' user='Sal73x' visible='true' version='1' changeset='126779720' lat='10.326177' lon='37.7394141' />
  <node id='10060872406' timestamp='2022-09-29T12:55:42Z' uid='1293386' user='Sal73x' visible='true' version='1' changeset='126779720' lat='10.3258379' lon='37.7395628' />
  <node id='10060872407' timestamp='2022-09-29T12:55:42Z' uid='1293386' user='Sal73x' visible='true' version='1' changeset='126779720' lat='10.3250533' lon='37.7400021' />
  <node id='10060872408' timestamp='2022-09-29T12:55:42Z' uid='1293386' user='Sal73x' visible='true' version='1' changeset='126779720' lat='10.3238398' lon='37.7406374' />
  <node id='10060872409' timestamp='2022-09-29T12:55:42Z' uid='1293386' user='Sal73x' visible='true' version='1' changeset='126779720' lat='10.323105' lon='37.7409348' />
  <node id='10060872410' timestamp='2022-09-29T12:55:42Z' uid='1293386' user='Sal73x' visible='true' version='1' changeset='126779720' lat='10.3217618' lon='37.7414857' />
  <node id='10060872411' timestamp='2022-09-29T12:55:42Z' uid='1293386' user='Sal73x' visible='true' version='1' changeset='126779720' lat='10.32119' lon='37.74156' />
  <node id='10060872412' timestamp='2022-09-29T12:55:42Z' uid='1293386' user='Sal73x' visible='true' version='1' changeset='126779720' lat='10.3150792' lon='37.7417999' />
  <node id='10060872413' timestamp='2022-09-29T12:55:42Z' uid='1293386' user='Sal73x' visible='true' version='1' changeset='126779720' lat='10.3352338' lon='37.7444268' />
  <node id='10060872414' timestamp='2022-09-29T12:55:42Z' uid='1293386' user='Sal73x' visible='true' version='1' changeset='126779720' lat='10.3361386' lon='37.7450112' />
  <node id='10060872415' timestamp='2022-09-29T12:55:42Z' uid='1293386' user='Sal73x' visible='true' version='1' changeset='126779720' lat='10.3387424' lon='37.741518' />
  <node id='10060872416' timestamp='2022-09-29T12:55:42Z' uid='1293386' user='Sal73x' visible='true' version='1' changeset='126779720' lat='10.3418527' lon='37.742222' />
  <node id='10060881017' timestamp='2022-09-29T12:55:42Z' uid='1293386' user='Sal73x' visible='true' version='1' changeset='126779720' lat='10.3463629' lon='37.742194' />
  <node id='10060881018' timestamp='2022-09-29T12:55:42Z' uid='1293386' user='Sal73x' visible='true' version='1' changeset='126779720' lat='10.3487047' lon='37.741729' />
  <node id='10060881019' timestamp='2022-09-29T12:55:42Z' uid='1293386' user='Sal73x' visible='true' version='1' changeset='126779720' lat='10.3510678' lon='37.7420587' />
  <node id='10060881074' timestamp='2022-09-29T12:55:42Z' uid='1293386' user='Sal73x' visible='true' version='1' changeset='126779720' lat='10.3535226' lon='37.7412698' />
  <node id='10060881075' timestamp='2022-09-29T12:55:42Z' uid='1293386' user='Sal73x' visible='true' version='1' changeset='126779720' lat='10.3537281' lon='37.7394192' />
  <node id='10060881076' timestamp='2022-09-29T12:55:42Z' uid='1293386' user='Sal73x' visible='true' version='1' changeset='126779720' lat='10.3535125' lon='37.7393114' />
  <node id='10060881077' timestamp='2022-09-29T12:55:42Z' uid='1293386' user='Sal73x' visible='true' version='1' changeset='126779720' lat='10.353346' lon='37.7379802' />
  <node id='10060881078' timestamp='2022-09-29T12:55:42Z' uid='1293386' user='Sal73x' visible='true' version='1' changeset='126779720' lat='10.3525926' lon='37.7365482' />
  <node id='10154684584' timestamp='2022-11-03T13:38:37Z' uid='1293386' user='Sal73x' visible='true' version='1' changeset='128439842' lat='10.3612619' lon='37.7273011' />
  <node id='10154684585' timestamp='2022-11-03T13:38:37Z' uid='1293386' user='Sal73x' visible='true' version='1' changeset='128439842' lat='10.3620791' lon='37.7281896' />
  <node id='10154684586' timestamp='2022-11-03T13:38:37Z' uid='1293386' user='Sal73x' visible='true' version='1' changeset='128439842' lat='10.3621322' lon='37.7289307' />
  <node id='10154684587' timestamp='2022-11-03T13:38:37Z' uid='1293386' user='Sal73x' visible='true' version='1' changeset='128439842' lat='10.3614581' lon='37.7288312' />
  <node id='10154684588' timestamp='2022-11-03T13:38:37Z' uid='1293386' user='Sal73x' visible='true' version='1' changeset='128439842' lat='10.361757' lon='37.729294' />
  <node id='10154684589' timestamp='2022-11-03T13:38:37Z' uid='1293386' user='Sal73x' visible='true' version='1' changeset='128439842' lat='10.3536172' lon='37.723643' />
  <node id='10154684590' timestamp='2022-11-03T13:38:37Z' uid='1293386' user='Sal73x' visible='true' version='1' changeset='128439842' lat='10.3525021' lon='37.721417' />
  <node id='10154684591' timestamp='2022-11-03T13:38:37Z' uid='1293386' user='Sal73x' visible='true' version='1' changeset='128439842' lat='10.3529864' lon='37.7179229' />
  <node id='10154684592' timestamp='2025-08-22T21:05:58Z' uid='1779832' user='Ukundji' visible='true' version='2' changeset='170852354' lat='10.3531336' lon='37.7146885' />
  <node id='10154684593' timestamp='2022-11-03T13:38:37Z' uid='1293386' user='Sal73x' visible='true' version='1' changeset='128439842' lat='10.3555652' lon='37.7179389' />
  <node id='10154684594' timestamp='2022-11-03T13:38:37Z' uid='1293386' user='Sal73x' visible='true' version='1' changeset='128439842' lat='10.3540219' lon='37.719157' />
  <node id='10154684603' timestamp='2025-08-22T21:05:58Z' uid='1779832' user='Ukundji' visible='true' version='2' changeset='170852354' lat='10.3508059' lon='37.7147183' />
  <node id='10154684604' timestamp='2025-08-22T21:05:58Z' uid='1779832' user='Ukundji' visible='true' version='2' changeset='170852354' lat='10.3465898' lon='37.7149953' />
  <node id='10154684605' timestamp='2025-08-22T21:05:58Z' uid='1779832' user='Ukundji' visible='true' version='2' changeset='170852354' lat='10.3456814' lon='37.7149001' />
  <node id='10154684606' timestamp='2025-08-22T21:05:58Z' uid='1779832' user='Ukundji' visible='true' version='2' changeset='170852354' lat='10.3456183' lon='37.7134156' />
  <node id='10154684607' timestamp='2022-11-03T13:38:37Z' uid='1293386' user='Sal73x' visible='true' version='1' changeset='128439842' lat='10.3419722' lon='37.7135591' />
  <node id='10154684608' timestamp='2022-11-03T13:38:37Z' uid='1293386' user='Sal73x' visible='true' version='1' changeset='128439842' lat='10.3422616' lon='37.714477' />
  <node id='10154684609' timestamp='2022-11-03T13:38:37Z' uid='1293386' user='Sal73x' visible='true' version='1' changeset='128439842' lat='10.3386508' lon='37.7161646' />
  <node id='10154684610' timestamp='2022-11-03T13:38:37Z' uid='1293386' user='Sal73x' visible='true' version='1' changeset='128439842' lat='10.3386054' lon='37.718208' />
  <node id='10154684611' timestamp='2022-11-03T13:38:37Z' uid='1293386' user='Sal73x' visible='true' version='1' changeset='128439842' lat='10.3348798' lon='37.7213405' />
  <node id='10154684612' timestamp='2022-11-03T13:38:37Z' uid='1293386' user='Sal73x' visible='true' version='1' changeset='128439842' lat='10.3332723' lon='37.7203106' />
  <node id='10154684613' timestamp='2022-11-03T13:38:37Z' uid='1293386' user='Sal73x' visible='true' version='1' changeset='128439842' lat='10.3312591' lon='37.7208705' />
  <node id='10154684614' timestamp='2022-11-03T13:38:37Z' uid='1293386' user='Sal73x' visible='true' version='1' changeset='128439842' lat='10.3294563' lon='37.7216655' />
  <node id='10154684615' timestamp='2022-11-03T13:38:37Z' uid='1293386' user='Sal73x' visible='true' version='1' changeset='128439842' lat='10.3239385' lon='37.7187726' />
  <node id='10154684616' timestamp='2022-11-03T13:38:37Z' uid='1293386' user='Sal73x' visible='true' version='1' changeset='128439842' lat='10.322277' lon='37.7211857' />
  <node id='10154727717' timestamp='2022-11-03T13:38:37Z' uid='1293386' user='Sal73x' visible='true' version='1' changeset='128439842' lat='10.3150641' lon='37.7218524' />
  <node id='10154727718' timestamp='2022-11-03T13:38:37Z' uid='1293386' user='Sal73x' visible='true' version='1' changeset='128439842' lat='10.3169055' lon='37.722074' />
  <node id='10154727719' timestamp='2022-11-03T13:38:37Z' uid='1293386' user='Sal73x' visible='true' version='1' changeset='128439842' lat='10.3194672' lon='37.7211659' />
  <node id='10154727720' timestamp='2022-11-03T13:38:37Z' uid='1293386' user='Sal73x' visible='true' version='1' changeset='128439842' lat='10.3178562' lon='37.7226138' />
  <node id='10154727721' timestamp='2022-11-03T13:38:37Z' uid='1293386' user='Sal73x' visible='true' version='1' changeset='128439842' lat='10.3126252' lon='37.7208068' />
  <node id='10154727722' timestamp='2022-11-03T13:38:37Z' uid='1293386' user='Sal73x' visible='true' version='1' changeset='128439842' lat='10.3123843' lon='37.7214693' />
  <node id='10154727723' timestamp='2022-11-03T13:38:37Z' uid='1293386' user='Sal73x' visible='true' version='1' changeset='128439842' lat='10.3106383' lon='37.7210778' />
  <node id='10154727724' timestamp='2022-11-03T13:38:37Z' uid='1293386' user='Sal73x' visible='true' version='1' changeset='128439842' lat='10.3066658' lon='37.7266784' />
  <node id='10154727725' timestamp='2022-11-03T13:38:37Z' uid='1293386' user='Sal73x' visible='true' version='1' changeset='128439842' lat='10.3074956' lon='37.7269689' />
  <node id='10154727726' timestamp='2022-11-03T13:38:37Z' uid='1293386' user='Sal73x' visible='true' version='1' changeset='128439842' lat='10.3078602' lon='37.7275919' />
  <node id='10154727727' timestamp='2022-11-03T13:38:37Z' uid='1293386' user='Sal73x' visible='true' version='1' changeset='128439842' lat='10.3077795' lon='37.7262478' />
  <node id='10154727728' timestamp='2022-11-03T13:38:37Z' uid='1293386' user='Sal73x' visible='true' version='1' changeset='128439842' lat='10.3100675' lon='37.7261196' />
  <node id='10154727729' timestamp='2022-11-03T13:38:37Z' uid='1293386' user='Sal73x' visible='true' version='1' changeset='128439842' lat='10.3102845' lon='37.7267654' />
  <node id='10154727730' timestamp='2022-11-03T13:38:37Z' uid='1293386' user='Sal73x' visible='true' version='1' changeset='128439842' lat='10.3098597' lon='37.7286242' />
  <node id='10154727731' timestamp='2022-11-03T13:38:37Z' uid='1293386' user='Sal73x' visible='true' version='1' changeset='128439842' lat='10.3060544' lon='37.7304604' />
  <node id='10154727732' timestamp='2022-11-03T13:38:37Z' uid='1293386' user='Sal73x' visible='true' version='1' changeset='128439842' lat='10.3064294' lon='37.7360168' />
  <node id='10154727733' timestamp='2022-11-03T13:38:37Z' uid='1293386' user='Sal73x' visible='true' version='1' changeset='128439842' lat='10.304539' lon='37.7364218' />
  <node id='10154727734' timestamp='2022-11-03T13:38:37Z' uid='1293386' user='Sal73x' visible='true' version='1' changeset='128439842' lat='10.3032255' lon='37.7354239' />
  <node id='10154727735' timestamp='2022-11-03T13:38:37Z' uid='1293386' user='Sal73x' visible='true' version='1' changeset='128439842' lat='10.30408' lon='37.7345894' />
  <node id='10154727736' timestamp='2022-11-03T13:38:37Z' uid='1293386' user='Sal73x' visible='true' version='1' changeset='128439842' lat='10.3042405' lon='37.7328814' />
  <node id='10154727737' timestamp='2022-11-03T13:38:37Z' uid='1293386' user='Sal73x' visible='true' version='1' changeset='128439842' lat='10.3082914' lon='37.7409237' />
  <node id='10154727738' timestamp='2022-11-03T13:38:37Z' uid='1293386' user='Sal73x' visible='true' version='1' changeset='128439842' lat='10.3068651' lon='37.7375539' />
  <node id='10154727739' timestamp='2022-11-03T13:38:37Z' uid='1293386' user='Sal73x' visible='true' version='1' changeset='128439842' lat='10.3082132' lon='37.7414975' />
  <node id='10154727740' timestamp='2022-11-03T13:38:37Z' uid='1293386' user='Sal73x' visible='true' version='1' changeset='128439842' lat='10.3057859' lon='37.7411533' />
  <node id='10154727741' timestamp='2022-11-03T13:38:37Z' uid='1293386' user='Sal73x' visible='true' version='1' changeset='128439842' lat='10.3059827' lon='37.7385146' />
  <node id='10154727742' timestamp='2022-11-03T13:38:37Z' uid='1293386' user='Sal73x' visible='true' version='1' changeset='128439842' lat='10.3299038' lon='37.7513647' />
  <node id='10154727743' timestamp='2022-11-03T13:38:37Z' uid='1293386' user='Sal73x' visible='true' version='1' changeset='128439842' lat='10.333208' lon='37.7493901' />
  <node id='10154727744' timestamp='2022-11-03T13:38:37Z' uid='1293386' user='Sal73x' visible='true' version='1' changeset='128439842' lat='10.3346061' lon='37.745873' />
  <node id='10154727745' timestamp='2022-11-03T13:38:37Z' uid='1293386' user='Sal73x' visible='true' version='1' changeset='128439842' lat='10.3347578' lon='37.7470766' />
  <node id='10154727746' timestamp='2022-11-03T13:38:37Z' uid='1293386' user='Sal73x' visible='true' version='1' changeset='128439842' lat='10.3347701' lon='37.7485173' />
  <node id='10154727747' timestamp='2022-11-03T13:38:37Z' uid='1293386' user='Sal73x' visible='true' version='1' changeset='128439842' lat='10.3358941' lon='37.7477582' />
  <node id='10154727748' timestamp='2022-11-03T13:38:37Z' uid='1293386' user='Sal73x' visible='true' version='1' changeset='128439842' lat='10.3358019' lon='37.749764' />
  <node id='10154727749' timestamp='2022-11-03T13:38:37Z' uid='1293386' user='Sal73x' visible='true' version='1' changeset='128439842' lat='10.3366225' lon='37.7498066' />
  <node id='10154727750' timestamp='2022-11-03T13:38:37Z' uid='1293386' user='Sal73x' visible='true' version='1' changeset='128439842' lat='10.3377312' lon='37.7478918' />
  <node id='10154727751' timestamp='2022-11-03T13:38:37Z' uid='1293386' user='Sal73x' visible='true' version='1' changeset='128439842' lat='10.3377483' lon='37.7486298' />
  <node id='10154727752' timestamp='2022-11-03T13:38:37Z' uid='1293386' user='Sal73x' visible='true' version='1' changeset='128439842' lat='10.3373759' lon='37.7491924' />
  <node id='10154727753' timestamp='2022-11-03T13:38:37Z' uid='1293386' user='Sal73x' visible='true' version='1' changeset='128439842' lat='10.3371301' lon='37.7474507' />
  <node id='13090681629' timestamp='2025-08-22T21:05:58Z' uid='1779832' user='Ukundji' visible='true' version='1' changeset='170852354' lat='10.3453152' lon='37.7145361' />
  <node id='13090681630' timestamp='2025-08-22T21:05:58Z' uid='1779832' user='Ukundji' visible='true' version='1' changeset='170852354' lat='10.3455499' lon='37.7145912' />
  <node id='13090681631' timestamp='2025-08-22T21:05:58Z' uid='1779832' user='Ukundji' visible='true' version='1' changeset='170852354' lat='10.3520046' lon='37.7149491' />
  <node id='13090681632' timestamp='2025-08-22T21:05:58Z' uid='1779832' user='Ukundji' visible='true' version='1' changeset='170852354' lat='10.3521671' lon='37.7155364' />
  <node id='13090681633' timestamp='2025-08-22T21:05:58Z' uid='1779832' user='Ukundji' visible='true' version='1' changeset='170852354' lat='10.3525463' lon='37.7151326' />
  <node id='13090681634' timestamp='2025-08-22T21:05:58Z' uid='1779832' user='Ukundji' visible='true' version='1' changeset='170852354' lat='10.3528803' lon='37.7145912' />
  <node id='13090681635' timestamp='2025-08-22T21:05:58Z' uid='1779832' user='Ukundji' visible='true' version='1' changeset='170852354' lat='10.3556517' lon='37.7162155' />
  <node id='13090681636' timestamp='2025-08-22T21:05:58Z' uid='1779832' user='Ukundji' visible='true' version='1' changeset='170852354' lat='10.3543066' lon='37.7157108' />
  <node id='13090681637' timestamp='2025-08-22T21:05:58Z' uid='1779832' user='Ukundji' visible='true' version='1' changeset='170852354' lat='10.3538282' lon='37.7152244' />
  <node id='13097231862' timestamp='2025-08-25T21:50:38Z' uid='1779832' user='Ukundji' visible='true' version='1' changeset='170999127' lat='10.3296227' lon='37.7366692' />
  <node id='13097231863' timestamp='2025-08-25T21:50:38Z' uid='1779832' user='Ukundji' visible='true' version='1' changeset='170999127' lat='10.3296807' lon='37.7365217' />
  <node id='13097231868' timestamp='2025-08-25T21:50:38Z' uid='1779832' user='Ukundji' visible='true' version='1' changeset='170999127' lat='10.3303219' lon='37.7376804' />
  <node id='13828187015' action='modify' timestamp='2026-05-14T15:40:54Z' uid='24127657' user='ErmiyasGirma' visible='true' version='1' changeset='182656768' lat='10.33177666798' lon='37.74323757732' />
  <node id='13828187016' action='modify' timestamp='2026-05-14T15:40:54Z' uid='24127657' user='ErmiyasGirma' visible='true' version='1' changeset='182656768' lat='10.33068631329' lon='37.7457213043' />
  <node id='13828187017' action='modify' timestamp='2026-05-15T10:05:04Z' uid='22828305' user='eyob-ka' visible='true' version='2' changeset='182689864' lat='10.3312476533' lon='37.7422293454' />
  <node id='13828187018' action='modify' timestamp='2026-05-14T15:40:54Z' uid='24127657' user='ErmiyasGirma' visible='true' version='1' changeset='182656768' lat='10.33183525167' lon='37.74177168895' />
  <node id='13828187019' action='modify' timestamp='2026-05-14T15:40:54Z' uid='24127657' user='ErmiyasGirma' visible='true' version='1' changeset='182656768' lat='10.33167536753' lon='37.74069327976' />
  <node id='13828187020' action='modify' timestamp='2026-05-14T15:40:54Z' uid='24127657' user='ErmiyasGirma' visible='true' version='1' changeset='182656768' lat='10.33174056128' lon='37.74161061779' />
  <node id='13828187021' action='modify' timestamp='2026-05-14T15:40:54Z' uid='24127657' user='ErmiyasGirma' visible='true' version='1' changeset='182656768' lat='10.3312353966' lon='37.74074924663' />
  <node id='13828187022' action='modify' timestamp='2026-05-14T15:40:54Z' uid='24127657' user='ErmiyasGirma' visible='true' version='1' changeset='182656768' lat='10.3310951647' lon='37.74054597976' />
  <node id='13828187023' action='modify' timestamp='2026-05-14T15:40:54Z' uid='24127657' user='ErmiyasGirma' visible='true' version='1' changeset='182656768' lat='10.33037305843' lon='37.7414798086' />
  <node id='13828187024' action='modify' timestamp='2026-05-14T15:40:54Z' uid='24127657' user='ErmiyasGirma' visible='true' version='1' changeset='182656768' lat='10.33009680281' lon='37.74130065767' />
  <node id='13828187025' timestamp='2026-05-14T15:40:54Z' uid='24127657' user='ErmiyasGirma' visible='true' version='1' changeset='182656768' lat='10.3300218' lon='37.7411716' />
  <node id='13828187026' timestamp='2026-05-14T15:40:54Z' uid='24127657' user='ErmiyasGirma' visible='true' version='1' changeset='182656768' lat='10.3299549' lon='37.7408941' />
  <node id='13828187027' action='modify' timestamp='2026-05-14T15:40:54Z' uid='24127657' user='ErmiyasGirma' visible='true' version='1' changeset='182656768' lat='10.33076345201' lon='37.74096071105' />
  <node id='13828187028' timestamp='2026-05-14T15:40:54Z' uid='24127657' user='ErmiyasGirma' visible='true' version='1' changeset='182656768' lat='10.3297926' lon='37.7401542' />
  <node id='13828187029' action='modify' timestamp='2026-05-14T15:40:54Z' uid='24127657' user='ErmiyasGirma' visible='true' version='1' changeset='182656768' lat='10.33126135852' lon='37.74393337732' />
  <node id='13828187030' action='modify' timestamp='2026-05-15T10:05:04Z' uid='22828305' user='eyob-ka' visible='true' version='2' changeset='182689864' lat='10.33034286828' lon='37.7433608497' />
  <node id='13828187031' action='modify' timestamp='2026-05-14T15:40:54Z' uid='24127657' user='ErmiyasGirma' visible='true' version='1' changeset='182656768' lat='10.32984776798' lon='37.74293082761' />
  <node id='13828187032' timestamp='2026-05-14T15:40:54Z' uid='24127657' user='ErmiyasGirma' visible='true' version='1' changeset='182656768' lat='10.3297621' lon='37.7427889' />
  <node id='13828187033' action='modify' timestamp='2026-05-14T15:40:54Z' uid='24127657' user='ErmiyasGirma' visible='true' version='1' changeset='182656768' lat='10.32939675496' lon='37.74245757546' />
  <node id='13828187034' action='modify' timestamp='2026-05-15T11:51:05Z' uid='24127657' user='ErmiyasGirma' visible='true' version='3' changeset='182694584' lat='10.32965570632' lon='37.7428222589'>
    <tag k='entrance' v='yes' />
  </node>
  <node id='13828187035' action='modify' timestamp='2026-05-14T15:40:54Z' uid='24127657' user='ErmiyasGirma' visible='true' version='1' changeset='182656768' lat='10.33024266795' lon='37.74469942209' />
  <node id='13828187036' action='modify' timestamp='2026-05-14T15:40:54Z' uid='24127657' user='ErmiyasGirma' visible='true' version='1' changeset='182656768' lat='10.33003576797' lon='37.74480562209' />
  <node id='13828187037' action='modify' timestamp='2026-05-14T15:40:54Z' uid='24127657' user='ErmiyasGirma' visible='true' version='1' changeset='182656768' lat='10.33002346797' lon='37.74478092209' />
  <node id='13828187038' action='modify' timestamp='2026-05-14T15:40:54Z' uid='24127657' user='ErmiyasGirma' visible='true' version='1' changeset='182656768' lat='10.33000696797' lon='37.74478942209' />
  <node id='13828187039' action='modify' timestamp='2026-05-14T15:40:54Z' uid='24127657' user='ErmiyasGirma' visible='true' version='1' changeset='182656768' lat='10.32998196797' lon='37.74473902209' />
  <node id='13828187040' action='modify' timestamp='2026-05-14T15:40:54Z' uid='24127657' user='ErmiyasGirma' visible='true' version='1' changeset='182656768' lat='10.329993' lon='37.74468364172' />
  <node id='13828187041' action='delete' timestamp='2026-05-14T15:40:54Z' uid='24127657' user='ErmiyasGirma' visible='true' version='1' changeset='182656768' lat='10.32999996797' lon='37.74468422209' />
  <node id='13828187042' action='modify' timestamp='2026-05-14T15:40:54Z' uid='24127657' user='ErmiyasGirma' visible='true' version='1' changeset='182656768' lat='10.33018736796' lon='37.74458802209' />
  <node id='13828187043' action='modify' timestamp='2026-05-15T10:05:04Z' uid='22828305' user='eyob-ka' visible='true' version='2' changeset='182689864' lat='10.33004251657' lon='37.74394969511' />
  <node id='13828187044' action='delete' timestamp='2026-05-14T15:40:54Z' uid='24127657' user='ErmiyasGirma' visible='true' version='1' changeset='182656768' lat='10.33066397027' lon='37.74404768268' />
  <node id='13828187045' action='modify' timestamp='2026-05-14T15:40:54Z' uid='24127657' user='ErmiyasGirma' visible='true' version='1' changeset='182656768' lat='10.33086760053' lon='37.74356760308' />
  <node id='13828187046' action='modify' timestamp='2026-05-14T15:40:54Z' uid='24127657' user='ErmiyasGirma' visible='true' version='1' changeset='182656768' lat='10.33024828767' lon='37.74380412639' />
  <node id='13828187047' action='modify' timestamp='2026-05-14T15:40:54Z' uid='24127657' user='ErmiyasGirma' visible='true' version='1' changeset='182656768' lat='10.33085047454' lon='37.74481649633' />
  <node id='13828187048' action='modify' timestamp='2026-05-14T15:40:54Z' uid='24127657' user='ErmiyasGirma' visible='true' version='1' changeset='182656768' lat='10.32985503913' lon='37.74449475645' />
  <node id='13828187049' action='modify' timestamp='2026-05-14T15:40:54Z' uid='24127657' user='ErmiyasGirma' visible='true' version='1' changeset='182656768' lat='10.32998893911' lon='37.7446151589' />
  <node id='13828187050' action='modify' timestamp='2026-05-14T15:40:54Z' uid='24127657' user='ErmiyasGirma' visible='true' version='1' changeset='182656768' lat='10.32996363241' lon='37.7459680043' />
  <node id='13828187051' action='modify' timestamp='2026-05-15T10:05:04Z' uid='22828305' user='eyob-ka' visible='true' version='2' changeset='182689864' lat='10.32909880679' lon='37.74602104663' />
  <node id='13828187052' action='modify' timestamp='2026-05-14T15:40:54Z' uid='24127657' user='ErmiyasGirma' visible='true' version='1' changeset='182656768' lat='10.32997381658' lon='37.74559788651' />
  <node id='13828187053' action='modify' timestamp='2026-05-14T15:40:54Z' uid='24127657' user='ErmiyasGirma' visible='true' version='1' changeset='182656768' lat='10.33022319049' lon='37.74595458651' />
  <node id='13828391218' action='modify' timestamp='2026-05-15T10:05:04Z' uid='22828305' user='eyob-ka' visible='true' version='3' changeset='182689864' lat='10.3302436683' lon='37.74353972148' />
  <node id='13828391219' action='modify' timestamp='2026-05-15T11:51:05Z' uid='24127657' user='ErmiyasGirma' visible='true' version='2' changeset='182694584' lat='10.33074981328' lon='37.74378737976'>
    <tag k='entrance' v='yes' />
  </node>
  <node id='13828391220' action='modify' timestamp='2026-05-14T16:42:49Z' uid='24127657' user='ErmiyasGirma' visible='true' version='1' changeset='182660118' lat='10.33054478443' lon='37.74368870308' />
  <node id='13828391221' action='modify' timestamp='2026-05-14T16:42:49Z' uid='24127657' user='ErmiyasGirma' visible='true' version='1' changeset='182660118' lat='10.33019683311' lon='37.743832054'>
    <tag k='highway' v='crossing' />
  </node>
  <node id='13828391222' action='delete' timestamp='2026-05-14T16:42:49Z' uid='24127657' user='ErmiyasGirma' visible='true' version='1' changeset='182660118' lat='10.33091082917' lon='37.74388709203' />
  <node id='13828391223' action='modify' timestamp='2026-05-14T16:42:49Z' uid='24127657' user='ErmiyasGirma' visible='true' version='1' changeset='182660118' lat='10.3310664647' lon='37.7439619454' />
  <node id='13828391224' action='modify' timestamp='2026-05-14T16:42:49Z' uid='24127657' user='ErmiyasGirma' visible='true' version='1' changeset='182660118' lat='10.33093411299' lon='37.74389003988' />
  <node id='13828391225' action='modify' timestamp='2026-05-14T16:42:49Z' uid='24127657' user='ErmiyasGirma' visible='true' version='1' changeset='182660118' lat='10.33100594534' lon='37.74376323436' />
  <node id='13828391226' action='modify' timestamp='2026-05-14T16:42:49Z' uid='24127657' user='ErmiyasGirma' visible='true' version='1' changeset='182660118' lat='10.33091621592' lon='37.74371165337' />
  <node id='13828391227' action='modify' timestamp='2026-05-14T16:42:49Z' uid='24127657' user='ErmiyasGirma' visible='true' version='1' changeset='182660118' lat='10.33097092892' lon='37.74364007669' />
  <node id='13828391228' action='delete' timestamp='2026-05-14T16:42:49Z' uid='24127657' user='ErmiyasGirma' visible='true' version='1' changeset='182660118' lat='10.32703421781' lon='37.74485468958' />
  <node id='13828391229' action='modify' timestamp='2026-05-14T16:42:49Z' uid='24127657' user='ErmiyasGirma' visible='true' version='1' changeset='182660118' lat='10.3275744962' lon='37.74527532331' />
  <node id='13828391230' action='modify' timestamp='2026-05-14T16:42:49Z' uid='24127657' user='ErmiyasGirma' visible='true' version='1' changeset='182660118' lat='10.32722333254' lon='37.74510645767' />
  <node id='13828391231' action='modify' timestamp='2026-05-14T16:42:49Z' uid='24127657' user='ErmiyasGirma' visible='true' version='1' changeset='182660118' lat='10.32718359218' lon='37.74509846749' />
  <node id='13828391232' action='modify' timestamp='2026-05-14T16:42:49Z' uid='24127657' user='ErmiyasGirma' visible='true' version='1' changeset='182660118' lat='10.33050420318' lon='37.74568505215' />
  <node id='13828391233' action='modify' timestamp='2026-05-15T10:05:04Z' uid='22828305' user='eyob-ka' visible='true' version='2' changeset='182689864' lat='10.33056328347' lon='37.74463638406' />
  <node id='13828391234' action='modify' timestamp='2026-05-14T16:42:49Z' uid='24127657' user='ErmiyasGirma' visible='true' version='1' changeset='182660118' lat='10.33043443905' lon='37.74489275093' />
  <node id='13828391235' action='modify' timestamp='2026-05-14T16:42:49Z' uid='24127657' user='ErmiyasGirma' visible='true' version='1' changeset='182660118' lat='10.33023525176' lon='37.74498069816' />
  <node id='13828391236' action='modify' timestamp='2026-05-14T16:42:49Z' uid='24127657' user='ErmiyasGirma' visible='true' version='1' changeset='182660118' lat='10.33014632642' lon='37.74498643866' />
  <node id='13828391237' action='modify' timestamp='2026-05-15T10:21:54Z' uid='22828305' user='eyob-ka' visible='true' version='2' changeset='182690736' lat='10.32998996443' lon='37.74505436319' />
  <node id='13828391238' action='modify' timestamp='2026-05-14T16:42:49Z' uid='24127657' user='ErmiyasGirma' visible='true' version='1' changeset='182660118' lat='10.33041664606' lon='37.74497063743' />
  <node id='13828391239' action='modify' timestamp='2026-05-14T16:42:49Z' uid='24127657' user='ErmiyasGirma' visible='true' version='1' changeset='182660118' lat='10.33075263265' lon='37.74515261043' />
  <node id='13828391240' action='modify' timestamp='2026-05-15T10:05:04Z' uid='22828305' user='eyob-ka' visible='true' version='2' changeset='182689864' lat='10.32946793558' lon='37.74519706872' />
  <node id='13828391241' action='modify' timestamp='2026-05-14T16:42:49Z' uid='24127657' user='ErmiyasGirma' visible='true' version='1' changeset='182660118' lat='10.32855560057' lon='37.74501636749' />
  <node id='13828391242' action='modify' timestamp='2026-05-14T16:42:49Z' uid='24127657' user='ErmiyasGirma' visible='true' version='1' changeset='182660118' lat='10.32932508063' lon='37.7451448043' />
  <node id='13828391243' action='modify' timestamp='2026-05-14T16:42:49Z' uid='24127657' user='ErmiyasGirma' visible='true' version='1' changeset='182660118' lat='10.3290838707' lon='37.74511173988' />
  <node id='13828419395' action='modify' timestamp='2026-05-14T16:48:20Z' uid='22828305' user='eyob-ka' visible='true' version='1' changeset='182660123' lat='10.32929587748' lon='37.75014904663' />
  <node id='13828419396' action='modify' timestamp='2026-05-14T17:21:29Z' uid='22828305' user='eyob-ka' visible='true' version='2' changeset='182662121' lat='10.32951070202' lon='37.74801508712' />
  <node id='13828419397' action='modify' timestamp='2026-05-14T16:48:20Z' uid='22828305' user='eyob-ka' visible='true' version='1' changeset='182660123' lat='10.33038237429' lon='37.74765973988' />
  <node id='13828419398' action='modify' timestamp='2026-05-14T16:48:20Z' uid='22828305' user='eyob-ka' visible='true' version='1' changeset='182660123' lat='10.33041867111' lon='37.74756460982' />
  <node id='13828419399' action='modify' timestamp='2026-05-14T16:48:20Z' uid='22828305' user='eyob-ka' visible='true' version='1' changeset='182660123' lat='10.33035919365' lon='37.74741382209' />
  <node id='13828419400' action='delete' timestamp='2026-05-14T16:48:20Z' uid='22828305' user='eyob-ka' visible='true' version='1' changeset='182660123' lat='10.33035647364' lon='37.74736627607' />
  <node id='13828425101' action='delete' timestamp='2026-05-14T16:48:20Z' uid='22828305' user='eyob-ka' visible='true' version='1' changeset='182660123' lat='10.33037760317' lon='37.74723655215' />
  <node id='13828425102' action='delete' timestamp='2026-05-14T16:48:20Z' uid='22828305' user='eyob-ka' visible='true' version='1' changeset='182660123' lat='10.33035203556' lon='37.74711925767' />
  <node id='13828425103' action='delete' timestamp='2026-05-15T11:40:15Z' uid='22828305' user='eyob-ka' visible='true' version='2' changeset='182694076' lat='10.33011548028' lon='37.74714687116'>
    <tag k='entrance' v='yes' />
  </node>
  <node id='13828425104' action='modify' timestamp='2026-05-14T16:48:20Z' uid='22828305' user='eyob-ka' visible='true' version='1' changeset='182660123' lat='10.33032669366' lon='37.74703043988' />
  <node id='13828425105' action='modify' timestamp='2026-05-15T11:02:30Z' uid='22828305' user='eyob-ka' visible='true' version='2' changeset='182692386' lat='10.33038327079' lon='37.74699069878'>
    <tag k='entrance' v='yes' />
  </node>
  <node id='13828425106' action='modify' timestamp='2026-05-14T16:48:20Z' uid='22828305' user='eyob-ka' visible='true' version='1' changeset='182660123' lat='10.33023135458' lon='37.7468572043' />
  <node id='13828425107' action='modify' timestamp='2026-05-14T16:48:20Z' uid='22828305' user='eyob-ka' visible='true' version='1' changeset='182660123' lat='10.3301538838' lon='37.74683360675' />
  <node id='13828425108' action='modify' timestamp='2026-05-14T16:48:20Z' uid='22828305' user='eyob-ka' visible='true' version='1' changeset='182660123' lat='10.3300767905' lon='37.7465021411' />
  <node id='13828425109' timestamp='2026-05-14T16:48:20Z' uid='22828305' user='eyob-ka' visible='true' version='1' changeset='182660123' lat='10.330005' lon='37.7464136' />
  <node id='13828425110' timestamp='2026-05-14T16:48:20Z' uid='22828305' user='eyob-ka' visible='true' version='1' changeset='182660123' lat='10.329983' lon='37.7461712' />
  <node id='13828425111' action='modify' timestamp='2026-05-14T16:48:20Z' uid='22828305' user='eyob-ka' visible='true' version='1' changeset='182660123' lat='10.33197571307' lon='37.74662482209' />
  <node id='13828425112' action='modify' timestamp='2026-05-14T16:48:20Z' uid='22828305' user='eyob-ka' visible='true' version='1' changeset='182660123' lat='10.33193222923' lon='37.74616733681' />
  <node id='13828425113' action='modify' timestamp='2026-05-14T16:48:20Z' uid='22828305' user='eyob-ka' visible='true' version='1' changeset='182660123' lat='10.33192358731' lon='37.74602813988' />
  <node id='13828425114' action='modify' timestamp='2026-05-14T16:48:20Z' uid='22828305' user='eyob-ka' visible='true' version='1' changeset='182660123' lat='10.33193834525' lon='37.74592008099' />
  <node id='13828425115' action='modify' timestamp='2026-05-14T16:48:20Z' uid='22828305' user='eyob-ka' visible='true' version='1' changeset='182660123' lat='10.33126228064' lon='37.74694557546' />
  <node id='13828425116' timestamp='2026-05-14T16:48:20Z' uid='22828305' user='eyob-ka' visible='true' version='1' changeset='182660123' lat='10.3314188' lon='37.747306' />
  <node id='13828425117' action='modify' timestamp='2026-05-14T16:48:20Z' uid='22828305' user='eyob-ka' visible='true' version='1' changeset='182660123' lat='10.33150454192' lon='37.7475368' />
  <node id='13828425118' action='modify' timestamp='2026-05-14T16:48:20Z' uid='22828305' user='eyob-ka' visible='true' version='1' changeset='182660123' lat='10.33155381279' lon='37.74759311349' />
  <node id='13828425119' action='modify' timestamp='2026-05-14T16:48:20Z' uid='22828305' user='eyob-ka' visible='true' version='1' changeset='182660123' lat='10.33167442576' lon='37.74778775767' />
  <node id='13828425120' action='modify' timestamp='2026-05-14T16:48:20Z' uid='22828305' user='eyob-ka' visible='true' version='1' changeset='182660123' lat='10.33183691602' lon='37.74801754663' />
  <node id='13828425121' timestamp='2026-05-14T16:48:20Z' uid='22828305' user='eyob-ka' visible='true' version='1' changeset='182660123' lat='10.3318852' lon='37.7480794' />
  <node id='13828425122' timestamp='2026-05-14T16:48:20Z' uid='22828305' user='eyob-ka' visible='true' version='1' changeset='182660123' lat='10.3320456' lon='37.7482512' />
  <node id='13828425123' action='modify' timestamp='2026-05-14T16:48:20Z' uid='22828305' user='eyob-ka' visible='true' version='1' changeset='182660123' lat='10.33188948705' lon='37.74838981779' />
  <node id='13828425124' action='modify' timestamp='2026-05-14T16:48:20Z' uid='22828305' user='eyob-ka' visible='true' version='1' changeset='182660123' lat='10.3309530549' lon='37.74741908712' />
  <node id='13828425125' action='modify' timestamp='2026-05-14T16:48:20Z' uid='22828305' user='eyob-ka' visible='true' version='1' changeset='182660123' lat='10.33051837111' lon='37.74759515215' />
  <node id='13828425126' action='modify' timestamp='2026-05-14T16:48:20Z' uid='22828305' user='eyob-ka' visible='true' version='1' changeset='182660123' lat='10.33047387428' lon='37.74770313988' />
  <node id='13828425127' action='modify' timestamp='2026-05-14T16:48:20Z' uid='22828305' user='eyob-ka' visible='true' version='1' changeset='182660123' lat='10.33076978064' lon='37.74840814663' />
  <node id='13828425128' action='modify' timestamp='2026-05-14T16:48:20Z' uid='22828305' user='eyob-ka' visible='true' version='1' changeset='182660123' lat='10.33060433237' lon='37.74801433314' />
  <node id='13828425129' action='modify' timestamp='2026-05-14T16:48:20Z' uid='22828305' user='eyob-ka' visible='true' version='1' changeset='182660123' lat='10.33041591302' lon='37.74810726994' />
  <node id='13828425130' action='modify' timestamp='2026-05-14T16:48:20Z' uid='22828305' user='eyob-ka' visible='true' version='1' changeset='182660123' lat='10.33026983239' lon='37.74819698099' />
  <node id='13828425131' action='modify' timestamp='2026-05-14T16:48:20Z' uid='22828305' user='eyob-ka' visible='true' version='1' changeset='182660123' lat='10.33018459366' lon='37.74793728773' />
  <node id='13828425132' action='modify' timestamp='2026-05-14T16:48:20Z' uid='22828305' user='eyob-ka' visible='true' version='1' changeset='182660123' lat='10.33013675176' lon='37.74782968221' />
  <node id='13828425133' action='modify' timestamp='2026-05-14T16:48:20Z' uid='22828305' user='eyob-ka' visible='true' version='1' changeset='182660123' lat='10.33008471145' lon='37.74777732822' />
  <node id='13828425134' action='modify' timestamp='2026-05-14T16:48:20Z' uid='22828305' user='eyob-ka' visible='true' version='1' changeset='182660123' lat='10.33020487429' lon='37.74823779325' />
  <node id='13828425135' action='modify' timestamp='2026-05-14T16:48:20Z' uid='22828305' user='eyob-ka' visible='true' version='1' changeset='182660123' lat='10.33016754859' lon='37.74826295767' />
  <node id='13828425136' timestamp='2026-05-14T16:48:20Z' uid='22828305' user='eyob-ka' visible='true' version='1' changeset='182660123' lat='10.3302812' lon='37.7484799' />
  <node id='13828425137' timestamp='2026-05-14T16:48:20Z' uid='22828305' user='eyob-ka' visible='true' version='1' changeset='182660123' lat='10.3303234' lon='37.7485448' />
  <node id='13828425138' action='modify' timestamp='2026-05-14T16:48:20Z' uid='22828305' user='eyob-ka' visible='true' version='1' changeset='182660123' lat='10.33045791936' lon='37.74862642884' />
  <node id='13828425139' action='modify' timestamp='2026-05-14T16:48:20Z' uid='22828305' user='eyob-ka' visible='true' version='1' changeset='182660123' lat='10.33021827746' lon='37.74728802884' />
  <node id='13828425140' timestamp='2026-05-14T16:48:20Z' uid='22828305' user='eyob-ka' visible='true' version='1' changeset='182660123' lat='10.3302622' lon='37.7474177' />
  <node id='13828425141' action='modify' timestamp='2026-05-14T16:48:20Z' uid='22828305' user='eyob-ka' visible='true' version='1' changeset='182660123' lat='10.32991808063' lon='37.74738446994' />
  <node id='13828425142' action='modify' timestamp='2026-05-14T16:48:20Z' uid='22828305' user='eyob-ka' visible='true' version='1' changeset='182660123' lat='10.32991882886' lon='37.74746408221' />
  <node id='13828425143' action='modify' timestamp='2026-05-14T16:48:20Z' uid='22828305' user='eyob-ka' visible='true' version='1' changeset='182660123' lat='10.32992087709' lon='37.74752528773' />
  <node id='13828425144' action='modify' timestamp='2026-05-14T16:48:20Z' uid='22828305' user='eyob-ka' visible='true' version='1' changeset='182660123' lat='10.32995053519' lon='37.74758854663' />
  <node id='13828425145' action='modify' timestamp='2026-05-14T16:48:20Z' uid='22828305' user='eyob-ka' visible='true' version='1' changeset='182660123' lat='10.32997101583' lon='37.74765105215' />
  <node id='13828425146' action='modify' timestamp='2026-05-14T16:48:20Z' uid='22828305' user='eyob-ka' visible='true' version='1' changeset='182660123' lat='10.3305981' lon='37.74853479325' />
  <node id='13828425147' timestamp='2026-05-14T16:48:20Z' uid='22828305' user='eyob-ka' visible='true' version='1' changeset='182660123' lat='10.3306547' lon='37.7486033' />
  <node id='13828425148' timestamp='2026-05-14T16:48:20Z' uid='22828305' user='eyob-ka' visible='true' version='1' changeset='182660123' lat='10.3307828' lon='37.7487496' />
  <node id='13828425149' timestamp='2026-05-14T16:48:20Z' uid='22828305' user='eyob-ka' visible='true' version='1' changeset='182660123' lat='10.3308517' lon='37.7488254' />
  <node id='13828425150' timestamp='2026-05-14T16:48:20Z' uid='22828305' user='eyob-ka' visible='true' version='1' changeset='182660123' lat='10.3309997' lon='37.7489997' />
  <node id='13828425151' timestamp='2026-05-14T16:48:20Z' uid='22828305' user='eyob-ka' visible='true' version='1' changeset='182660123' lat='10.3311347' lon='37.7491608' />
  <node id='13828425152' action='modify' timestamp='2026-05-14T16:48:20Z' uid='22828305' user='eyob-ka' visible='true' version='1' changeset='182660123' lat='10.33099508701' lon='37.74929254663' />
  <node id='13828425153' action='modify' timestamp='2026-05-14T16:48:20Z' uid='22828305' user='eyob-ka' visible='true' version='1' changeset='182660123' lat='10.33123879021' lon='37.74954773558' />
  <node id='13828425154' action='modify' timestamp='2026-05-15T11:02:30Z' uid='22828305' user='eyob-ka' visible='true' version='2' changeset='182692386' lat='10.33128941557' lon='37.74963382698' />
  <node id='13828425155' action='modify' timestamp='2026-05-14T16:48:20Z' uid='22828305' user='eyob-ka' visible='true' version='1' changeset='182660123' lat='10.33143421278' lon='37.74930503681' />
  <node id='13828425156' action='modify' timestamp='2026-05-14T16:48:20Z' uid='22828305' user='eyob-ka' visible='true' version='1' changeset='182660123' lat='10.33089191936' lon='37.74994625337' />
  <node id='13828425157' action='modify' timestamp='2026-05-14T16:48:20Z' uid='22828305' user='eyob-ka' visible='true' version='1' changeset='182660123' lat='10.33019168697' lon='37.7500996' />
  <node id='13828425158' action='modify' timestamp='2026-05-14T16:48:20Z' uid='22828305' user='eyob-ka' visible='true' version='1' changeset='182660123' lat='10.32924285181' lon='37.74603606319' />
  <node id='13828425159' action='modify' timestamp='2026-05-14T16:48:20Z' uid='22828305' user='eyob-ka' visible='true' version='1' changeset='182660123' lat='10.32924917118' lon='37.74613545337' />
  <node id='13828425160' action='modify' timestamp='2026-05-14T16:48:20Z' uid='22828305' user='eyob-ka' visible='true' version='1' changeset='182660123' lat='10.32925659055' lon='37.74634637424' />
  <node id='13828425161' action='modify' timestamp='2026-05-14T16:48:20Z' uid='22828305' user='eyob-ka' visible='true' version='1' changeset='182660123' lat='10.32908618742' lon='37.74635422761' />
  <node id='13828425162' action='modify' timestamp='2026-05-14T16:48:20Z' uid='22828305' user='eyob-ka' visible='true' version='1' changeset='182660123' lat='10.32865059742' lon='37.7465779497' />
  <node id='13828425163' action='modify' timestamp='2026-05-15T11:40:15Z' uid='22828305' user='eyob-ka' visible='true' version='2' changeset='182694076' lat='10.32869879686' lon='37.7465802086' />
  <node id='13828425164' action='modify' timestamp='2026-05-14T16:48:20Z' uid='22828305' user='eyob-ka' visible='true' version='1' changeset='182660123' lat='10.32816650124' lon='37.7468757454' />
  <node id='13828425165' action='modify' timestamp='2026-05-14T16:48:20Z' uid='22828305' user='eyob-ka' visible='true' version='1' changeset='182660123' lat='10.32803309375' lon='37.74673205337' />
  <node id='13828425166' action='modify' timestamp='2026-05-14T17:21:29Z' uid='22828305' user='eyob-ka' visible='true' version='2' changeset='182662121' lat='10.32805975876' lon='37.74692014418' />
  <node id='13828425167' action='modify' timestamp='2026-05-14T16:48:20Z' uid='22828305' user='eyob-ka' visible='true' version='1' changeset='182660123' lat='10.32794276878' lon='37.74694407976' />
  <node id='13828425168' action='modify' timestamp='2026-05-14T16:48:20Z' uid='22828305' user='eyob-ka' visible='true' version='1' changeset='182660123' lat='10.32784151314' lon='37.74698156075' />
  <node id='13828425169' action='modify' timestamp='2026-05-14T16:48:20Z' uid='22828305' user='eyob-ka' visible='true' version='1' changeset='182660123' lat='10.32776627372' lon='37.74697708836' />
  <node id='13828425170' action='modify' timestamp='2026-05-14T16:48:20Z' uid='22828305' user='eyob-ka' visible='true' version='1' changeset='182660123' lat='10.32773174499' lon='37.74697272947' />
  <node id='13828425171' action='modify' timestamp='2026-05-14T16:48:20Z' uid='22828305' user='eyob-ka' visible='true' version='1' changeset='182660123' lat='10.32768056504' lon='37.74696028099' />
  <node id='13828425172' action='modify' timestamp='2026-05-14T16:48:20Z' uid='22828305' user='eyob-ka' visible='true' version='1' changeset='182660123' lat='10.32753606817' lon='37.74693353866' />
  <node id='13828425173' action='modify' timestamp='2026-05-14T16:48:20Z' uid='22828305' user='eyob-ka' visible='true' version='1' changeset='182660123' lat='10.3275907038' lon='37.74720709325' />
  <node id='13828425174' action='modify' timestamp='2026-05-14T16:48:20Z' uid='22828305' user='eyob-ka' visible='true' version='1' changeset='182660123' lat='10.32744443876' lon='37.74713443006' />
  <node id='13828425175' timestamp='2026-05-14T16:48:20Z' uid='22828305' user='eyob-ka' visible='true' version='1' changeset='182660123' lat='10.3273717' lon='37.7470799' />
  <node id='13828425176' timestamp='2026-05-14T16:48:20Z' uid='22828305' user='eyob-ka' visible='true' version='1' changeset='182660123' lat='10.3272971' lon='37.7470438' />
  <node id='13828425177' timestamp='2026-05-14T16:48:20Z' uid='22828305' user='eyob-ka' visible='true' version='1' changeset='182660123' lat='10.3272191' lon='37.7469783' />
  <node id='13828425178' timestamp='2026-05-14T16:48:20Z' uid='22828305' user='eyob-ka' visible='true' version='1' changeset='182660123' lat='10.3271799' lon='37.7469039' />
  <node id='13828425179' timestamp='2026-05-14T16:48:20Z' uid='22828305' user='eyob-ka' visible='true' version='1' changeset='182660123' lat='10.3271593' lon='37.7468096' />
  <node id='13828425180' action='modify' timestamp='2026-05-15T11:40:15Z' uid='22828305' user='eyob-ka' visible='true' version='2' changeset='182694076' lat='10.32716333876' lon='37.7467208043' />
  <node id='13828425181' action='modify' timestamp='2026-05-14T16:48:20Z' uid='22828305' user='eyob-ka' visible='true' version='1' changeset='182660123' lat='10.3275388744' lon='37.74732343191' />
  <node id='13828425182' action='modify' timestamp='2026-05-14T16:48:20Z' uid='22828305' user='eyob-ka' visible='true' version='1' changeset='182660123' lat='10.32744975262' lon='37.74732879203' />
  <node id='13828425183' action='modify' timestamp='2026-05-14T17:21:29Z' uid='22828305' user='eyob-ka' visible='true' version='2' changeset='182662121' lat='10.32739390766' lon='37.74734236319' />
  <node id='13828425184' action='modify' timestamp='2026-05-14T17:21:29Z' uid='22828305' user='eyob-ka' visible='true' version='2' changeset='182662121' lat='10.32734525575' lon='37.74740918651' />
  <node id='13828425185' action='modify' timestamp='2026-05-14T16:48:20Z' uid='22828305' user='eyob-ka' visible='true' version='1' changeset='182660123' lat='10.32734811005' lon='37.74743537546' />
  <node id='13828425186' action='modify' timestamp='2026-05-14T16:48:20Z' uid='22828305' user='eyob-ka' visible='true' version='1' changeset='182660123' lat='10.32739416507' lon='37.74748478099' />
  <node id='13828425187' action='modify' timestamp='2026-05-14T16:48:20Z' uid='22828305' user='eyob-ka' visible='true' version='1' changeset='182660123' lat='10.32744348444' lon='37.74754867424' />
  <node id='13828425188' action='modify' timestamp='2026-05-14T16:48:20Z' uid='22828305' user='eyob-ka' visible='true' version='1' changeset='182660123' lat='10.32810833' lon='37.74797063866' />
  <node id='13828425189' action='modify' timestamp='2026-05-14T16:48:20Z' uid='22828305' user='eyob-ka' visible='true' version='1' changeset='182660123' lat='10.32801526188' lon='37.74799009755' />
  <node id='13828425190' action='modify' timestamp='2026-05-14T16:48:20Z' uid='22828305' user='eyob-ka' visible='true' version='1' changeset='182660123' lat='10.32789704564' lon='37.74801375645' />
  <node id='13828425191' action='modify' timestamp='2026-05-14T16:48:20Z' uid='22828305' user='eyob-ka' visible='true' version='1' changeset='182660123' lat='10.32781015501' lon='37.74802407976' />
  <node id='13828425192' action='modify' timestamp='2026-05-14T16:48:20Z' uid='22828305' user='eyob-ka' visible='true' version='1' changeset='182660123' lat='10.32769931314' lon='37.74803373866' />
  <node id='13828425193' action='modify' timestamp='2026-05-14T16:48:20Z' uid='22828305' user='eyob-ka' visible='true' version='1' changeset='182660123' lat='10.32744637751' lon='37.74807119081' />
  <node id='13828425194' action='modify' timestamp='2026-05-14T16:48:20Z' uid='22828305' user='eyob-ka' visible='true' version='1' changeset='182660123' lat='10.32724848373' lon='37.74809015645' />
  <node id='13828425195' action='modify' timestamp='2026-05-14T16:48:20Z' uid='22828305' user='eyob-ka' visible='true' version='1' changeset='182660123' lat='10.32701706821' lon='37.74823602209' />
  <node id='13828425196' action='modify' timestamp='2026-05-14T16:48:20Z' uid='22828305' user='eyob-ka' visible='true' version='1' changeset='182660123' lat='10.32687837442' lon='37.7482705454' />
  <node id='13828425197' timestamp='2026-05-14T16:48:20Z' uid='22828305' user='eyob-ka' visible='true' version='1' changeset='182660123' lat='10.3266927' lon='37.7482541' />
  <node id='13828425198' timestamp='2026-05-14T16:48:20Z' uid='22828305' user='eyob-ka' visible='true' version='1' changeset='182660123' lat='10.3265798' lon='37.7482478' />
  <node id='13828425199' timestamp='2026-05-14T16:48:20Z' uid='22828305' user='eyob-ka' visible='true' version='1' changeset='182660123' lat='10.3264776' lon='37.7482296' />
  <node id='13828425200' timestamp='2026-05-14T16:48:20Z' uid='22828305' user='eyob-ka' visible='true' version='1' changeset='182660123' lat='10.326398' lon='37.7482145' />
  <node id='13828456855' action='modify' timestamp='2026-05-15T11:51:05Z' uid='24127657' user='ErmiyasGirma' visible='true' version='2' changeset='182694584' lat='10.32920593293' lon='37.74466273191' />
  <node id='13828456856' action='modify' timestamp='2026-05-14T17:31:30Z' uid='24127657' user='ErmiyasGirma' visible='true' version='1' changeset='182662505' lat='10.32899448428' lon='37.74443272087' />
  <node id='13828456857' action='delete' timestamp='2026-05-14T17:31:30Z' uid='24127657' user='ErmiyasGirma' visible='true' version='1' changeset='182662505' lat='10.32876859426' lon='37.74433616319' />
  <node id='13828456858' action='modify' timestamp='2026-05-15T10:05:04Z' uid='22828305' user='eyob-ka' visible='true' version='2' changeset='182689864' lat='10.3297744103' lon='37.74473463621' />
  <node id='13828456859' action='modify' timestamp='2026-05-14T17:31:30Z' uid='24127657' user='ErmiyasGirma' visible='true' version='1' changeset='182662505' lat='10.32959599412' lon='37.74461923866' />
  <node id='13828456860' action='modify' timestamp='2026-05-14T17:31:30Z' uid='24127657' user='ErmiyasGirma' visible='true' version='1' changeset='182662505' lat='10.32956263243' lon='37.74450962761' />
  <node id='13828456861' action='modify' timestamp='2026-05-15T10:05:04Z' uid='22828305' user='eyob-ka' visible='true' version='2' changeset='182689864' lat='10.32988123597' lon='37.74439448528' />
  <node id='13828456862' action='modify' timestamp='2026-05-14T17:31:30Z' uid='24127657' user='ErmiyasGirma' visible='true' version='1' changeset='182662505' lat='10.32971224231' lon='37.74434595523' />
  <node id='13828456863' action='modify' timestamp='2026-05-15T10:05:04Z' uid='22828305' user='eyob-ka' visible='true' version='2' changeset='182689864' lat='10.32992487469' lon='37.74427108958' />
  <node id='13828456864' action='modify' timestamp='2026-05-14T17:31:30Z' uid='24127657' user='ErmiyasGirma' visible='true' version='1' changeset='182662505' lat='10.32958621621' lon='37.74412198099' />
  <node id='13828456865' action='modify' timestamp='2026-05-14T17:31:30Z' uid='24127657' user='ErmiyasGirma' visible='true' version='1' changeset='182662505' lat='10.32949014505' lon='37.74398666809' />
  <node id='13828456866' action='modify' timestamp='2026-05-15T10:05:04Z' uid='22828305' user='eyob-ka' visible='true' version='2' changeset='182689864' lat='10.32997618773' lon='37.74413364418' />
  <node id='13828456867' action='modify' timestamp='2026-05-14T17:31:30Z' uid='24127657' user='ErmiyasGirma' visible='true' version='1' changeset='182662505' lat='10.32980946799' lon='37.74406172209' />
  <node id='13828456868' action='modify' timestamp='2026-05-15T06:55:13Z' uid='24127657' user='ErmiyasGirma' visible='true' version='2' changeset='182682090' lat='10.32976294862' lon='37.74403081105' />
  <node id='13828456869' action='delete' timestamp='2026-05-14T17:31:30Z' uid='24127657' user='ErmiyasGirma' visible='true' version='1' changeset='182662505' lat='10.32987582292' lon='37.74331959203' />
  <node id='13828456870' action='modify' timestamp='2026-05-15T11:51:05Z' uid='24127657' user='ErmiyasGirma' visible='true' version='3' changeset='182694584' lat='10.3299205328' lon='37.74325174418'>
    <tag k='entrance' v='yes' />
  </node>
  <node id='13828456871' action='modify' timestamp='2026-05-15T11:12:17Z' uid='24127657' user='ErmiyasGirma' visible='true' version='2' changeset='182692839' lat='10.33004429721' lon='37.74340515093' />
  <node id='13828456872' action='modify' timestamp='2026-05-15T11:51:05Z' uid='24127657' user='ErmiyasGirma' visible='true' version='3' changeset='182694584' lat='10.32999991658' lon='37.74350829203'>
    <tag k='entrance' v='yes' />
  </node>
  <node id='13828456873' action='modify' timestamp='2026-05-14T17:31:30Z' uid='24127657' user='ErmiyasGirma' visible='true' version='1' changeset='182662505' lat='10.33010276796' lon='37.74343558099' />
  <node id='13828456874' action='delete' timestamp='2026-05-15T06:55:13Z' uid='24127657' user='ErmiyasGirma' visible='true' version='2' changeset='182682090' lat='10.3297327' lon='37.7432261' />
  <node id='13828456875' action='delete' timestamp='2026-05-14T17:31:30Z' uid='24127657' user='ErmiyasGirma' visible='true' version='1' changeset='182662505' lat='10.3298764' lon='37.7429475' />
  <node id='13828456876' timestamp='2026-05-14T17:31:30Z' uid='24127657' user='ErmiyasGirma' visible='true' version='1' changeset='182662505' lat='10.3317501' lon='37.7441143' />
  <node id='13828456877' action='modify' timestamp='2026-05-15T06:13:30Z' uid='24127657' user='ErmiyasGirma' visible='true' version='2' changeset='182680695' lat='10.33174473232' lon='37.74418539325'>
    <tag k='entrance' v='yes' />
  </node>
  <node id='13828456878' action='modify' timestamp='2026-05-14T17:31:30Z' uid='24127657' user='ErmiyasGirma' visible='true' version='1' changeset='182662505' lat='10.33150848759' lon='37.74394789755' />
  <node id='13828456879' action='modify' timestamp='2026-05-15T06:13:30Z' uid='24127657' user='ErmiyasGirma' visible='true' version='2' changeset='182680695' lat='10.33139218722' lon='37.74403559878' />
  <node id='13828456880' action='modify' timestamp='2026-05-14T17:31:30Z' uid='24127657' user='ErmiyasGirma' visible='true' version='1' changeset='182662505' lat='10.33170349056' lon='37.74382849081' />
  <node id='13828456881' action='modify' timestamp='2026-05-15T06:13:30Z' uid='24127657' user='ErmiyasGirma' visible='true' version='2' changeset='182680695' lat='10.33173491631' lon='37.74387143314'>
    <tag k='entrance' v='yes' />
  </node>
  <node id='13828456882' action='modify' timestamp='2026-05-14T17:31:30Z' uid='24127657' user='ErmiyasGirma' visible='true' version='1' changeset='182662505' lat='10.33142051426' lon='37.74390623191' />
  <node id='13828456883' action='modify' timestamp='2026-05-15T06:13:30Z' uid='24127657' user='ErmiyasGirma' visible='true' version='2' changeset='182680695' lat='10.33145538172' lon='37.74380593866'>
    <tag k='entrance' v='yes' />
  </node>
  <node id='13828456885' action='modify' timestamp='2026-05-14T17:31:30Z' uid='24127657' user='ErmiyasGirma' visible='true' version='1' changeset='182662505' lat='10.33211201957' lon='37.74305276319' />
  <node id='13828456886' action='modify' timestamp='2026-05-15T10:05:04Z' uid='22828305' user='eyob-ka' visible='true' version='2' changeset='182689864' lat='10.33230479365' lon='37.74256914418' />
  <node id='13828456887' action='modify' timestamp='2026-05-14T17:31:30Z' uid='24127657' user='ErmiyasGirma' visible='true' version='1' changeset='182662505' lat='10.33214310331' lon='37.74246492761' />
  <node id='13828456888' action='modify' timestamp='2026-05-14T17:31:30Z' uid='24127657' user='ErmiyasGirma' visible='true' version='1' changeset='182662505' lat='10.33190401148' lon='37.74277233927' />
  <node id='13828456889' action='modify' timestamp='2026-05-15T10:05:04Z' uid='22828305' user='eyob-ka' visible='true' version='2' changeset='182689864' lat='10.3313671036' lon='37.74303198528' />
  <node id='13828456890' action='modify' timestamp='2026-05-14T17:31:30Z' uid='24127657' user='ErmiyasGirma' visible='true' version='1' changeset='182662505' lat='10.33171760351' lon='37.74262618528' />
  <node id='13828456891' action='modify' timestamp='2026-05-14T17:31:30Z' uid='24127657' user='ErmiyasGirma' visible='true' version='1' changeset='182662505' lat='10.33161660354' lon='37.74276008528' />
  <node id='13828456892' action='modify' timestamp='2026-05-14T17:31:30Z' uid='24127657' user='ErmiyasGirma' visible='true' version='1' changeset='182662505' lat='10.33163230353' lon='37.74279298528' />
  <node id='13828456893' action='modify' timestamp='2026-05-14T17:31:30Z' uid='24127657' user='ErmiyasGirma' visible='true' version='1' changeset='182662505' lat='10.33147000357' lon='37.74287958528' />
  <node id='13828456894' action='modify' timestamp='2026-05-14T17:31:30Z' uid='24127657' user='ErmiyasGirma' visible='true' version='1' changeset='182662505' lat='10.33145170358' lon='37.74285128528' />
  <node id='13828456895' action='modify' timestamp='2026-05-14T17:31:30Z' uid='24127657' user='ErmiyasGirma' visible='true' version='1' changeset='182662505' lat='10.33163470353' lon='37.74282938528' />
  <node id='13828456896' action='modify' timestamp='2026-05-14T17:31:30Z' uid='24127657' user='ErmiyasGirma' visible='true' version='1' changeset='182662505' lat='10.33162340354' lon='37.74286408528' />
  <node id='13828456897' action='modify' timestamp='2026-05-14T17:31:30Z' uid='24127657' user='ErmiyasGirma' visible='true' version='1' changeset='182662505' lat='10.33160020354' lon='37.74289198528' />
  <node id='13828456898' action='modify' timestamp='2026-05-14T17:31:30Z' uid='24127657' user='ErmiyasGirma' visible='true' version='1' changeset='182662505' lat='10.33156840355' lon='37.74290898528' />
  <node id='13828456899' action='modify' timestamp='2026-05-14T17:31:30Z' uid='24127657' user='ErmiyasGirma' visible='true' version='1' changeset='182662505' lat='10.33153260356' lon='37.74291258528' />
  <node id='13828456900' action='modify' timestamp='2026-05-14T17:31:30Z' uid='24127657' user='ErmiyasGirma' visible='true' version='1' changeset='182662505' lat='10.33149450357' lon='37.74290228528' />
  <node id='13828510411' action='modify' timestamp='2026-05-14T17:21:29Z' uid='22828305' user='eyob-ka' visible='true' version='1' changeset='182662121' lat='10.328120075' lon='37.74783829325' />
  <node id='13828510412' action='modify' timestamp='2026-05-14T17:21:29Z' uid='22828305' user='eyob-ka' visible='true' version='1' changeset='182662121' lat='10.32804888438' lon='37.74760950122' />
  <node id='13828510413' action='modify' timestamp='2026-05-14T17:21:29Z' uid='22828305' user='eyob-ka' visible='true' version='1' changeset='182662121' lat='10.32805729438' lon='37.74753226012' />
  <node id='13828510414' action='modify' timestamp='2026-05-14T17:21:29Z' uid='22828305' user='eyob-ka' visible='true' version='1' changeset='182662121' lat='10.32802899063' lon='37.74741152454' />
  <node id='13828510415' action='modify' timestamp='2026-05-14T17:21:29Z' uid='22828305' user='eyob-ka' visible='true' version='1' changeset='182662121' lat='10.328045865' lon='37.74736910982' />
  <node id='13828510416' action='modify' timestamp='2026-05-14T17:21:29Z' uid='22828305' user='eyob-ka' visible='true' version='1' changeset='182662121' lat='10.32810006187' lon='37.74727970552' />
  <node id='13828510417' action='modify' timestamp='2026-05-14T17:21:29Z' uid='22828305' user='eyob-ka' visible='true' version='1' changeset='182662121' lat='10.32870164557' lon='37.74739207976' />
  <node id='13828510418' action='modify' timestamp='2026-05-15T11:02:30Z' uid='22828305' user='eyob-ka' visible='true' version='2' changeset='182692386' lat='10.32973945494' lon='37.74851822761' />
  <node id='13828510419' action='modify' timestamp='2026-05-14T17:21:29Z' uid='22828305' user='eyob-ka' visible='true' version='1' changeset='182662121' lat='10.32936184865' lon='37.7487011454' />
  <node id='13828510420' action='modify' timestamp='2026-05-14T17:21:29Z' uid='22828305' user='eyob-ka' visible='true' version='1' changeset='182662121' lat='10.329157423' lon='37.74878895767' />
  <node id='13828510421' action='modify' timestamp='2026-05-14T17:21:29Z' uid='22828305' user='eyob-ka' visible='true' version='1' changeset='182662121' lat='10.32953072252' lon='37.74925634663' />
  <node id='13828510422' action='modify' timestamp='2026-05-14T17:21:29Z' uid='22828305' user='eyob-ka' visible='true' version='1' changeset='182662121' lat='10.32984331937' lon='37.74972709878' />
  <node id='13828510423' timestamp='2026-05-14T17:21:29Z' uid='22828305' user='eyob-ka' visible='true' version='1' changeset='182662121' lat='10.3293509' lon='37.7493758' />
  <node id='13828510424' timestamp='2026-05-14T17:21:29Z' uid='22828305' user='eyob-ka' visible='true' version='1' changeset='182662121' lat='10.3294218' lon='37.7495112' />
  <node id='13828510425' timestamp='2026-05-14T17:21:29Z' uid='22828305' user='eyob-ka' visible='true' version='1' changeset='182662121' lat='10.3294753' lon='37.7496089' />
  <node id='13828510426' action='modify' timestamp='2026-05-14T17:21:29Z' uid='22828305' user='eyob-ka' visible='true' version='1' changeset='182662121' lat='10.32962731937' lon='37.74988746994' />
  <node id='13828510427' action='modify' timestamp='2026-05-14T17:21:29Z' uid='22828305' user='eyob-ka' visible='true' version='1' changeset='182662121' lat='10.32842051369' lon='37.74683771534' />
  <node id='13828510428' action='modify' timestamp='2026-05-14T17:21:29Z' uid='22828305' user='eyob-ka' visible='true' version='1' changeset='182662121' lat='10.32838651683' lon='37.74667592761' />
  <node id='13828531001' action='modify' timestamp='2026-05-14T17:31:30Z' uid='24127657' user='ErmiyasGirma' visible='true' version='1' changeset='182662505' lat='10.33144770358' lon='37.74280848528' />
  <node id='13828531002' action='modify' timestamp='2026-05-14T17:31:30Z' uid='24127657' user='ErmiyasGirma' visible='true' version='1' changeset='182662505' lat='10.33145850357' lon='37.74277208528' />
  <node id='13828531003' action='modify' timestamp='2026-05-14T17:31:30Z' uid='24127657' user='ErmiyasGirma' visible='true' version='1' changeset='182662505' lat='10.33148250357' lon='37.74274278528' />
  <node id='13828531004' action='modify' timestamp='2026-05-14T17:31:30Z' uid='24127657' user='ErmiyasGirma' visible='true' version='1' changeset='182662505' lat='10.33151580356' lon='37.74272538528' />
  <node id='13828531005' action='modify' timestamp='2026-05-14T17:31:30Z' uid='24127657' user='ErmiyasGirma' visible='true' version='1' changeset='182662505' lat='10.33155320355' lon='37.74272258528' />
  <node id='13828531006' action='modify' timestamp='2026-05-14T17:31:30Z' uid='24127657' user='ErmiyasGirma' visible='true' version='1' changeset='182662505' lat='10.33158870354' lon='37.74273478528' />
  <node id='13828531007' action='modify' timestamp='2026-05-14T17:31:30Z' uid='24127657' user='ErmiyasGirma' visible='true' version='1' changeset='182662505' lat='10.33147380357' lon='37.74291518528' />
  <node id='13828531008' action='modify' timestamp='2026-05-14T17:31:30Z' uid='24127657' user='ErmiyasGirma' visible='true' version='1' changeset='182662505' lat='10.33158171651' lon='37.74292628528' />
  <node id='13828531009' action='modify' timestamp='2026-05-14T17:31:30Z' uid='24127657' user='ErmiyasGirma' visible='true' version='1' changeset='182662505' lat='10.33165330353' lon='37.74285968528' />
  <node id='13828531010' action='modify' timestamp='2026-05-14T17:31:30Z' uid='24127657' user='ErmiyasGirma' visible='true' version='1' changeset='182662505' lat='10.33172390671' lon='37.74281573866' />
  <node id='13828531011' action='modify' timestamp='2026-05-14T17:31:30Z' uid='24127657' user='ErmiyasGirma' visible='true' version='1' changeset='182662505' lat='10.33182838413' lon='37.74281512087' />
  <node id='13828531012' action='modify' timestamp='2026-05-14T17:31:30Z' uid='24127657' user='ErmiyasGirma' visible='true' version='1' changeset='182662505' lat='10.33161980354' lon='37.74289458528' />
  <node id='13828531013' action='modify' timestamp='2026-05-14T17:31:30Z' uid='24127657' user='ErmiyasGirma' visible='true' version='1' changeset='182662505' lat='10.33143790358' lon='37.74285588528' />
  <node id='13828531014' action='modify' timestamp='2026-05-14T17:31:30Z' uid='24127657' user='ErmiyasGirma' visible='true' version='1' changeset='182662505' lat='10.33143310358' lon='37.74278758528' />
  <node id='13828531015' action='modify' timestamp='2026-05-14T17:31:30Z' uid='24127657' user='ErmiyasGirma' visible='true' version='1' changeset='182662505' lat='10.33146030357' lon='37.74273068528' />
  <node id='13828531016' action='modify' timestamp='2026-05-14T17:31:30Z' uid='24127657' user='ErmiyasGirma' visible='true' version='1' changeset='182662505' lat='10.33152910356' lon='37.74269818528' />
  <node id='13828531017' action='modify' timestamp='2026-05-14T17:31:30Z' uid='24127657' user='ErmiyasGirma' visible='true' version='1' changeset='182662505' lat='10.33161860354' lon='37.74271928528' />
  <node id='13828531018' action='modify' timestamp='2026-05-14T17:31:30Z' uid='24127657' user='ErmiyasGirma' visible='true' version='1' changeset='182662505' lat='10.33166020353' lon='37.74279248528' />
  <node id='13828531019' action='modify' timestamp='2026-05-14T17:31:30Z' uid='24127657' user='ErmiyasGirma' visible='true' version='1' changeset='182662505' lat='10.33167173248' lon='37.74283577976' />
  <node id='13828531020' action='modify' timestamp='2026-05-14T17:31:30Z' uid='24127657' user='ErmiyasGirma' visible='true' version='1' changeset='182662505' lat='10.33132410361' lon='37.74279598528' />
  <node id='13828531021' action='modify' timestamp='2026-05-14T17:31:30Z' uid='24127657' user='ErmiyasGirma' visible='true' version='1' changeset='182662505' lat='10.33122923575' lon='37.74270701657' />
  <node id='13828531022' action='modify' timestamp='2026-05-14T17:31:30Z' uid='24127657' user='ErmiyasGirma' visible='true' version='1' changeset='182662505' lat='10.33126720362' lon='37.74267278528' />
  <node id='13828531023' action='modify' timestamp='2026-05-14T17:31:30Z' uid='24127657' user='ErmiyasGirma' visible='true' version='1' changeset='182662505' lat='10.3313535036' lon='37.74260358528' />
  <node id='13828531024' action='modify' timestamp='2026-05-14T17:31:30Z' uid='24127657' user='ErmiyasGirma' visible='true' version='1' changeset='182662505' lat='10.33142520358' lon='37.74250648528' />
  <node id='13828531025' action='modify' timestamp='2026-05-14T17:31:30Z' uid='24127657' user='ErmiyasGirma' visible='true' version='1' changeset='182662505' lat='10.33114044716' lon='37.7427435859' />
  <node id='13828531026' action='modify' timestamp='2026-05-14T17:31:30Z' uid='24127657' user='ErmiyasGirma' visible='true' version='1' changeset='182662505' lat='10.33108780685' lon='37.74269916933' />
  <node id='13828531027' action='modify' timestamp='2026-05-14T17:31:30Z' uid='24127657' user='ErmiyasGirma' visible='true' version='1' changeset='182662505' lat='10.33110290047' lon='37.74261448651' />
  <node id='13828531028' action='modify' timestamp='2026-05-14T17:31:30Z' uid='24127657' user='ErmiyasGirma' visible='true' version='1' changeset='182662505' lat='10.3313352036' lon='37.74248218528' />
  <node id='13828531029' action='modify' timestamp='2026-05-14T17:31:30Z' uid='24127657' user='ErmiyasGirma' visible='true' version='1' changeset='182662505' lat='10.33141868742' lon='37.74297157976' />
  <node id='13828531030' action='modify' timestamp='2026-05-14T17:31:30Z' uid='24127657' user='ErmiyasGirma' visible='true' version='1' changeset='182662505' lat='10.3313132551' lon='37.7428957043' />
  <node id='13828531031' action='modify' timestamp='2026-05-14T17:31:30Z' uid='24127657' user='ErmiyasGirma' visible='true' version='1' changeset='182662505' lat='10.33108557952' lon='37.74264978712' />
  <node id='13828531032' action='delete' timestamp='2026-05-15T10:05:04Z' uid='22828305' user='eyob-ka' visible='true' version='2' changeset='182689864' lat='10.32977964546' lon='37.74326261105' />
  <node id='13828531033' action='modify' timestamp='2026-05-14T17:31:30Z' uid='24127657' user='ErmiyasGirma' visible='true' version='1' changeset='182662505' lat='10.33202767767' lon='37.7428581859' />
  <node id='13828531034' action='modify' timestamp='2026-05-14T17:31:30Z' uid='24127657' user='ErmiyasGirma' visible='true' version='1' changeset='182662505' lat='10.33173105839' lon='37.74315437302' />
  <node id='13828531035' action='modify' timestamp='2026-05-14T17:31:30Z' uid='24127657' user='ErmiyasGirma' visible='true' version='1' changeset='182662505' lat='10.33163180353' lon='37.74312138528' />
  <node id='13828531036' action='modify' timestamp='2026-05-14T17:31:30Z' uid='24127657' user='ErmiyasGirma' visible='true' version='1' changeset='182662505' lat='10.33158750354' lon='37.74303338528' />
  <node id='13828531037' action='modify' timestamp='2026-05-14T17:31:30Z' uid='24127657' user='ErmiyasGirma' visible='true' version='1' changeset='182662505' lat='10.33167723585' lon='37.74320397854' />
  <node id='13828531038' action='modify' timestamp='2026-05-14T17:31:30Z' uid='24127657' user='ErmiyasGirma' visible='true' version='1' changeset='182662505' lat='10.33152500356' lon='37.74309378528' />
  <node id='13828531039' action='modify' timestamp='2026-05-14T17:31:30Z' uid='24127657' user='ErmiyasGirma' visible='true' version='1' changeset='182662505' lat='10.33157560355' lon='37.74312878528' />
  <node id='13828531040' action='modify' timestamp='2026-05-14T17:31:30Z' uid='24127657' user='ErmiyasGirma' visible='true' version='1' changeset='182662505' lat='10.33161330354' lon='37.74308468528' />
  <node id='13828531041' action='modify' timestamp='2026-05-14T17:31:30Z' uid='24127657' user='ErmiyasGirma' visible='true' version='1' changeset='182662505' lat='10.3305988587' lon='37.74339122087' />
  <node id='13828531042' action='modify' timestamp='2026-05-14T17:31:30Z' uid='24127657' user='ErmiyasGirma' visible='true' version='1' changeset='182662505' lat='10.33065725521' lon='37.74330508406' />
  <node id='13828531043' action='modify' timestamp='2026-05-14T17:31:30Z' uid='24127657' user='ErmiyasGirma' visible='true' version='1' changeset='182662505' lat='10.33068834855' lon='37.74322382639' />
  <node id='13828531044' action='modify' timestamp='2026-05-14T17:31:30Z' uid='24127657' user='ErmiyasGirma' visible='true' version='1' changeset='182662505' lat='10.33070743583' lon='37.74318069081' />
  <node id='13828531045' action='modify' timestamp='2026-05-15T11:51:05Z' uid='24127657' user='ErmiyasGirma' visible='true' version='2' changeset='182694584' lat='10.33079845836' lon='37.74317000185'>
    <tag k='entrance' v='yes' />
  </node>
  <node id='13828531046' action='modify' timestamp='2026-05-14T17:31:30Z' uid='24127657' user='ErmiyasGirma' visible='true' version='1' changeset='182662505' lat='10.33108933577' lon='37.74372253866' />
  <node id='13828531047' action='modify' timestamp='2026-05-15T11:51:05Z' uid='24127657' user='ErmiyasGirma' visible='true' version='2' changeset='182694584' lat='10.33120793598' lon='37.74358020737'>
    <tag k='entrance' v='yes' />
  </node>
  <node id='13828531048' action='modify' timestamp='2026-05-14T17:31:30Z' uid='24127657' user='ErmiyasGirma' visible='true' version='1' changeset='182662505' lat='10.33030713466' lon='37.743914354' />
  <node id='13828531049' action='modify' timestamp='2026-05-14T17:31:30Z' uid='24127657' user='ErmiyasGirma' visible='true' version='1' changeset='182662505' lat='10.33027213942' lon='37.74404480245' />
  <node id='13828531051' action='modify' timestamp='2026-05-14T17:31:30Z' uid='24127657' user='ErmiyasGirma' visible='true' version='1' changeset='182662505' lat='10.3314164938' lon='37.74528837424' />
  <node id='13828531052' action='modify' timestamp='2026-05-14T17:31:30Z' uid='24127657' user='ErmiyasGirma' visible='true' version='1' changeset='182662505' lat='10.3314164938' lon='37.74540017424' />
  <node id='13828531053' action='modify' timestamp='2026-05-14T17:31:30Z' uid='24127657' user='ErmiyasGirma' visible='true' version='1' changeset='182662505' lat='10.33148669379' lon='37.74557537424' />
  <node id='13828531054' action='modify' timestamp='2026-05-14T17:31:30Z' uid='24127657' user='ErmiyasGirma' visible='true' version='1' changeset='182662505' lat='10.33139919381' lon='37.74561047424' />
  <node id='13828531055' action='modify' timestamp='2026-05-14T17:31:30Z' uid='24127657' user='ErmiyasGirma' visible='true' version='1' changeset='182662505' lat='10.33136345509' lon='37.74566572761' />
  <node id='13828531056' action='modify' timestamp='2026-05-14T17:31:30Z' uid='24127657' user='ErmiyasGirma' visible='true' version='1' changeset='182662505' lat='10.33136999381' lon='37.7458687043' />
  <node id='13828531057' action='modify' timestamp='2026-05-14T17:31:30Z' uid='24127657' user='ErmiyasGirma' visible='true' version='1' changeset='182662505' lat='10.33132434052' lon='37.74517526994' />
  <node id='13828531058' action='modify' timestamp='2026-05-14T17:31:30Z' uid='24127657' user='ErmiyasGirma' visible='true' version='1' changeset='182662505' lat='10.33136869381' lon='37.74526277424' />
  <node id='13828531059' action='modify' timestamp='2026-05-14T17:31:30Z' uid='24127657' user='ErmiyasGirma' visible='true' version='1' changeset='182662505' lat='10.33133959382' lon='37.74530997424' />
  <node id='13828531060' action='modify' timestamp='2026-05-14T17:31:30Z' uid='24127657' user='ErmiyasGirma' visible='true' version='1' changeset='182662505' lat='10.33124139383' lon='37.74534357424' />
  <node id='13828531061' action='modify' timestamp='2026-05-14T17:31:30Z' uid='24127657' user='ErmiyasGirma' visible='true' version='1' changeset='182662505' lat='10.33116621777' lon='37.74537204049' />
  <node id='13828531062' timestamp='2026-05-14T17:31:30Z' uid='24127657' user='ErmiyasGirma' visible='true' version='1' changeset='182662505' lat='10.3311569' lon='37.7454786' />
  <node id='13828531063' timestamp='2026-05-14T17:31:30Z' uid='24127657' user='ErmiyasGirma' visible='true' version='1' changeset='182662505' lat='10.3311542' lon='37.7455163' />
  <node id='13828531064' action='modify' timestamp='2026-05-14T17:31:30Z' uid='24127657' user='ErmiyasGirma' visible='true' version='1' changeset='182662505' lat='10.33117932915' lon='37.74561579755' />
  <node id='13828531065' action='modify' timestamp='2026-05-14T17:31:30Z' uid='24127657' user='ErmiyasGirma' visible='true' version='1' changeset='182662505' lat='10.33114544692' lon='37.74586518099' />
  <node id='13828531066' action='modify' timestamp='2026-05-14T17:31:30Z' uid='24127657' user='ErmiyasGirma' visible='true' version='1' changeset='182662505' lat='10.33139009381' lon='37.74532957424' />
  <node id='13828531067' action='modify' timestamp='2026-05-14T17:31:30Z' uid='24127657' user='ErmiyasGirma' visible='true' version='1' changeset='182662505' lat='10.330841713' lon='37.74513015215' />
  <node id='13828531068' action='modify' timestamp='2026-05-14T17:31:30Z' uid='24127657' user='ErmiyasGirma' visible='true' version='1' changeset='182662505' lat='10.33078351964' lon='37.74520502148' />
  <node id='13828531069' action='modify' timestamp='2026-05-14T17:31:30Z' uid='24127657' user='ErmiyasGirma' visible='true' version='1' changeset='182662505' lat='10.33101518064' lon='37.74527723927' />
  <node id='13828531070' action='modify' timestamp='2026-05-14T17:31:30Z' uid='24127657' user='ErmiyasGirma' visible='true' version='1' changeset='182662505' lat='10.33100195968' lon='37.74533292884' />
  <node id='13830177917' action='modify' timestamp='2026-05-15T10:19:00Z' uid='22828305' user='eyob-ka' visible='true' version='2' changeset='182690602' lat='10.33157644159' lon='37.74248561227' />
  <node id='13830177918' action='modify' timestamp='2026-05-15T10:19:00Z' uid='22828305' user='eyob-ka' visible='true' version='2' changeset='182690602' lat='10.33175981908' lon='37.74261920122' />
  <node id='13830177919' action='modify' timestamp='2026-05-15T05:52:43Z' uid='24127657' user='ErmiyasGirma' visible='true' version='1' changeset='182680072' lat='10.33189874168' lon='37.74245201227' />
  <node id='13830177920' action='modify' timestamp='2026-05-15T05:52:43Z' uid='24127657' user='ErmiyasGirma' visible='true' version='1' changeset='182680072' lat='10.33193374169' lon='37.74246901227' />
  <node id='13830177921' action='modify' timestamp='2026-05-15T05:52:43Z' uid='24127657' user='ErmiyasGirma' visible='true' version='1' changeset='182680072' lat='10.3319694417' lon='37.74242651227' />
  <node id='13830177922' action='modify' timestamp='2026-05-15T05:52:43Z' uid='24127657' user='ErmiyasGirma' visible='true' version='1' changeset='182680072' lat='10.33194964169' lon='37.74239251227' />
  <node id='13830177923' action='modify' timestamp='2026-05-15T10:19:00Z' uid='22828305' user='eyob-ka' visible='true' version='2' changeset='182690602' lat='10.33209804173' lon='37.74220691227' />
  <node id='13830177924' action='modify' timestamp='2026-05-15T10:19:00Z' uid='22828305' user='eyob-ka' visible='true' version='2' changeset='182690602' lat='10.33186694167' lon='37.74211291227' />
  <node id='13830177925' action='modify' timestamp='2026-05-15T10:19:00Z' uid='22828305' user='eyob-ka' visible='true' version='2' changeset='182690602' lat='10.33180994166' lon='37.74206591227' />
  <node id='13830177926' action='modify' timestamp='2026-05-15T10:19:00Z' uid='22828305' user='eyob-ka' visible='true' version='2' changeset='182690602' lat='10.33157524159' lon='37.74235971227' />
  <node id='13830177927' action='modify' timestamp='2026-05-15T10:19:00Z' uid='22828305' user='eyob-ka' visible='true' version='2' changeset='182690602' lat='10.33163654161' lon='37.74241031227' />
  <node id='13830177928' action='modify' timestamp='2026-05-15T05:52:43Z' uid='24127657' user='ErmiyasGirma' visible='true' version='1' changeset='182680072' lat='10.33093531962' lon='37.74298660982' />
  <node id='13830177929' action='modify' timestamp='2026-05-15T05:52:43Z' uid='24127657' user='ErmiyasGirma' visible='true' version='1' changeset='182680072' lat='10.33097381961' lon='37.74334560982' />
  <node id='13830177930' action='modify' timestamp='2026-05-15T05:52:43Z' uid='24127657' user='ErmiyasGirma' visible='true' version='1' changeset='182680072' lat='10.33082061963' lon='37.74336250982' />
  <node id='13830177931' action='modify' timestamp='2026-05-15T05:52:43Z' uid='24127657' user='ErmiyasGirma' visible='true' version='1' changeset='182680072' lat='10.33078221964' lon='37.74300360982' />
  <node id='13830177932' action='modify' timestamp='2026-05-15T05:52:43Z' uid='24127657' user='ErmiyasGirma' visible='true' version='1' changeset='182680072' lat='10.33134847765' lon='37.74347432639' />
  <node id='13830177933' action='modify' timestamp='2026-05-15T05:52:43Z' uid='24127657' user='ErmiyasGirma' visible='true' version='1' changeset='182680072' lat='10.33131447765' lon='37.74352292639' />
  <node id='13830177934' action='modify' timestamp='2026-05-15T05:52:43Z' uid='24127657' user='ErmiyasGirma' visible='true' version='1' changeset='182680072' lat='10.33134697765' lon='37.74354642639' />
  <node id='13830177935' action='modify' timestamp='2026-05-15T05:52:43Z' uid='24127657' user='ErmiyasGirma' visible='true' version='1' changeset='182680072' lat='10.33128147766' lon='37.74364012639' />
  <node id='13830177936' action='modify' timestamp='2026-05-15T05:52:43Z' uid='24127657' user='ErmiyasGirma' visible='true' version='1' changeset='182680072' lat='10.33110757768' lon='37.74351472639' />
  <node id='13830177937' action='modify' timestamp='2026-05-15T05:52:43Z' uid='24127657' user='ErmiyasGirma' visible='true' version='1' changeset='182680072' lat='10.33118587767' lon='37.74340252639' />
  <node id='13830177938' action='modify' timestamp='2026-05-15T05:52:43Z' uid='24127657' user='ErmiyasGirma' visible='true' version='1' changeset='182680072' lat='10.33121787767' lon='37.74342562639' />
  <node id='13830177939' action='modify' timestamp='2026-05-15T05:52:43Z' uid='24127657' user='ErmiyasGirma' visible='true' version='1' changeset='182680072' lat='10.33123897766' lon='37.74339542639' />
  <node id='13830177940' action='modify' timestamp='2026-05-15T05:52:43Z' uid='24127657' user='ErmiyasGirma' visible='true' version='1' changeset='182680072' lat='10.33086109072' lon='37.74373721534' />
  <node id='13830177941' action='modify' timestamp='2026-05-15T05:52:43Z' uid='24127657' user='ErmiyasGirma' visible='true' version='1' changeset='182680072' lat='10.3309450907' lon='37.74378521534' />
  <node id='13830177942' action='modify' timestamp='2026-05-15T05:52:43Z' uid='24127657' user='ErmiyasGirma' visible='true' version='1' changeset='182680072' lat='10.33084029072' lon='37.74397491534' />
  <node id='13830177943' action='modify' timestamp='2026-05-15T05:52:43Z' uid='24127657' user='ErmiyasGirma' visible='true' version='1' changeset='182680072' lat='10.33074879074' lon='37.74392271534' />
  <node id='13830177944' action='modify' timestamp='2026-05-15T05:52:43Z' uid='24127657' user='ErmiyasGirma' visible='true' version='1' changeset='182680072' lat='10.33075689074' lon='37.74388601534' />
  <node id='13830177945' action='modify' timestamp='2026-05-15T05:52:43Z' uid='24127657' user='ErmiyasGirma' visible='true' version='1' changeset='182680072' lat='10.33071369075' lon='37.74386331534' />
  <node id='13830177946' action='modify' timestamp='2026-05-15T05:52:43Z' uid='24127657' user='ErmiyasGirma' visible='true' version='1' changeset='182680072' lat='10.33078099073' lon='37.74373121534' />
  <node id='13830177947' action='modify' timestamp='2026-05-15T05:52:43Z' uid='24127657' user='ErmiyasGirma' visible='true' version='1' changeset='182680072' lat='10.33083099072' lon='37.74375761534' />
  <node id='13830177948' action='modify' timestamp='2026-05-15T10:19:00Z' uid='22828305' user='eyob-ka' visible='true' version='2' changeset='182690602' lat='10.33042616786' lon='37.74408683047' />
  <node id='13830177949' action='modify' timestamp='2026-05-15T10:19:00Z' uid='22828305' user='eyob-ka' visible='true' version='2' changeset='182690602' lat='10.33050137166' lon='37.74422898754' />
  <node id='13830177950' action='modify' timestamp='2026-05-15T10:19:00Z' uid='22828305' user='eyob-ka' visible='true' version='2' changeset='182690602' lat='10.33018736268' lon='37.74438187346' />
  <node id='13830177951' action='modify' timestamp='2026-05-15T10:19:00Z' uid='22828305' user='eyob-ka' visible='true' version='2' changeset='182690602' lat='10.33011743627' lon='37.74423703417' />
  <node id='13830177952' action='modify' timestamp='2026-05-15T10:19:00Z' uid='22828305' user='eyob-ka' visible='true' version='2' changeset='182690602' lat='10.33089311962' lon='37.74434389203' />
  <node id='13830177953' action='modify' timestamp='2026-05-15T10:19:00Z' uid='22828305' user='eyob-ka' visible='true' version='2' changeset='182690602' lat='10.33083941963' lon='37.74447429203' />
  <node id='13830177954' action='modify' timestamp='2026-05-15T10:19:00Z' uid='22828305' user='eyob-ka' visible='true' version='2' changeset='182690602' lat='10.3307998955' lon='37.74445915645' />
  <node id='13830177955' action='modify' timestamp='2026-05-15T10:19:00Z' uid='22828305' user='eyob-ka' visible='true' version='2' changeset='182690602' lat='10.33079233264' lon='37.74449473866' />
  <node id='13830177956' action='modify' timestamp='2026-05-15T10:19:00Z' uid='22828305' user='eyob-ka' visible='true' version='2' changeset='182690602' lat='10.33064741966' lon='37.74443119203' />
  <node id='13830177957' action='modify' timestamp='2026-05-15T10:19:00Z' uid='22828305' user='eyob-ka' visible='true' version='2' changeset='182690602' lat='10.33065911966' lon='37.74440289203' />
  <node id='13830177958' action='modify' timestamp='2026-05-15T10:19:00Z' uid='22828305' user='eyob-ka' visible='true' version='2' changeset='182690602' lat='10.33063021966' lon='37.74439059203' />
  <node id='13830177959' action='modify' timestamp='2026-05-15T10:19:00Z' uid='22828305' user='eyob-ka' visible='true' version='2' changeset='182690602' lat='10.33068571965' lon='37.74425569203' />
  <node id='13830177960' timestamp='2026-05-15T05:52:43Z' uid='24127657' user='ErmiyasGirma' visible='true' version='1' changeset='182680072' lat='10.3326397' lon='37.7412033' />
  <node id='13830177961' timestamp='2026-05-15T05:52:43Z' uid='24127657' user='ErmiyasGirma' visible='true' version='1' changeset='182680072' lat='10.3326098' lon='37.7411378' />
  <node id='13830177962' timestamp='2026-05-15T05:52:43Z' uid='24127657' user='ErmiyasGirma' visible='true' version='1' changeset='182680072' lat='10.3326973' lon='37.7411003' />
  <node id='13830177963' timestamp='2026-05-15T05:52:43Z' uid='24127657' user='ErmiyasGirma' visible='true' version='1' changeset='182680072' lat='10.3327641' lon='37.7412033' />
  <node id='13830177964' timestamp='2026-05-15T05:52:43Z' uid='24127657' user='ErmiyasGirma' visible='true' version='1' changeset='182680072' lat='10.3328792' lon='37.7414234' />
  <node id='13830177965' timestamp='2026-05-15T05:52:43Z' uid='24127657' user='ErmiyasGirma' visible='true' version='1' changeset='182680072' lat='10.3327825' lon='37.7414702' />
  <node id='13830177966' timestamp='2026-05-15T05:52:43Z' uid='24127657' user='ErmiyasGirma' visible='true' version='1' changeset='182680072' lat='10.3322836' lon='37.7409046' />
  <node id='13830177967' timestamp='2026-05-15T05:52:43Z' uid='24127657' user='ErmiyasGirma' visible='true' version='1' changeset='182680072' lat='10.3323035' lon='37.7413434' />
  <node id='13830177968' timestamp='2026-05-15T05:52:43Z' uid='24127657' user='ErmiyasGirma' visible='true' version='1' changeset='182680072' lat='10.331835' lon='37.7413654' />
  <node id='13830177969' timestamp='2026-05-15T05:52:43Z' uid='24127657' user='ErmiyasGirma' visible='true' version='1' changeset='182680072' lat='10.3318151' lon='37.7409265' />
  <node id='13830177970' action='modify' timestamp='2026-05-15T05:52:43Z' uid='24127657' user='ErmiyasGirma' visible='true' version='1' changeset='182680072' lat='10.3329521387' lon='37.73999634663' />
  <node id='13830177971' action='modify' timestamp='2026-05-15T05:52:43Z' uid='24127657' user='ErmiyasGirma' visible='true' version='1' changeset='182680072' lat='10.33305475159' lon='37.74016923988' />
  <node id='13830177972' action='modify' timestamp='2026-05-15T05:52:43Z' uid='24127657' user='ErmiyasGirma' visible='true' version='1' changeset='182680072' lat='10.33308235158' lon='37.74030733988' />
  <node id='13830177973' action='modify' timestamp='2026-05-15T05:52:43Z' uid='24127657' user='ErmiyasGirma' visible='true' version='1' changeset='182680072' lat='10.33302715159' lon='37.74048533988' />
  <node id='13830177974' action='modify' timestamp='2026-05-15T05:52:43Z' uid='24127657' user='ErmiyasGirma' visible='true' version='1' changeset='182680072' lat='10.33290735161' lon='37.74059063988' />
  <node id='13830177975' action='modify' timestamp='2026-05-15T05:52:43Z' uid='24127657' user='ErmiyasGirma' visible='true' version='1' changeset='182680072' lat='10.33275995164' lon='37.74062745093' />
  <node id='13830177976' action='modify' timestamp='2026-05-15T05:52:43Z' uid='24127657' user='ErmiyasGirma' visible='true' version='1' changeset='182680072' lat='10.33259611296' lon='37.74063253314' />
  <node id='13830177977' action='modify' timestamp='2026-05-15T05:52:43Z' uid='24127657' user='ErmiyasGirma' visible='true' version='1' changeset='182680072' lat='10.33237995171' lon='37.74062553314' />
  <node id='13830177978' action='modify' timestamp='2026-05-15T05:52:43Z' uid='24127657' user='ErmiyasGirma' visible='true' version='1' changeset='182680072' lat='10.33208467101' lon='37.74062417976' />
  <node id='13830177979' action='modify' timestamp='2026-05-15T05:52:43Z' uid='24127657' user='ErmiyasGirma' visible='true' version='1' changeset='182680072' lat='10.33185030641' lon='37.74061889081' />
  <node id='13830177980' action='modify' timestamp='2026-05-15T05:52:43Z' uid='24127657' user='ErmiyasGirma' visible='true' version='1' changeset='182680072' lat='10.33167350625' lon='37.74061567057' />
  <node id='13830177981' action='modify' timestamp='2026-05-15T05:52:43Z' uid='24127657' user='ErmiyasGirma' visible='true' version='1' changeset='182680072' lat='10.33155755119' lon='37.74053903499' />
  <node id='13830177982' action='modify' timestamp='2026-05-15T05:52:43Z' uid='24127657' user='ErmiyasGirma' visible='true' version='1' changeset='182680072' lat='10.33148320268' lon='37.74037337302' />
  <node id='13830177983' action='modify' timestamp='2026-05-15T05:52:43Z' uid='24127657' user='ErmiyasGirma' visible='true' version='1' changeset='182680072' lat='10.33148685756' lon='37.74016316012' />
  <node id='13830177984' action='modify' timestamp='2026-05-15T05:52:43Z' uid='24127657' user='ErmiyasGirma' visible='true' version='1' changeset='182680072' lat='10.33158728352' lon='37.74001967116' />
  <node id='13830177985' action='modify' timestamp='2026-05-15T05:52:43Z' uid='24127657' user='ErmiyasGirma' visible='true' version='1' changeset='182680072' lat='10.33165454787' lon='37.73995721105' />
  <node id='13830177986' action='modify' timestamp='2026-05-15T05:52:43Z' uid='24127657' user='ErmiyasGirma' visible='true' version='1' changeset='182680072' lat='10.33187333538' lon='37.73993917546' />
  <node id='13830177987' action='modify' timestamp='2026-05-15T05:52:43Z' uid='24127657' user='ErmiyasGirma' visible='true' version='1' changeset='182680072' lat='10.3321620679' lon='37.73993841105' />
  <node id='13830177988' action='modify' timestamp='2026-05-15T05:52:43Z' uid='24127657' user='ErmiyasGirma' visible='true' version='1' changeset='182680072' lat='10.33235307115' lon='37.73994311105' />
  <node id='13830177989' action='modify' timestamp='2026-05-15T05:52:43Z' uid='24127657' user='ErmiyasGirma' visible='true' version='1' changeset='182680072' lat='10.33247929041' lon='37.73995049325' />
  <node id='13830177990' action='modify' timestamp='2026-05-15T05:52:43Z' uid='24127657' user='ErmiyasGirma' visible='true' version='1' changeset='182680072' lat='10.33262175167' lon='37.73994484663' />
  <node id='13830177991' action='modify' timestamp='2026-05-15T05:52:43Z' uid='24127657' user='ErmiyasGirma' visible='true' version='1' changeset='182680072' lat='10.33285732904' lon='37.73995654663' />
  <node id='13830177992' action='modify' timestamp='2026-05-15T05:52:43Z' uid='24127657' user='ErmiyasGirma' visible='true' version='1' changeset='182680072' lat='10.33301555159' lon='37.74006973988' />
  <node id='13830177993' action='modify' timestamp='2026-05-15T05:52:43Z' uid='24127657' user='ErmiyasGirma' visible='true' version='1' changeset='182680072' lat='10.33181293552' lon='37.74170074726' />
  <node id='13830177994' timestamp='2026-05-15T05:52:43Z' uid='24127657' user='ErmiyasGirma' visible='true' version='1' changeset='182680072' lat='10.3319253' lon='37.7413611' />
  <node id='13830177995' action='modify' timestamp='2026-05-15T10:19:00Z' uid='22828305' user='eyob-ka' visible='true' version='2' changeset='182690602' lat='10.33201074171' lon='37.74213481227' />
  <node id='13830177996' action='modify' timestamp='2026-05-15T10:19:00Z' uid='22828305' user='eyob-ka' visible='true' version='2' changeset='182690602' lat='10.3319734417' lon='37.74197971227' />
  <node id='13830177997' action='modify' timestamp='2026-05-15T10:19:00Z' uid='22828305' user='eyob-ka' visible='true' version='2' changeset='182690602' lat='10.33207064173' lon='37.74205991227' />
  <node id='13830196142' action='modify' timestamp='2026-05-15T10:19:00Z' uid='22828305' user='eyob-ka' visible='true' version='2' changeset='182690602' lat='10.33228037751' lon='37.74312745093' />
  <node id='13830196143' action='modify' timestamp='2026-05-15T10:19:00Z' uid='22828305' user='eyob-ka' visible='true' version='2' changeset='182690602' lat='10.33234785172' lon='37.74329280308' />
  <node id='13830196144' action='modify' timestamp='2026-05-15T10:19:00Z' uid='22828305' user='eyob-ka' visible='true' version='2' changeset='182690602' lat='10.33198935832' lon='37.74346280185' />
  <node id='13830196145' action='modify' timestamp='2026-05-15T10:19:00Z' uid='22828305' user='eyob-ka' visible='true' version='2' changeset='182690602' lat='10.33191924539' lon='37.74327867424' />
  <node id='13830196146' action='modify' timestamp='2026-05-15T06:13:30Z' uid='24127657' user='ErmiyasGirma' visible='true' version='1' changeset='182680695' lat='10.33234945814' lon='37.74336011534' />
  <node id='13830196147' action='modify' timestamp='2026-05-15T06:13:30Z' uid='24127657' user='ErmiyasGirma' visible='true' version='1' changeset='182680695' lat='10.33238603235' lon='37.74346096197' />
  <node id='13830196148' action='modify' timestamp='2026-05-15T06:13:30Z' uid='24127657' user='ErmiyasGirma' visible='true' version='1' changeset='182680695' lat='10.33221282275' lon='37.7435235497' />
  <node id='13830196149' action='modify' timestamp='2026-05-15T06:13:30Z' uid='24127657' user='ErmiyasGirma' visible='true' version='1' changeset='182680695' lat='10.33217350982' lon='37.7434294086' />
  <node id='13830196150' action='modify' timestamp='2026-05-15T06:13:30Z' uid='24127657' user='ErmiyasGirma' visible='true' version='1' changeset='182680695' lat='10.33170170424' lon='37.7436072267' />
  <node id='13830196151' action='modify' timestamp='2026-05-15T06:13:30Z' uid='24127657' user='ErmiyasGirma' visible='true' version='1' changeset='182680695' lat='10.33171180423' lon='37.7436297267' />
  <node id='13830196152' action='modify' timestamp='2026-05-15T06:13:30Z' uid='24127657' user='ErmiyasGirma' visible='true' version='1' changeset='182680695' lat='10.33173340423' lon='37.7436196267' />
  <node id='13830196153' action='modify' timestamp='2026-05-15T06:13:30Z' uid='24127657' user='ErmiyasGirma' visible='true' version='1' changeset='182680695' lat='10.33176580422' lon='37.7436917267' />
  <node id='13830196154' action='modify' timestamp='2026-05-15T06:13:30Z' uid='24127657' user='ErmiyasGirma' visible='true' version='1' changeset='182680695' lat='10.33146850428' lon='37.7438297267' />
  <node id='13830196155' action='modify' timestamp='2026-05-15T06:13:30Z' uid='24127657' user='ErmiyasGirma' visible='true' version='1' changeset='182680695' lat='10.33145790428' lon='37.7438060267' />
  <node id='13830196156' action='modify' timestamp='2026-05-15T06:13:30Z' uid='24127657' user='ErmiyasGirma' visible='true' version='1' changeset='182680695' lat='10.33143430428' lon='37.7437744267' />
  <node id='13830196157' action='modify' timestamp='2026-05-15T06:13:30Z' uid='24127657' user='ErmiyasGirma' visible='true' version='1' changeset='182680695' lat='10.33145950428' lon='37.7437627267' />
  <node id='13830196158' action='modify' timestamp='2026-05-15T06:13:30Z' uid='24127657' user='ErmiyasGirma' visible='true' version='1' changeset='182680695' lat='10.33145490428' lon='37.7437217267' />
  <node id='13830196159' action='modify' timestamp='2026-05-15T06:13:30Z' uid='24127657' user='ErmiyasGirma' visible='true' version='1' changeset='182680695' lat='10.33200601627' lon='37.74374103314' />
  <node id='13830196160' action='modify' timestamp='2026-05-15T06:13:30Z' uid='24127657' user='ErmiyasGirma' visible='true' version='1' changeset='182680695' lat='10.33170961631' lon='37.74388353314' />
  <node id='13830196161' action='modify' timestamp='2026-05-15T06:13:30Z' uid='24127657' user='ErmiyasGirma' visible='true' version='1' changeset='182680695' lat='10.33174971631' lon='37.74396993314' />
  <node id='13830196162' action='modify' timestamp='2026-05-15T06:13:30Z' uid='24127657' user='ErmiyasGirma' visible='true' version='1' changeset='182680695' lat='10.33177021631' lon='37.74396003314' />
  <node id='13830196163' action='modify' timestamp='2026-05-15T06:13:30Z' uid='24127657' user='ErmiyasGirma' visible='true' version='1' changeset='182680695' lat='10.3317808163' lon='37.74398283314' />
  <node id='13830196164' action='modify' timestamp='2026-05-15T06:13:30Z' uid='24127657' user='ErmiyasGirma' visible='true' version='1' changeset='182680695' lat='10.33202921626' lon='37.74386333314' />
  <node id='13830196165' action='modify' timestamp='2026-05-15T06:13:30Z' uid='24127657' user='ErmiyasGirma' visible='true' version='1' changeset='182680695' lat='10.33201321627' lon='37.74382903314' />
  <node id='13830196166' action='modify' timestamp='2026-05-15T06:13:30Z' uid='24127657' user='ErmiyasGirma' visible='true' version='1' changeset='182680695' lat='10.33204081626' lon='37.74381573314' />
  <node id='13830196167' action='modify' timestamp='2026-05-15T06:13:30Z' uid='24127657' user='ErmiyasGirma' visible='true' version='1' changeset='182680695' lat='10.33230504843' lon='37.74402981105' />
  <node id='13830196168' action='modify' timestamp='2026-05-15T06:13:30Z' uid='24127657' user='ErmiyasGirma' visible='true' version='1' changeset='182680695' lat='10.33199167743' lon='37.74402228099' />
  <node id='13830196169' action='modify' timestamp='2026-05-15T06:13:30Z' uid='24127657' user='ErmiyasGirma' visible='true' version='1' changeset='182680695' lat='10.33199305487' lon='37.74407165215' />
  <node id='13830196170' action='modify' timestamp='2026-05-15T06:13:30Z' uid='24127657' user='ErmiyasGirma' visible='true' version='1' changeset='182680695' lat='10.33194943231' lon='37.74407639878' />
  <node id='13830196171' action='modify' timestamp='2026-05-15T06:13:30Z' uid='24127657' user='ErmiyasGirma' visible='true' version='1' changeset='182680695' lat='10.33195094846' lon='37.74417569878' />
  <node id='13830196172' action='modify' timestamp='2026-05-15T06:13:30Z' uid='24127657' user='ErmiyasGirma' visible='true' version='1' changeset='182680695' lat='10.3323404' lon='37.74418700552' />
  <node id='13830196173' action='modify' timestamp='2026-05-15T06:13:30Z' uid='24127657' user='ErmiyasGirma' visible='true' version='1' changeset='182680695' lat='10.33234222257' lon='37.74409041657' />
  <node id='13830196174' action='modify' timestamp='2026-05-15T06:13:30Z' uid='24127657' user='ErmiyasGirma' visible='true' version='1' changeset='182680695' lat='10.3323058065' lon='37.74408983988' />
  <node id='13830196175' action='modify' timestamp='2026-05-15T06:13:30Z' uid='24127657' user='ErmiyasGirma' visible='true' version='1' changeset='182680695' lat='10.33234161936' lon='37.74432739878' />
  <node id='13830196176' action='modify' timestamp='2026-05-15T06:13:30Z' uid='24127657' user='ErmiyasGirma' visible='true' version='1' changeset='182680695' lat='10.33239051936' lon='37.74443329878' />
  <node id='13830196177' action='modify' timestamp='2026-05-15T06:13:30Z' uid='24127657' user='ErmiyasGirma' visible='true' version='1' changeset='182680695' lat='10.33234861936' lon='37.74445329878' />
  <node id='13830196178' action='modify' timestamp='2026-05-15T06:13:30Z' uid='24127657' user='ErmiyasGirma' visible='true' version='1' changeset='182680695' lat='10.33235941936' lon='37.74447679878' />
  <node id='13830196179' action='modify' timestamp='2026-05-15T06:13:30Z' uid='24127657' user='ErmiyasGirma' visible='true' version='1' changeset='182680695' lat='10.33207651936' lon='37.74461179878' />
  <node id='13830196180' action='modify' timestamp='2026-05-15T06:13:30Z' uid='24127657' user='ErmiyasGirma' visible='true' version='1' changeset='182680695' lat='10.33206501936' lon='37.74458699878' />
  <node id='13830196181' action='modify' timestamp='2026-05-15T06:13:30Z' uid='24127657' user='ErmiyasGirma' visible='true' version='1' changeset='182680695' lat='10.33202991936' lon='37.74460379878' />
  <node id='13830196182' action='modify' timestamp='2026-05-15T06:13:30Z' uid='24127657' user='ErmiyasGirma' visible='true' version='1' changeset='182680695' lat='10.33198151936' lon='37.74449909878' />
  <node id='13830196183' action='modify' timestamp='2026-05-15T06:13:30Z' uid='24127657' user='ErmiyasGirma' visible='true' version='1' changeset='182680695' lat='10.33181383231' lon='37.74422789325' />
  <node id='13830196184' action='modify' timestamp='2026-05-15T06:13:30Z' uid='24127657' user='ErmiyasGirma' visible='true' version='1' changeset='182680695' lat='10.33168743232' lon='37.74444039325' />
  <node id='13830196185' action='modify' timestamp='2026-05-15T06:13:30Z' uid='24127657' user='ErmiyasGirma' visible='true' version='1' changeset='182680695' lat='10.33158873232' lon='37.74437969325' />
  <node id='13830196186' action='modify' timestamp='2026-05-15T06:13:30Z' uid='24127657' user='ErmiyasGirma' visible='true' version='1' changeset='182680695' lat='10.33171513232' lon='37.74416709325' />
  <node id='13830196187' action='modify' timestamp='2026-05-15T06:13:30Z' uid='24127657' user='ErmiyasGirma' visible='true' version='1' changeset='182680695' lat='10.33145328722' lon='37.74407059878' />
  <node id='13830196188' action='modify' timestamp='2026-05-15T06:13:30Z' uid='24127657' user='ErmiyasGirma' visible='true' version='1' changeset='182680695' lat='10.33135478723' lon='37.74424839878' />
  <node id='13830196189' action='modify' timestamp='2026-05-15T06:13:30Z' uid='24127657' user='ErmiyasGirma' visible='true' version='1' changeset='182680695' lat='10.33132398723' lon='37.74423079878' />
  <node id='13830196190' action='modify' timestamp='2026-05-15T06:13:30Z' uid='24127657' user='ErmiyasGirma' visible='true' version='1' changeset='182680695' lat='10.33127348723' lon='37.74432189878' />
  <node id='13830196191' action='modify' timestamp='2026-05-15T06:13:30Z' uid='24127657' user='ErmiyasGirma' visible='true' version='1' changeset='182680695' lat='10.33118248724' lon='37.74426979878' />
  <node id='13830196192' action='modify' timestamp='2026-05-15T06:13:30Z' uid='24127657' user='ErmiyasGirma' visible='true' version='1' changeset='182680695' lat='10.33131318723' lon='37.74403399878' />
  <node id='13830196193' action='modify' timestamp='2026-05-15T06:13:30Z' uid='24127657' user='ErmiyasGirma' visible='true' version='1' changeset='182680695' lat='10.33136248723' lon='37.74406219878' />
  <node id='13830196194' action='modify' timestamp='2026-05-15T10:19:00Z' uid='22828305' user='eyob-ka' visible='true' version='2' changeset='182690602' lat='10.33130268404' lon='37.7445220454' />
  <node id='13830196195' action='modify' timestamp='2026-05-15T10:19:00Z' uid='22828305' user='eyob-ka' visible='true' version='2' changeset='182690602' lat='10.33127308404' lon='37.7444572454' />
  <node id='13830196196' action='modify' timestamp='2026-05-15T10:19:00Z' uid='22828305' user='eyob-ka' visible='true' version='2' changeset='182690602' lat='10.33123688405' lon='37.7444743454' />
  <node id='13830196197' action='modify' timestamp='2026-05-15T10:19:00Z' uid='22828305' user='eyob-ka' visible='true' version='2' changeset='182690602' lat='10.33122268405' lon='37.7444433454' />
  <node id='13830196198' action='modify' timestamp='2026-05-15T10:19:00Z' uid='22828305' user='eyob-ka' visible='true' version='2' changeset='182690602' lat='10.33097728407' lon='37.7445595454' />
  <node id='13830196199' action='modify' timestamp='2026-05-15T10:19:00Z' uid='22828305' user='eyob-ka' visible='true' version='2' changeset='182690602' lat='10.33098868407' lon='37.7445844454' />
  <node id='13830196200' action='modify' timestamp='2026-05-15T10:19:00Z' uid='22828305' user='eyob-ka' visible='true' version='2' changeset='182690602' lat='10.33096188407' lon='37.7445971454' />
  <node id='13830200401' action='modify' timestamp='2026-05-15T10:19:00Z' uid='22828305' user='eyob-ka' visible='true' version='2' changeset='182690602' lat='10.33099428407' lon='37.7446679454' />
  <node id='13830200402' action='modify' timestamp='2026-05-15T10:19:00Z' uid='22828305' user='eyob-ka' visible='true' version='2' changeset='182690602' lat='10.33155697762' lon='37.74458122209' />
  <node id='13830200403' action='modify' timestamp='2026-05-15T10:19:00Z' uid='22828305' user='eyob-ka' visible='true' version='2' changeset='182690602' lat='10.33125687766' lon='37.74472632209' />
  <node id='13830200404' action='modify' timestamp='2026-05-15T10:19:00Z' uid='22828305' user='eyob-ka' visible='true' version='2' changeset='182690602' lat='10.33130277765' lon='37.74482452209' />
  <node id='13830200405' action='modify' timestamp='2026-05-15T10:19:00Z' uid='22828305' user='eyob-ka' visible='true' version='2' changeset='182690602' lat='10.33160287761' lon='37.74467932209' />
  <node id='13830200406' action='modify' timestamp='2026-05-15T10:19:00Z' uid='22828305' user='eyob-ka' visible='true' version='2' changeset='182690602' lat='10.33190026128' lon='37.74470478099' />
  <node id='13830200407' action='modify' timestamp='2026-05-15T10:19:00Z' uid='22828305' user='eyob-ka' visible='true' version='2' changeset='182690602' lat='10.33195766128' lon='37.74481818099' />
  <node id='13830200408' action='modify' timestamp='2026-05-15T10:19:00Z' uid='22828305' user='eyob-ka' visible='true' version='2' changeset='182690602' lat='10.33190106128' lon='37.74484778099' />
  <node id='13830200409' action='modify' timestamp='2026-05-15T10:19:00Z' uid='22828305' user='eyob-ka' visible='true' version='2' changeset='182690602' lat='10.33190856128' lon='37.74486258099' />
  <node id='13830200410' action='modify' timestamp='2026-05-15T10:19:00Z' uid='22828305' user='eyob-ka' visible='true' version='2' changeset='182690602' lat='10.33163666128' lon='37.74500488099' />
  <node id='13830200411' action='modify' timestamp='2026-05-15T10:19:00Z' uid='22828305' user='eyob-ka' visible='true' version='2' changeset='182690602' lat='10.33162496128' lon='37.74498178099' />
  <node id='13830200412' action='modify' timestamp='2026-05-15T10:19:00Z' uid='22828305' user='eyob-ka' visible='true' version='2' changeset='182690602' lat='10.33158996128' lon='37.74500008099' />
  <node id='13830200413' action='modify' timestamp='2026-05-15T10:19:00Z' uid='22828305' user='eyob-ka' visible='true' version='2' changeset='182690602' lat='10.33153676128' lon='37.74489488099' />
  <node id='13830200414' action='modify' timestamp='2026-05-15T06:13:30Z' uid='24127657' user='ErmiyasGirma' visible='true' version='1' changeset='182680695' lat='10.33178530045' lon='37.74466346442' />
  <node id='13830200415' action='modify' timestamp='2026-05-15T10:19:00Z' uid='22828305' user='eyob-ka' visible='true' version='2' changeset='182690602' lat='10.33179092606' lon='37.74476501227'>
    <tag k='entrance' v='yes' />
  </node>
  <node id='13830200416' action='modify' timestamp='2026-05-15T10:19:00Z' uid='22828305' user='eyob-ka' visible='true' version='2' changeset='182690602' lat='10.33139739681' lon='37.74495493436' />
  <node id='13830200417' action='modify' timestamp='2026-05-15T10:19:00Z' uid='22828305' user='eyob-ka' visible='true' version='2' changeset='182690602' lat='10.3314465968' lon='37.74505983436' />
  <node id='13830200418' action='modify' timestamp='2026-05-15T10:19:00Z' uid='22828305' user='eyob-ka' visible='true' version='2' changeset='182690602' lat='10.33140139681' lon='37.74508173436' />
  <node id='13830200419' action='modify' timestamp='2026-05-15T10:19:00Z' uid='22828305' user='eyob-ka' visible='true' version='2' changeset='182690602' lat='10.33141299681' lon='37.74510643436' />
  <node id='13830200420' action='modify' timestamp='2026-05-15T10:19:00Z' uid='22828305' user='eyob-ka' visible='true' version='2' changeset='182690602' lat='10.33112569681' lon='37.74524573436' />
  <node id='13830200421' action='modify' timestamp='2026-05-15T10:19:00Z' uid='22828305' user='eyob-ka' visible='true' version='2' changeset='182690602' lat='10.33111019681' lon='37.74521263436' />
  <node id='13830200422' action='modify' timestamp='2026-05-15T10:19:00Z' uid='22828305' user='eyob-ka' visible='true' version='2' changeset='182690602' lat='10.33108029681' lon='37.74522713436' />
  <node id='13830200423' action='modify' timestamp='2026-05-15T10:19:00Z' uid='22828305' user='eyob-ka' visible='true' version='2' changeset='182690602' lat='10.33103499681' lon='37.74513053436' />
  <node id='13830200424' action='modify' timestamp='2026-05-15T10:19:00Z' uid='22828305' user='eyob-ka' visible='true' version='2' changeset='182690602' lat='10.33080230159' lon='37.74534065828' />
  <node id='13830200425' action='delete' timestamp='2026-05-15T10:19:00Z' uid='22828305' user='eyob-ka' visible='true' version='2' changeset='182690602' lat='10.33115580159' lon='37.74543165828' />
  <node id='13830200426' action='modify' timestamp='2026-05-15T06:13:30Z' uid='24127657' user='ErmiyasGirma' visible='true' version='1' changeset='182680695' lat='10.33111680159' lon='37.74558815828' />
  <node id='13830200427' action='modify' timestamp='2026-05-15T10:19:00Z' uid='22828305' user='eyob-ka' visible='true' version='2' changeset='182690602' lat='10.33105775968' lon='37.74559672945' />
  <node id='13830200428' action='modify' timestamp='2026-05-15T06:13:30Z' uid='24127657' user='ErmiyasGirma' visible='true' version='1' changeset='182680695' lat='10.33108540159' lon='37.74571405828' />
  <node id='13830200429' action='modify' timestamp='2026-05-15T10:19:00Z' uid='22828305' user='eyob-ka' visible='true' version='2' changeset='182690602' lat='10.33106640159' lon='37.74579295828' />
  <node id='13830200430' action='delete' timestamp='2026-05-15T10:19:00Z' uid='22828305' user='eyob-ka' visible='true' version='2' changeset='182690602' lat='10.33071110159' lon='37.74570455828' />
  <node id='13830200431' action='modify' timestamp='2026-05-15T06:13:30Z' uid='24127657' user='ErmiyasGirma' visible='true' version='1' changeset='182680695' lat='10.33074680159' lon='37.74555615828' />
  <node id='13830200432' action='modify' timestamp='2026-05-15T10:19:00Z' uid='22828305' user='eyob-ka' visible='true' version='2' changeset='182690602' lat='10.33079840159' lon='37.74554225828'>
    <tag k='entrance' v='yes' />
  </node>
  <node id='13830200433' action='modify' timestamp='2026-05-15T06:13:30Z' uid='24127657' user='ErmiyasGirma' visible='true' version='1' changeset='182680695' lat='10.33077470159' lon='37.74545145828' />
  <node id='13830200434' action='modify' timestamp='2026-05-15T10:19:00Z' uid='22828305' user='eyob-ka' visible='true' version='2' changeset='182690602' lat='10.3307125711' lon='37.74477061657' />
  <node id='13830200435' action='modify' timestamp='2026-05-15T10:19:00Z' uid='22828305' user='eyob-ka' visible='true' version='2' changeset='182690602' lat='10.33076857109' lon='37.74487881657' />
  <node id='13830200436' action='modify' timestamp='2026-05-15T10:19:00Z' uid='22828305' user='eyob-ka' visible='true' version='2' changeset='182690602' lat='10.33054447111' lon='37.74499871657' />
  <node id='13830200437' action='modify' timestamp='2026-05-15T10:19:00Z' uid='22828305' user='eyob-ka' visible='true' version='2' changeset='182690602' lat='10.33051017111' lon='37.74493241657' />
  <node id='13830200438' action='modify' timestamp='2026-05-15T10:19:00Z' uid='22828305' user='eyob-ka' visible='true' version='2' changeset='182690602' lat='10.33053447111' lon='37.74491941657' />
  <node id='13830200439' action='modify' timestamp='2026-05-15T11:51:05Z' uid='24127657' user='ErmiyasGirma' visible='true' version='3' changeset='182694584' lat='10.33051277111' lon='37.74487751657'>
    <tag k='entrance' v='yes' />
  </node>
  <node id='13830200440' action='modify' timestamp='2026-05-15T06:13:30Z' uid='24127657' user='ErmiyasGirma' visible='true' version='1' changeset='182680695' lat='10.33031537146' lon='37.74478864479' />
  <node id='13830200441' action='modify' timestamp='2026-05-15T06:13:30Z' uid='24127657' user='ErmiyasGirma' visible='true' version='1' changeset='182680695' lat='10.33034417145' lon='37.74479874479' />
  <node id='13830200442' action='modify' timestamp='2026-05-15T06:13:30Z' uid='24127657' user='ErmiyasGirma' visible='true' version='1' changeset='182680695' lat='10.33036667145' lon='37.74481974479' />
  <node id='13830200443' action='modify' timestamp='2026-05-15T06:13:30Z' uid='24127657' user='ErmiyasGirma' visible='true' version='1' changeset='182680695' lat='10.33037897145' lon='37.74484814479' />
  <node id='13830200444' action='modify' timestamp='2026-05-15T06:13:30Z' uid='24127657' user='ErmiyasGirma' visible='true' version='1' changeset='182680695' lat='10.33037907145' lon='37.74487914479' />
  <node id='13830200445' action='modify' timestamp='2026-05-15T06:13:30Z' uid='24127657' user='ErmiyasGirma' visible='true' version='1' changeset='182680695' lat='10.33036687145' lon='37.74490764479' />
  <node id='13830200446' action='modify' timestamp='2026-05-15T06:13:30Z' uid='24127657' user='ErmiyasGirma' visible='true' version='1' changeset='182680695' lat='10.33034457145' lon='37.74492874479' />
  <node id='13830200447' action='modify' timestamp='2026-05-15T06:13:30Z' uid='24127657' user='ErmiyasGirma' visible='true' version='1' changeset='182680695' lat='10.33031567146' lon='37.74493904479' />
  <node id='13830200448' action='modify' timestamp='2026-05-15T06:13:30Z' uid='24127657' user='ErmiyasGirma' visible='true' version='1' changeset='182680695' lat='10.33028437146' lon='37.74493634479' />
  <node id='13830200449' action='modify' timestamp='2026-05-15T06:13:30Z' uid='24127657' user='ErmiyasGirma' visible='true' version='1' changeset='182680695' lat='10.33025697147' lon='37.74492084479' />
  <node id='13830200450' action='modify' timestamp='2026-05-15T06:13:30Z' uid='24127657' user='ErmiyasGirma' visible='true' version='1' changeset='182680695' lat='10.33023817147' lon='37.74489524479' />
  <node id='13830200451' action='modify' timestamp='2026-05-15T06:13:30Z' uid='24127657' user='ErmiyasGirma' visible='true' version='1' changeset='182680695' lat='10.33023147147' lon='37.74486404479' />
  <node id='13830200452' action='modify' timestamp='2026-05-15T06:13:30Z' uid='24127657' user='ErmiyasGirma' visible='true' version='1' changeset='182680695' lat='10.33023807147' lon='37.74483284479' />
  <node id='13830200453' action='modify' timestamp='2026-05-15T06:13:30Z' uid='24127657' user='ErmiyasGirma' visible='true' version='1' changeset='182680695' lat='10.33025667147' lon='37.74480714479' />
  <node id='13830200454' action='modify' timestamp='2026-05-15T06:13:30Z' uid='24127657' user='ErmiyasGirma' visible='true' version='1' changeset='182680695' lat='10.33028407146' lon='37.74479144479' />
  <node id='13830231070' action='modify' timestamp='2026-05-15T10:19:00Z' uid='22828305' user='eyob-ka' visible='true' version='2' changeset='182690602' lat='10.33245955475' lon='37.74810297791' />
  <node id='13830231071' action='modify' timestamp='2026-05-15T06:39:43Z' uid='22828305' user='eyob-ka' visible='true' version='1' changeset='182681580' lat='10.3322449547' lon='37.74833577791' />
  <node id='13830231072' action='modify' timestamp='2026-05-15T06:39:43Z' uid='22828305' user='eyob-ka' visible='true' version='1' changeset='182681580' lat='10.3322129547' lon='37.74835737791' />
  <node id='13830231073' action='modify' timestamp='2026-05-15T10:19:00Z' uid='22828305' user='eyob-ka' visible='true' version='2' changeset='182690602' lat='10.33214565468' lon='37.74829327791' />
  <node id='13830231074' action='modify' timestamp='2026-05-15T10:19:00Z' uid='22828305' user='eyob-ka' visible='true' version='2' changeset='182690602' lat='10.33217065469' lon='37.74826617791' />
  <node id='13830231075' action='modify' timestamp='2026-05-15T11:40:15Z' uid='22828305' user='eyob-ka' visible='true' version='3' changeset='182694076' lat='10.33214225468' lon='37.74823917791'>
    <tag k='entrance' v='yes' />
  </node>
  <node id='13830231076' action='modify' timestamp='2026-05-15T10:19:00Z' uid='22828305' user='eyob-ka' visible='true' version='2' changeset='182690602' lat='10.33226365471' lon='37.74810747791' />
  <node id='13830231077' action='modify' timestamp='2026-05-15T10:19:00Z' uid='22828305' user='eyob-ka' visible='true' version='2' changeset='182690602' lat='10.33229445471' lon='37.74813677791' />
  <node id='13830231078' action='modify' timestamp='2026-05-15T10:19:00Z' uid='22828305' user='eyob-ka' visible='true' version='2' changeset='182690602' lat='10.33238825474' lon='37.74803507791' />
  <node id='13830231080' action='modify' timestamp='2026-05-15T10:19:00Z' uid='22828305' user='eyob-ka' visible='true' version='2' changeset='182690602' lat='10.3320256708' lon='37.74835706012' />
  <node id='13830231081' action='modify' timestamp='2026-05-15T10:19:00Z' uid='22828305' user='eyob-ka' visible='true' version='2' changeset='182690602' lat='10.33212797082' lon='37.74845146012' />
  <node id='13830231082' action='modify' timestamp='2026-05-15T10:19:00Z' uid='22828305' user='eyob-ka' visible='true' version='2' changeset='182690602' lat='10.33195127079' lon='37.74864936012' />
  <node id='13830231083' action='modify' timestamp='2026-05-15T10:19:00Z' uid='22828305' user='eyob-ka' visible='true' version='2' changeset='182690602' lat='10.33184897077' lon='37.74855496012' />
  <node id='13830231084' action='modify' timestamp='2026-05-15T10:19:00Z' uid='22828305' user='eyob-ka' visible='true' version='2' changeset='182690602' lat='10.33223278699' lon='37.74855730675' />
  <node id='13830231085' action='modify' timestamp='2026-05-15T10:19:00Z' uid='22828305' user='eyob-ka' visible='true' version='2' changeset='182690602' lat='10.332326187' lon='37.74864540675' />
  <node id='13830231086' action='modify' timestamp='2026-05-15T10:19:00Z' uid='22828305' user='eyob-ka' visible='true' version='2' changeset='182690602' lat='10.33214708697' lon='37.74884140675' />
  <node id='13830231087' action='modify' timestamp='2026-05-15T10:19:00Z' uid='22828305' user='eyob-ka' visible='true' version='2' changeset='182690602' lat='10.33205378696' lon='37.74875330675' />
  <node id='13830231088' action='modify' timestamp='2026-05-15T10:19:00Z' uid='22828305' user='eyob-ka' visible='true' version='2' changeset='182690602' lat='10.33189256757' lon='37.74891290675' />
  <node id='13830231089' action='modify' timestamp='2026-05-15T10:19:00Z' uid='22828305' user='eyob-ka' visible='true' version='2' changeset='182690602' lat='10.33198526759' lon='37.74900260675' />
  <node id='13830231090' action='modify' timestamp='2026-05-15T10:19:00Z' uid='22828305' user='eyob-ka' visible='true' version='2' changeset='182690602' lat='10.33180446755' lon='37.74919560675' />
  <node id='13830231091' action='modify' timestamp='2026-05-15T10:19:00Z' uid='22828305' user='eyob-ka' visible='true' version='2' changeset='182690602' lat='10.33171176754' lon='37.74910580675' />
  <node id='13830231092' action='modify' timestamp='2026-05-15T10:19:00Z' uid='22828305' user='eyob-ka' visible='true' version='2' changeset='182690602' lat='10.33170550291' lon='37.74875551901' />
  <node id='13830231093' action='modify' timestamp='2026-05-15T10:19:00Z' uid='22828305' user='eyob-ka' visible='true' version='2' changeset='182690602' lat='10.3316825029' lon='37.74877981901' />
  <node id='13830231094' action='modify' timestamp='2026-05-15T11:40:15Z' uid='22828305' user='eyob-ka' visible='true' version='3' changeset='182694076' lat='10.33165540289' lon='37.74875351901'>
    <tag k='entrance' v='yes' />
  </node>
  <node id='13830231095' action='modify' timestamp='2026-05-15T10:19:00Z' uid='22828305' user='eyob-ka' visible='true' version='2' changeset='182690602' lat='10.33152690286' lon='37.74888991901' />
  <node id='13830231096' action='modify' timestamp='2026-05-15T10:19:00Z' uid='22828305' user='eyob-ka' visible='true' version='2' changeset='182690602' lat='10.33156490287' lon='37.74892691901' />
  <node id='13830231097' action='modify' timestamp='2026-05-15T10:19:00Z' uid='22828305' user='eyob-ka' visible='true' version='2' changeset='182690602' lat='10.33147630284' lon='37.74902081901' />
  <node id='13830231098' action='modify' timestamp='2026-05-15T10:19:00Z' uid='22828305' user='eyob-ka' visible='true' version='2' changeset='182690602' lat='10.33154330286' lon='37.74908591901' />
  <node id='13830231099' action='modify' timestamp='2026-05-15T06:39:43Z' uid='22828305' user='eyob-ka' visible='true' version='1' changeset='182681580' lat='10.33175310292' lon='37.74886331901' />
  <node id='13830231100' action='modify' timestamp='2026-05-15T06:39:43Z' uid='22828305' user='eyob-ka' visible='true' version='1' changeset='182681580' lat='10.33175410292' lon='37.74885191901' />
  <node id='13830232601' action='modify' timestamp='2026-05-15T10:19:00Z' uid='22828305' user='eyob-ka' visible='true' version='2' changeset='182690602' lat='10.33177820293' lon='37.74882631901' />
  <node id='13830232602' action='modify' timestamp='2026-05-15T10:19:00Z' uid='22828305' user='eyob-ka' visible='true' version='2' changeset='182690602' lat='10.33136110939' lon='37.74906451901' />
  <node id='13830232603' action='modify' timestamp='2026-05-15T10:19:00Z' uid='22828305' user='eyob-ka' visible='true' version='2' changeset='182690602' lat='10.3314377094' lon='37.74914011901' />
  <node id='13830232604' action='modify' timestamp='2026-05-15T10:19:00Z' uid='22828305' user='eyob-ka' visible='true' version='2' changeset='182690602' lat='10.3314105094' lon='37.74916861901' />
  <node id='13830232605' action='modify' timestamp='2026-05-15T10:19:00Z' uid='22828305' user='eyob-ka' visible='true' version='2' changeset='182690602' lat='10.3314370094' lon='37.74919481901' />
  <node id='13830232606' action='modify' timestamp='2026-05-15T10:19:00Z' uid='22828305' user='eyob-ka' visible='true' version='2' changeset='182690602' lat='10.33122250936' lon='37.74941931901' />
  <node id='13830232607' action='modify' timestamp='2026-05-15T10:19:00Z' uid='22828305' user='eyob-ka' visible='true' version='2' changeset='182690602' lat='10.33120170936' lon='37.74939881901' />
  <node id='13830232608' action='modify' timestamp='2026-05-15T10:19:00Z' uid='22828305' user='eyob-ka' visible='true' version='2' changeset='182690602' lat='10.33116530935' lon='37.74943691901' />
  <node id='13830232609' action='modify' timestamp='2026-05-15T10:19:00Z' uid='22828305' user='eyob-ka' visible='true' version='2' changeset='182690602' lat='10.33108300934' lon='37.74935571901' />
  <node id='13830232610' action='delete' timestamp='2026-05-15T10:19:00Z' uid='22828305' user='eyob-ka' visible='true' version='2' changeset='182690602' lat='10.33108897403' lon='37.74951884663' />
  <node id='13830232611' action='delete' timestamp='2026-05-15T11:02:30Z' uid='22828305' user='eyob-ka' visible='true' version='3' changeset='182692386' lat='10.33102045124' lon='37.74951843681'>
    <tag k='entrance' v='yes' />
  </node>
  <node id='13830232612' action='modify' timestamp='2026-05-15T10:19:00Z' uid='22828305' user='eyob-ka' visible='true' version='2' changeset='182690602' lat='10.3310037353' lon='37.74944153251' />
  <node id='13830232613' action='modify' timestamp='2026-05-15T10:19:00Z' uid='22828305' user='eyob-ka' visible='true' version='2' changeset='182690602' lat='10.33079575119' lon='37.74966103681' />
  <node id='13830232614' action='modify' timestamp='2026-05-15T10:19:00Z' uid='22828305' user='eyob-ka' visible='true' version='2' changeset='182690602' lat='10.33087365121' lon='37.74973523681' />
  <node id='13830232615' action='modify' timestamp='2026-05-15T10:19:00Z' uid='22828305' user='eyob-ka' visible='true' version='2' changeset='182690602' lat='10.33092915122' lon='37.74967503681' />
  <node id='13830232616' action='modify' timestamp='2026-05-15T10:19:00Z' uid='22828305' user='eyob-ka' visible='true' version='2' changeset='182690602' lat='10.33095615122' lon='37.74970073681' />
  <node id='13830232617' action='delete' timestamp='2026-05-15T10:19:00Z' uid='22828305' user='eyob-ka' visible='true' version='2' changeset='182690602' lat='10.33110865126' lon='37.74953533681' />
  <node id='13830232618' action='modify' timestamp='2026-05-15T10:19:00Z' uid='22828305' user='eyob-ka' visible='true' version='2' changeset='182690602' lat='10.33153404798' lon='37.7493673503' />
  <node id='13830232619' action='modify' timestamp='2026-05-15T10:19:00Z' uid='22828305' user='eyob-ka' visible='true' version='2' changeset='182690602' lat='10.331606548' lon='37.7494344503' />
  <node id='13830232620' action='modify' timestamp='2026-05-15T10:19:00Z' uid='22828305' user='eyob-ka' visible='true' version='2' changeset='182690602' lat='10.33155014798' lon='37.7494974503' />
  <node id='13830232621' action='modify' timestamp='2026-05-15T10:19:00Z' uid='22828305' user='eyob-ka' visible='true' version='2' changeset='182690602' lat='10.331601548' lon='37.7495451503' />
  <node id='13830232622' action='modify' timestamp='2026-05-15T10:19:00Z' uid='22828305' user='eyob-ka' visible='true' version='2' changeset='182690602' lat='10.33145784796' lon='37.7497054503' />
  <node id='13830232625' action='modify' timestamp='2026-05-15T10:19:00Z' uid='22828305' user='eyob-ka' visible='true' version='2' changeset='182690602' lat='10.3312889479' lon='37.7495489503' />
  <node id='13830232626' action='modify' timestamp='2026-05-15T10:19:00Z' uid='22828305' user='eyob-ka' visible='true' version='2' changeset='182690602' lat='10.33143754795' lon='37.7493831503' />
  <node id='13830232627' action='modify' timestamp='2026-05-15T10:19:00Z' uid='22828305' user='eyob-ka' visible='true' version='2' changeset='182690602' lat='10.33148254796' lon='37.7494248503' />
  <node id='13830232629' action='modify' timestamp='2026-05-15T10:19:00Z' uid='22828305' user='eyob-ka' visible='true' version='2' changeset='182690602' lat='10.33133352198' lon='37.74982483251' />
  <node id='13830232630' action='modify' timestamp='2026-05-15T10:19:00Z' uid='22828305' user='eyob-ka' visible='true' version='2' changeset='182690602' lat='10.33117972191' lon='37.74999123251' />
  <node id='13830232631' action='modify' timestamp='2026-05-15T10:19:00Z' uid='22828305' user='eyob-ka' visible='true' version='2' changeset='182690602' lat='10.3311354219' lon='37.74994893251' />
  <node id='13830232632' action='modify' timestamp='2026-05-15T10:19:00Z' uid='22828305' user='eyob-ka' visible='true' version='2' changeset='182690602' lat='10.33108132187' lon='37.75000753251' />
  <node id='13830232633' action='modify' timestamp='2026-05-15T10:19:00Z' uid='22828305' user='eyob-ka' visible='true' version='2' changeset='182690602' lat='10.33100592184' lon='37.74993563251' />
  <node id='13830232634' action='modify' timestamp='2026-05-15T10:19:00Z' uid='22828305' user='eyob-ka' visible='true' version='2' changeset='182690602' lat='10.33106612187' lon='37.74987043251' />
  <node id='13830232635' action='modify' timestamp='2026-05-15T10:19:00Z' uid='22828305' user='eyob-ka' visible='true' version='2' changeset='182690602' lat='10.33101162185' lon='37.74981843251' />
  <node id='13830232636' action='modify' timestamp='2026-05-15T10:19:00Z' uid='22828305' user='eyob-ka' visible='true' version='2' changeset='182690602' lat='10.33115942191' lon='37.74965853251' />
  <node id='13830232637' action='modify' timestamp='2026-05-15T06:39:43Z' uid='22828305' user='eyob-ka' visible='true' version='1' changeset='182681580' lat='10.33017257677' lon='37.7502503957' />
  <node id='13830232638' action='modify' timestamp='2026-05-15T06:39:43Z' uid='22828305' user='eyob-ka' visible='true' version='1' changeset='182681580' lat='10.33011437676' lon='37.7503086957' />
  <node id='13830232639' action='modify' timestamp='2026-05-15T06:39:43Z' uid='22828305' user='eyob-ka' visible='true' version='1' changeset='182681580' lat='10.3303072768' lon='37.7505139957' />
  <node id='13830232640' action='modify' timestamp='2026-05-15T06:39:43Z' uid='22828305' user='eyob-ka' visible='true' version='1' changeset='182681580' lat='10.33036917682' lon='37.7504537957' />
  <node id='13830232641' action='modify' timestamp='2026-05-15T10:19:00Z' uid='22828305' user='eyob-ka' visible='true' version='2' changeset='182690602' lat='10.33009874788' lon='37.74960680122' />
  <node id='13830232642' action='modify' timestamp='2026-05-15T10:19:00Z' uid='22828305' user='eyob-ka' visible='true' version='2' changeset='182690602' lat='10.33003604787' lon='37.74967120122' />
  <node id='13830232643' action='modify' timestamp='2026-05-15T10:19:00Z' uid='22828305' user='eyob-ka' visible='true' version='2' changeset='182690602' lat='10.33024364791' lon='37.74988020122' />
  <node id='13830232644' action='modify' timestamp='2026-05-15T10:19:00Z' uid='22828305' user='eyob-ka' visible='true' version='2' changeset='182690602' lat='10.33030634792' lon='37.74981580122' />
  <node id='13830232645' action='modify' timestamp='2026-05-15T10:19:00Z' uid='22828305' user='eyob-ka' visible='true' version='2' changeset='182690602' lat='10.32955653157' lon='37.75013716012' />
  <node id='13830232646' action='modify' timestamp='2026-05-15T10:19:00Z' uid='22828305' user='eyob-ka' visible='true' version='2' changeset='182690602' lat='10.32976773161' lon='37.75035426012' />
  <node id='13830232647' action='modify' timestamp='2026-05-15T10:19:00Z' uid='22828305' user='eyob-ka' visible='true' version='2' changeset='182690602' lat='10.3297010316' lon='37.75042126012' />
  <node id='13830232648' action='modify' timestamp='2026-05-15T10:19:00Z' uid='22828305' user='eyob-ka' visible='true' version='2' changeset='182690602' lat='10.32948993155' lon='37.75020416012' />
  <node id='13830232649' action='modify' timestamp='2026-05-15T10:19:00Z' uid='22828305' user='eyob-ka' visible='true' version='2' changeset='182690602' lat='10.32918600897' lon='37.74892314233' />
  <node id='13830232650' action='modify' timestamp='2026-05-15T10:19:00Z' uid='22828305' user='eyob-ka' visible='true' version='2' changeset='182690602' lat='10.32911770896' lon='37.74897224233' />
  <node id='13830232651' action='modify' timestamp='2026-05-15T10:19:00Z' uid='22828305' user='eyob-ka' visible='true' version='2' changeset='182690602' lat='10.32928940899' lon='37.74921894233' />
  <node id='13830232652' action='modify' timestamp='2026-05-15T10:19:00Z' uid='22828305' user='eyob-ka' visible='true' version='2' changeset='182690602' lat='10.329357709' lon='37.74916984233' />
  <node id='13830232653' timestamp='2026-05-15T10:19:00Z' uid='22828305' user='eyob-ka' visible='true' version='2' changeset='182690602' lat='10.3295935' lon='37.7487077' />
  <node id='13830232654' timestamp='2026-05-15T10:19:00Z' uid='22828305' user='eyob-ka' visible='true' version='2' changeset='182690602' lat='10.3294807' lon='37.7487788' />
  <node id='13830232655' timestamp='2026-05-15T10:19:00Z' uid='22828305' user='eyob-ka' visible='true' version='2' changeset='182690602' lat='10.3295045' lon='37.7488178' />
  <node id='13830232656' timestamp='2026-05-15T10:19:00Z' uid='22828305' user='eyob-ka' visible='true' version='2' changeset='182690602' lat='10.3294712' lon='37.7488388' />
  <node id='13830232657' timestamp='2026-05-15T10:19:00Z' uid='22828305' user='eyob-ka' visible='true' version='2' changeset='182690602' lat='10.3295156' lon='37.7489115' />
  <node id='13830232658' timestamp='2026-05-15T10:19:00Z' uid='22828305' user='eyob-ka' visible='true' version='2' changeset='182690602' lat='10.3295566' lon='37.7488856' />
  <node id='13830232659' timestamp='2026-05-15T10:19:00Z' uid='22828305' user='eyob-ka' visible='true' version='2' changeset='182690602' lat='10.3296028' lon='37.7489614' />
  <node id='13830232660' timestamp='2026-05-15T10:19:00Z' uid='22828305' user='eyob-ka' visible='true' version='2' changeset='182690602' lat='10.329708' lon='37.7488951' />
  <node id='13830232661' timestamp='2026-05-15T10:19:00Z' uid='22828305' user='eyob-ka' visible='true' version='2' changeset='182690602' lat='10.3306039' lon='37.7491339' />
  <node id='13830232662' timestamp='2026-05-15T10:19:00Z' uid='22828305' user='eyob-ka' visible='true' version='2' changeset='182690602' lat='10.3304941' lon='37.7492305' />
  <node id='13830232663' timestamp='2026-05-15T10:19:00Z' uid='22828305' user='eyob-ka' visible='true' version='2' changeset='182690602' lat='10.3305342' lon='37.7492776' />
  <node id='13830232664' timestamp='2026-05-15T10:19:00Z' uid='22828305' user='eyob-ka' visible='true' version='2' changeset='182690602' lat='10.3304969' lon='37.7493104' />
  <node id='13830232665' timestamp='2026-05-15T10:19:00Z' uid='22828305' user='eyob-ka' visible='true' version='2' changeset='182690602' lat='10.3305763' lon='37.7494035' />
  <node id='13830232666' timestamp='2026-05-15T10:19:00Z' uid='22828305' user='eyob-ka' visible='true' version='2' changeset='182690602' lat='10.3307505' lon='37.7492502' />
  <node id='13830232667' timestamp='2026-05-15T10:19:00Z' uid='22828305' user='eyob-ka' visible='true' version='2' changeset='182690602' lat='10.3306722' lon='37.7491583' />
  <node id='13830232668' timestamp='2026-05-15T10:19:00Z' uid='22828305' user='eyob-ka' visible='true' version='2' changeset='182690602' lat='10.3306451' lon='37.7491822' />
  <node id='13830232669' timestamp='2026-05-15T10:19:00Z' uid='22828305' user='eyob-ka' visible='true' version='2' changeset='182690602' lat='10.3304443' lon='37.7488691' />
  <node id='13830232670' timestamp='2026-05-15T10:19:00Z' uid='22828305' user='eyob-ka' visible='true' version='2' changeset='182690602' lat='10.3305226' lon='37.7489812' />
  <node id='13830232671' timestamp='2026-05-15T10:19:00Z' uid='22828305' user='eyob-ka' visible='true' version='2' changeset='182690602' lat='10.3304945' lon='37.7490015' />
  <node id='13830232672' timestamp='2026-05-15T10:19:00Z' uid='22828305' user='eyob-ka' visible='true' version='2' changeset='182690602' lat='10.3305147' lon='37.7490305' />
  <node id='13830232673' timestamp='2026-05-15T10:19:00Z' uid='22828305' user='eyob-ka' visible='true' version='2' changeset='182690602' lat='10.3303869' lon='37.7491229' />
  <node id='13830232674' timestamp='2026-05-15T10:19:00Z' uid='22828305' user='eyob-ka' visible='true' version='2' changeset='182690602' lat='10.3303675' lon='37.7490952' />
  <node id='13830232675' timestamp='2026-05-15T10:19:00Z' uid='22828305' user='eyob-ka' visible='true' version='2' changeset='182690602' lat='10.3303465' lon='37.7491104' />
  <node id='13830232676' timestamp='2026-05-15T10:19:00Z' uid='22828305' user='eyob-ka' visible='true' version='2' changeset='182690602' lat='10.3302672' lon='37.748997' />
  <node id='13830232677' action='modify' timestamp='2026-05-15T10:19:00Z' uid='22828305' user='eyob-ka' visible='true' version='2' changeset='182690602' lat='10.33076097055' lon='37.74862376012' />
  <node id='13830232678' action='modify' timestamp='2026-05-15T11:02:30Z' uid='22828305' user='eyob-ka' visible='true' version='3' changeset='182692386' lat='10.33083387056' lon='37.74856556012'>
    <tag k='entrance' v='yes' />
  </node>
  <node id='13830232679' action='modify' timestamp='2026-05-15T06:39:43Z' uid='22828305' user='eyob-ka' visible='true' version='1' changeset='182681580' lat='10.33085767057' lon='37.74859636012' />
  <node id='13830232680' action='modify' timestamp='2026-05-15T06:39:43Z' uid='22828305' user='eyob-ka' visible='true' version='1' changeset='182681580' lat='10.33088547057' lon='37.74855906012' />
  <node id='13830232681' action='modify' timestamp='2026-05-15T10:19:00Z' uid='22828305' user='eyob-ka' visible='true' version='2' changeset='182690602' lat='10.33106967061' lon='37.74879706012' />
  <node id='13830232682' action='modify' timestamp='2026-05-15T10:19:00Z' uid='22828305' user='eyob-ka' visible='true' version='2' changeset='182690602' lat='10.3310323706' lon='37.74882686012' />
  <node id='13830232683' action='modify' timestamp='2026-05-15T10:19:00Z' uid='22828305' user='eyob-ka' visible='true' version='2' changeset='182690602' lat='10.33106697061' lon='37.74887156012' />
  <node id='13830232684' action='modify' timestamp='2026-05-15T10:19:00Z' uid='22828305' user='eyob-ka' visible='true' version='2' changeset='182690602' lat='10.33099627059' lon='37.74892796012' />
  <node id='13830232685' action='modify' timestamp='2026-05-15T10:19:00Z' uid='22828305' user='eyob-ka' visible='true' version='2' changeset='182690602' lat='10.33124420937' lon='37.74818968343' />
  <node id='13830232686' action='modify' timestamp='2026-05-15T10:19:00Z' uid='22828305' user='eyob-ka' visible='true' version='2' changeset='182690602' lat='10.33130880938' lon='37.74827018343' />
  <node id='13830232687' action='modify' timestamp='2026-05-15T10:19:00Z' uid='22828305' user='eyob-ka' visible='true' version='2' changeset='182690602' lat='10.33127450937' lon='37.74829858343' />
  <node id='13830232688' action='modify' timestamp='2026-05-15T10:19:00Z' uid='22828305' user='eyob-ka' visible='true' version='2' changeset='182690602' lat='10.33129330938' lon='37.74832188343' />
  <node id='13830232689' action='modify' timestamp='2026-05-15T06:39:43Z' uid='22828305' user='eyob-ka' visible='true' version='1' changeset='182681580' lat='10.33105230933' lon='37.74852148343' />
  <node id='13830232690' action='modify' timestamp='2026-05-15T06:39:43Z' uid='22828305' user='eyob-ka' visible='true' version='1' changeset='182681580' lat='10.33103970933' lon='37.74849228343' />
  <node id='13830232691' action='modify' timestamp='2026-05-15T10:19:00Z' uid='22828305' user='eyob-ka' visible='true' version='2' changeset='182690602' lat='10.33100870932' lon='37.74851798343' />
  <node id='13830232692' action='modify' timestamp='2026-05-15T10:19:00Z' uid='22828305' user='eyob-ka' visible='true' version='2' changeset='182690602' lat='10.33094450931' lon='37.74843798343' />
  <node id='13830232693' action='modify' timestamp='2026-05-15T10:19:00Z' uid='22828305' user='eyob-ka' visible='true' version='2' changeset='182690602' lat='10.3314845675' lon='37.74846701901' />
  <node id='13830232694' action='modify' timestamp='2026-05-15T10:19:00Z' uid='22828305' user='eyob-ka' visible='true' version='2' changeset='182690602' lat='10.33154026751' lon='37.74853961901' />
  <node id='13830232695' action='modify' timestamp='2026-05-15T10:19:00Z' uid='22828305' user='eyob-ka' visible='true' version='2' changeset='182690602' lat='10.33122386745' lon='37.74879041901' />
  <node id='13830232696' action='modify' timestamp='2026-05-15T10:19:00Z' uid='22828305' user='eyob-ka' visible='true' version='2' changeset='182690602' lat='10.33116886744' lon='37.74871871901' />
  <node id='13830232697' action='modify' timestamp='2026-05-15T10:19:00Z' uid='22828305' user='eyob-ka' visible='true' version='2' changeset='182690602' lat='10.33120786745' lon='37.74868781901' />
  <node id='13830232698' action='modify' timestamp='2026-05-15T10:19:00Z' uid='22828305' user='eyob-ka' visible='true' version='2' changeset='182690602' lat='10.33117216744' lon='37.74864121901' />
  <node id='13830232699' action='modify' timestamp='2026-05-15T10:19:00Z' uid='22828305' user='eyob-ka' visible='true' version='2' changeset='182690602' lat='10.33140766748' lon='37.74845441901' />
  <node id='13830232700' action='modify' timestamp='2026-05-15T10:19:00Z' uid='22828305' user='eyob-ka' visible='true' version='2' changeset='182690602' lat='10.33144276749' lon='37.74850011901' />
  <node id='13830232701' action='modify' timestamp='2026-05-15T06:39:43Z' uid='22828305' user='eyob-ka' visible='true' version='1' changeset='182681580' lat='10.33180551268' lon='37.74812836012' />
  <node id='13830232702' action='modify' timestamp='2026-05-15T06:39:43Z' uid='22828305' user='eyob-ka' visible='true' version='1' changeset='182681580' lat='10.3319001127' lon='37.74823666012' />
  <node id='13830232703' action='modify' timestamp='2026-05-15T06:39:43Z' uid='22828305' user='eyob-ka' visible='true' version='1' changeset='182681580' lat='10.33171291266' lon='37.74840976012' />
  <node id='13830232704' action='modify' timestamp='2026-05-15T06:39:43Z' uid='22828305' user='eyob-ka' visible='true' version='1' changeset='182681580' lat='10.33161461264' lon='37.74830526012' />
  <node id='13830232705' action='modify' timestamp='2026-05-15T10:19:00Z' uid='22828305' user='eyob-ka' visible='true' version='2' changeset='182690602' lat='10.33217057404' lon='37.74781759018' />
  <node id='13830232706' action='modify' timestamp='2026-05-15T10:19:00Z' uid='22828305' user='eyob-ka' visible='true' version='2' changeset='182690602' lat='10.33222917406' lon='37.74788789018' />
  <node id='13830232707' action='modify' timestamp='2026-05-15T10:19:00Z' uid='22828305' user='eyob-ka' visible='true' version='2' changeset='182690602' lat='10.33212907403' lon='37.74797429018' />
  <node id='13830232708' action='modify' timestamp='2026-05-15T10:19:00Z' uid='22828305' user='eyob-ka' visible='true' version='2' changeset='182690602' lat='10.33215677404' lon='37.74800749018' />
  <node id='13830232709' action='modify' timestamp='2026-05-15T10:19:00Z' uid='22828305' user='eyob-ka' visible='true' version='2' changeset='182690602' lat='10.33201807401' lon='37.74812699018' />
  <node id='13830232710' action='modify' timestamp='2026-05-15T10:19:00Z' uid='22828305' user='eyob-ka' visible='true' version='2' changeset='182690602' lat='10.33199777401' lon='37.74810269018' />
  <node id='13830232711' action='modify' timestamp='2026-05-15T10:19:00Z' uid='22828305' user='eyob-ka' visible='true' version='2' changeset='182690602' lat='10.331974974' lon='37.74812239018' />
  <node id='13830232712' action='modify' timestamp='2026-05-15T10:19:00Z' uid='22828305' user='eyob-ka' visible='true' version='2' changeset='182690602' lat='10.33190897399' lon='37.74804319018' />
  <node id='13830232713' action='modify' timestamp='2026-05-15T10:19:00Z' uid='22828305' user='eyob-ka' visible='true' version='2' changeset='182690602' lat='10.33203681273' lon='37.74763983128' />
  <node id='13830232714' action='modify' timestamp='2026-05-15T10:19:00Z' uid='22828305' user='eyob-ka' visible='true' version='2' changeset='182690602' lat='10.33208911274' lon='37.74771563128' />
  <node id='13830232715' action='modify' timestamp='2026-05-15T10:19:00Z' uid='22828305' user='eyob-ka' visible='true' version='2' changeset='182690602' lat='10.33180081268' lon='37.74792133128' />
  <node id='13830232716' action='modify' timestamp='2026-05-15T10:19:00Z' uid='22828305' user='eyob-ka' visible='true' version='2' changeset='182690602' lat='10.33174041267' lon='37.74783383128' />
  <node id='13830232717' action='modify' timestamp='2026-05-15T10:19:00Z' uid='22828305' user='eyob-ka' visible='true' version='2' changeset='182690602' lat='10.33177831267' lon='37.74780673128' />
  <node id='13830232718' action='modify' timestamp='2026-05-15T10:19:00Z' uid='22828305' user='eyob-ka' visible='true' version='2' changeset='182690602' lat='10.33175471267' lon='37.74777253128' />
  <node id='13830232719' action='modify' timestamp='2026-05-15T11:40:15Z' uid='22828305' user='eyob-ka' visible='true' version='3' changeset='182694076' lat='10.3318936127' lon='37.74767343128'>
    <tag k='entrance' v='yes' />
  </node>
  <node id='13830232720' action='modify' timestamp='2026-05-15T10:19:00Z' uid='22828305' user='eyob-ka' visible='true' version='2' changeset='182690602' lat='10.33192531271' lon='37.74771943128' />
  <node id='13830232721' action='modify' timestamp='2026-05-15T10:19:00Z' uid='22828305' user='eyob-ka' visible='true' version='2' changeset='182690602' lat='10.33161998368' lon='37.74787477116' />
  <node id='13830232722' action='modify' timestamp='2026-05-15T10:19:00Z' uid='22828305' user='eyob-ka' visible='true' version='2' changeset='182690602' lat='10.33170918369' lon='37.74798637116' />
  <node id='13830232723' action='modify' timestamp='2026-05-15T10:19:00Z' uid='22828305' user='eyob-ka' visible='true' version='2' changeset='182690602' lat='10.33150208366' lon='37.74815747116' />
  <node id='13830232724' action='modify' timestamp='2026-05-15T10:19:00Z' uid='22828305' user='eyob-ka' visible='true' version='2' changeset='182690602' lat='10.33141278365' lon='37.74804577116' />
  <node id='13830232725' action='modify' timestamp='2026-05-15T10:19:00Z' uid='22828305' user='eyob-ka' visible='true' version='2' changeset='182690602' lat='10.33167702576' lon='37.74686144663' />
  <node id='13830232726' action='modify' timestamp='2026-05-15T10:19:00Z' uid='22828305' user='eyob-ka' visible='true' version='2' changeset='182690602' lat='10.33172862576' lon='37.74700844663' />
  <node id='13830232727' action='modify' timestamp='2026-05-15T10:19:00Z' uid='22828305' user='eyob-ka' visible='true' version='2' changeset='182690602' lat='10.33150922575' lon='37.74708794663' />
  <node id='13830232728' action='modify' timestamp='2026-05-15T10:19:00Z' uid='22828305' user='eyob-ka' visible='true' version='2' changeset='182690602' lat='10.33145762575' lon='37.74694084663' />
  <node id='13830232729' action='modify' timestamp='2026-05-15T10:19:00Z' uid='22828305' user='eyob-ka' visible='true' version='2' changeset='182690602' lat='10.33162134496' lon='37.74716171901' />
  <node id='13830232730' action='modify' timestamp='2026-05-15T10:19:00Z' uid='22828305' user='eyob-ka' visible='true' version='2' changeset='182690602' lat='10.33164404496' lon='37.74721721901' />
  <node id='13830232731' action='modify' timestamp='2026-05-15T10:19:00Z' uid='22828305' user='eyob-ka' visible='true' version='2' changeset='182690602' lat='10.33176984498' lon='37.74716381901' />
  <node id='13830232732' action='modify' timestamp='2026-05-15T10:19:00Z' uid='22828305' user='eyob-ka' visible='true' version='2' changeset='182690602' lat='10.33180234499' lon='37.74724281901' />
  <node id='13830232733' action='modify' timestamp='2026-05-15T10:19:00Z' uid='22828305' user='eyob-ka' visible='true' version='2' changeset='182690602' lat='10.33148614494' lon='37.74737701901' />
  <node id='13830232734' action='modify' timestamp='2026-05-15T10:19:00Z' uid='22828305' user='eyob-ka' visible='true' version='2' changeset='182690602' lat='10.33144504493' lon='37.74727681901' />
  <node id='13830232735' action='modify' timestamp='2026-05-15T10:19:00Z' uid='22828305' user='eyob-ka' visible='true' version='2' changeset='182690602' lat='10.33147644494' lon='37.74726351901' />
  <node id='13830232736' action='modify' timestamp='2026-05-15T10:19:00Z' uid='22828305' user='eyob-ka' visible='true' version='2' changeset='182690602' lat='10.33146234493' lon='37.74722921901' />
  <node id='13830232737' action='modify' timestamp='2026-05-15T10:19:00Z' uid='22828305' user='eyob-ka' visible='true' version='2' changeset='182690602' lat='10.33185667077' lon='37.74736453681' />
  <node id='13830232738' action='modify' timestamp='2026-05-15T10:19:00Z' uid='22828305' user='eyob-ka' visible='true' version='2' changeset='182690602' lat='10.33190697078' lon='37.74745683681' />
  <node id='13830232739' action='modify' timestamp='2026-05-15T10:19:00Z' uid='22828305' user='eyob-ka' visible='true' version='2' changeset='182690602' lat='10.33179217076' lon='37.74752153681' />
  <node id='13830232740' action='modify' timestamp='2026-05-15T10:19:00Z' uid='22828305' user='eyob-ka' visible='true' version='2' changeset='182690602' lat='10.33180967076' lon='37.74755363681' />
  <node id='13830232741' action='modify' timestamp='2026-05-15T10:19:00Z' uid='22828305' user='eyob-ka' visible='true' version='2' changeset='182690602' lat='10.33166007073' lon='37.74763793681' />
  <node id='13830232742' action='modify' timestamp='2026-05-15T10:19:00Z' uid='22828305' user='eyob-ka' visible='true' version='2' changeset='182690602' lat='10.33164247072' lon='37.74760563681' />
  <node id='13830232743' action='modify' timestamp='2026-05-15T10:19:00Z' uid='22828305' user='eyob-ka' visible='true' version='2' changeset='182690602' lat='10.33161077072' lon='37.74762353681' />
  <node id='13830232744' action='modify' timestamp='2026-05-15T10:19:00Z' uid='22828305' user='eyob-ka' visible='true' version='2' changeset='182690602' lat='10.33156047071' lon='37.74753133681' />
  <node id='13830232745' action='modify' timestamp='2026-05-15T10:19:00Z' uid='22828305' user='eyob-ka' visible='true' version='2' changeset='182690602' lat='10.33146679662' lon='37.74760727669' />
  <node id='13830232746' action='modify' timestamp='2026-05-15T10:19:00Z' uid='22828305' user='eyob-ka' visible='true' version='2' changeset='182690602' lat='10.33153389663' lon='37.74772987669' />
  <node id='13830232747' action='modify' timestamp='2026-05-15T10:19:00Z' uid='22828305' user='eyob-ka' visible='true' version='2' changeset='182690602' lat='10.3313032966' lon='37.74786037669' />
  <node id='13830232748' action='modify' timestamp='2026-05-15T11:02:30Z' uid='22828305' user='eyob-ka' visible='true' version='3' changeset='182692386' lat='10.33123477724' lon='37.74773107116'>
    <tag k='entrance' v='yes' />
  </node>
  <node id='13830232749' action='modify' timestamp='2026-05-15T10:19:00Z' uid='22828305' user='eyob-ka' visible='true' version='2' changeset='182690602' lat='10.33132578683' lon='37.74734957791' />
  <node id='13830232750' action='modify' timestamp='2026-05-15T10:19:00Z' uid='22828305' user='eyob-ka' visible='true' version='2' changeset='182690602' lat='10.33135938683' lon='37.74742517791' />
  <node id='13830232751' action='modify' timestamp='2026-05-15T10:19:00Z' uid='22828305' user='eyob-ka' visible='true' version='2' changeset='182690602' lat='10.33104698678' lon='37.74756877791' />
  <node id='13830232752' action='modify' timestamp='2026-05-15T11:02:30Z' uid='22828305' user='eyob-ka' visible='true' version='3' changeset='182692386' lat='10.33100748677' lon='37.74747997791'>
    <tag k='entrance' v='yes' />
  </node>
  <node id='13830232753' action='modify' timestamp='2026-05-15T10:19:00Z' uid='22828305' user='eyob-ka' visible='true' version='2' changeset='182690602' lat='10.33104128678' lon='37.74746447791' />
  <node id='13830232754' action='modify' timestamp='2026-05-15T10:19:00Z' uid='22828305' user='eyob-ka' visible='true' version='2' changeset='182690602' lat='10.33102348677' lon='37.74742457791' />
  <node id='13830232755' action='modify' timestamp='2026-05-15T10:19:00Z' uid='22828305' user='eyob-ka' visible='true' version='2' changeset='182690602' lat='10.3311819868' lon='37.74735167791' />
  <node id='13830232756' action='modify' timestamp='2026-05-15T10:19:00Z' uid='22828305' user='eyob-ka' visible='true' version='2' changeset='182690602' lat='10.33120568681' lon='37.74740487791' />
  <node id='13830232757' action='modify' timestamp='2026-05-15T10:19:00Z' uid='22828305' user='eyob-ka' visible='true' version='2' changeset='182690602' lat='10.33108184168' lon='37.74707236564' />
  <node id='13830232758' action='modify' timestamp='2026-05-15T10:19:00Z' uid='22828305' user='eyob-ka' visible='true' version='2' changeset='182690602' lat='10.33110194169' lon='37.74713046564' />
  <node id='13830232759' action='modify' timestamp='2026-05-15T10:19:00Z' uid='22828305' user='eyob-ka' visible='true' version='2' changeset='182690602' lat='10.3312269417' lon='37.74708576564' />
  <node id='13830232760' action='modify' timestamp='2026-05-15T10:19:00Z' uid='22828305' user='eyob-ka' visible='true' version='2' changeset='182690602' lat='10.33125404171' lon='37.74716416564' />
  <node id='13830232761' action='modify' timestamp='2026-05-15T10:19:00Z' uid='22828305' user='eyob-ka' visible='true' version='2' changeset='182690602' lat='10.33093294166' lon='37.74727886564' />
  <node id='13830232762' action='modify' timestamp='2026-05-15T10:19:00Z' uid='22828305' user='eyob-ka' visible='true' version='2' changeset='182690602' lat='10.33089774166' lon='37.74717706564' />
  <node id='13830232763' action='modify' timestamp='2026-05-15T11:02:30Z' uid='22828305' user='eyob-ka' visible='true' version='3' changeset='182692386' lat='10.33093004166' lon='37.74716546564'>
    <tag k='entrance' v='yes' />
  </node>
  <node id='13830232764' action='modify' timestamp='2026-05-15T10:19:00Z' uid='22828305' user='eyob-ka' visible='true' version='2' changeset='182690602' lat='10.33091814166' lon='37.74713086564' />
  <node id='13830232765' action='modify' timestamp='2026-05-15T10:19:00Z' uid='22828305' user='eyob-ka' visible='true' version='2' changeset='182690602' lat='10.33107224168' lon='37.74788403006' />
  <node id='13830232766' action='modify' timestamp='2026-05-15T10:19:00Z' uid='22828305' user='eyob-ka' visible='true' version='2' changeset='182690602' lat='10.33111914169' lon='37.74796433006' />
  <node id='13830232767' action='modify' timestamp='2026-05-15T10:19:00Z' uid='22828305' user='eyob-ka' visible='true' version='2' changeset='182690602' lat='10.33077654893' lon='37.74816849509' />
  <node id='13830232768' action='delete' timestamp='2026-05-15T11:02:30Z' uid='22828305' user='eyob-ka' visible='true' version='3' changeset='182692386' lat='10.33072588036' lon='37.74809675337'>
    <tag k='entrance' v='yes' />
  </node>
  <node id='13830232769' action='modify' timestamp='2026-05-15T10:19:00Z' uid='22828305' user='eyob-ka' visible='true' version='2' changeset='182690602' lat='10.33084654165' lon='37.74801823006' />
  <node id='13830232770' action='modify' timestamp='2026-05-15T10:19:00Z' uid='22828305' user='eyob-ka' visible='true' version='2' changeset='182690602' lat='10.33083884165' lon='37.74800513006' />
  <node id='13830232771' action='modify' timestamp='2026-05-15T10:19:00Z' uid='22828305' user='eyob-ka' visible='true' version='2' changeset='182690602' lat='10.33076394164' lon='37.74805033006' />
  <node id='13830232772' action='modify' timestamp='2026-05-15T10:19:00Z' uid='22828305' user='eyob-ka' visible='true' version='2' changeset='182690602' lat='10.33074724163' lon='37.74802163006' />
  <node id='13830232773' action='modify' timestamp='2026-05-15T10:19:00Z' uid='22828305' user='eyob-ka' visible='true' version='2' changeset='182690602' lat='10.33100704167' lon='37.74786493006' />
  <node id='13830232774' action='modify' timestamp='2026-05-15T10:19:00Z' uid='22828305' user='eyob-ka' visible='true' version='2' changeset='182690602' lat='10.33102794167' lon='37.74790073006' />
  <node id='13830232775' action='modify' timestamp='2026-05-15T10:19:00Z' uid='22828305' user='eyob-ka' visible='true' version='2' changeset='182690602' lat='10.33095574166' lon='37.74794433006' />
  <node id='13830232776' action='modify' timestamp='2026-05-15T10:19:00Z' uid='22828305' user='eyob-ka' visible='true' version='2' changeset='182690602' lat='10.33096014166' lon='37.74795173006' />
  <node id='13830232777' action='modify' timestamp='2026-05-15T10:19:00Z' uid='22828305' user='eyob-ka' visible='true' version='2' changeset='182690602' lat='10.33086854165' lon='37.74750619448' />
  <node id='13830232778' action='modify' timestamp='2026-05-15T10:19:00Z' uid='22828305' user='eyob-ka' visible='true' version='2' changeset='182690602' lat='10.33091304166' lon='37.74760619448' />
  <node id='13830232779' action='modify' timestamp='2026-05-15T10:19:00Z' uid='22828305' user='eyob-ka' visible='true' version='2' changeset='182690602' lat='10.33087254165' lon='37.74762479448' />
  <node id='13830232780' action='modify' timestamp='2026-05-15T10:19:00Z' uid='22828305' user='eyob-ka' visible='true' version='2' changeset='182690602' lat='10.33088634165' lon='37.74765579448' />
  <node id='13830232781' action='modify' timestamp='2026-05-15T10:19:00Z' uid='22828305' user='eyob-ka' visible='true' version='2' changeset='182690602' lat='10.33060334161' lon='37.74778559448' />
  <node id='13830232782' action='modify' timestamp='2026-05-15T10:19:00Z' uid='22828305' user='eyob-ka' visible='true' version='2' changeset='182690602' lat='10.33058744161' lon='37.74774989448' />
  <node id='13830232783' action='modify' timestamp='2026-05-15T10:19:00Z' uid='22828305' user='eyob-ka' visible='true' version='2' changeset='182690602' lat='10.33056334161' lon='37.74776089448' />
  <node id='13830232784' action='modify' timestamp='2026-05-15T10:19:00Z' uid='22828305' user='eyob-ka' visible='true' version='2' changeset='182690602' lat='10.3305211416' lon='37.74766569448' />
  <node id='13830232785' action='delete' timestamp='2026-05-15T10:19:00Z' uid='22828305' user='eyob-ka' visible='true' version='2' changeset='182690602' lat='10.33076295464' lon='37.74718771779' />
  <node id='13830232786' action='delete' timestamp='2026-05-15T10:19:00Z' uid='22828305' user='eyob-ka' visible='true' version='2' changeset='182690602' lat='10.33078834005' lon='37.74729093558' />
  <node id='13830232787' action='delete' timestamp='2026-05-15T10:19:00Z' uid='22828305' user='eyob-ka' visible='true' version='2' changeset='182690602' lat='10.33075573368' lon='37.74728443681' />
  <node id='13830232788' action='delete' timestamp='2026-05-15T10:19:00Z' uid='22828305' user='eyob-ka' visible='true' version='2' changeset='182690602' lat='10.33076455464' lon='37.74733930613' />
  <node id='13830232789' action='modify' timestamp='2026-05-15T10:19:00Z' uid='22828305' user='eyob-ka' visible='true' version='2' changeset='182690602' lat='10.33046969651' lon='37.74743831227' />
  <node id='13830232790' action='modify' timestamp='2026-05-15T10:19:00Z' uid='22828305' user='eyob-ka' visible='true' version='2' changeset='182690602' lat='10.33046145461' lon='37.74740951779' />
  <node id='13830232791' action='delete' timestamp='2026-05-15T10:19:00Z' uid='22828305' user='eyob-ka' visible='true' version='2' changeset='182690602' lat='10.3304280546' lon='37.74742141779' />
  <node id='13830232792' action='delete' timestamp='2026-05-15T10:19:00Z' uid='22828305' user='eyob-ka' visible='true' version='2' changeset='182690602' lat='10.3303929546' lon='37.74731971779' />
  <node id='13830232793' action='modify' timestamp='2026-05-15T10:19:00Z' uid='22828305' user='eyob-ka' visible='true' version='2' changeset='182690602' lat='10.33018516092' lon='37.74740310675' />
  <node id='13830232794' action='modify' timestamp='2026-05-15T06:39:43Z' uid='22828305' user='eyob-ka' visible='true' version='1' changeset='182681580' lat='10.33015266092' lon='37.74741660675' />
  <node id='13830232795' action='modify' timestamp='2026-05-15T06:39:43Z' uid='22828305' user='eyob-ka' visible='true' version='1' changeset='182681580' lat='10.33014416091' lon='37.74740650675' />
  <node id='13830232796' action='modify' timestamp='2026-05-15T10:19:00Z' uid='22828305' user='eyob-ka' visible='true' version='2' changeset='182690602' lat='10.32994506089' lon='37.74748920675' />
  <node id='13830232797' action='modify' timestamp='2026-05-15T10:19:00Z' uid='22828305' user='eyob-ka' visible='true' version='2' changeset='182690602' lat='10.32999016089' lon='37.74760130675' />
  <node id='13830232798' action='modify' timestamp='2026-05-15T10:19:00Z' uid='22828305' user='eyob-ka' visible='true' version='2' changeset='182690602' lat='10.33019066092' lon='37.74751800675' />
  <node id='13830232799' action='modify' timestamp='2026-05-15T10:19:00Z' uid='22828305' user='eyob-ka' visible='true' version='2' changeset='182690602' lat='10.33017346092' lon='37.74747540675' />
  <node id='13830232800' action='modify' timestamp='2026-05-15T10:19:00Z' uid='22828305' user='eyob-ka' visible='true' version='2' changeset='182690602' lat='10.33020846092' lon='37.74746090675' />
  <node id='13830232801' action='modify' timestamp='2026-05-15T06:39:43Z' uid='22828305' user='eyob-ka' visible='true' version='1' changeset='182681580' lat='10.33014132289' lon='37.74786952884' />
  <node id='13830232802' action='modify' timestamp='2026-05-15T06:39:43Z' uid='22828305' user='eyob-ka' visible='true' version='1' changeset='182681580' lat='10.33016482289' lon='37.74789772884' />
  <node id='13830232803' action='modify' timestamp='2026-05-15T06:39:43Z' uid='22828305' user='eyob-ka' visible='true' version='1' changeset='182681580' lat='10.33017692289' lon='37.74793272884' />
  <node id='13830232804' action='modify' timestamp='2026-05-15T06:39:43Z' uid='22828305' user='eyob-ka' visible='true' version='1' changeset='182681580' lat='10.33017592289' lon='37.74796962884' />
  <node id='13830232805' action='modify' timestamp='2026-05-15T06:39:43Z' uid='22828305' user='eyob-ka' visible='true' version='1' changeset='182681580' lat='10.33000382291' lon='37.74801662884' />
  <node id='13830232806' action='modify' timestamp='2026-05-15T06:39:43Z' uid='22828305' user='eyob-ka' visible='true' version='1' changeset='182681580' lat='10.32998602291' lon='37.74798832884' />
  <node id='13830232807' action='modify' timestamp='2026-05-15T06:39:43Z' uid='22828305' user='eyob-ka' visible='true' version='1' changeset='182681580' lat='10.32997822291' lon='37.74795562884' />
  <node id='13830232808' action='modify' timestamp='2026-05-15T06:39:43Z' uid='22828305' user='eyob-ka' visible='true' version='1' changeset='182681580' lat='10.32998142291' lon='37.74792212884' />
  <node id='13830232809' action='modify' timestamp='2026-05-15T06:39:43Z' uid='22828305' user='eyob-ka' visible='true' version='1' changeset='182681580' lat='10.32999512291' lon='37.74789142884' />
  <node id='13830232810' action='modify' timestamp='2026-05-15T06:39:43Z' uid='22828305' user='eyob-ka' visible='true' version='1' changeset='182681580' lat='10.33016192289' lon='37.74800382884' />
  <node id='13830232811' action='modify' timestamp='2026-05-15T06:39:43Z' uid='22828305' user='eyob-ka' visible='true' version='1' changeset='182681580' lat='10.33013682289' lon='37.74803062884' />
  <node id='13830232812' action='modify' timestamp='2026-05-15T06:39:43Z' uid='22828305' user='eyob-ka' visible='true' version='1' changeset='182681580' lat='10.3301040229' lon='37.74804662884' />
  <node id='13830232813' action='modify' timestamp='2026-05-15T06:39:43Z' uid='22828305' user='eyob-ka' visible='true' version='1' changeset='182681580' lat='10.3300677229' lon='37.74804952884' />
  <node id='13830232814' action='modify' timestamp='2026-05-15T06:39:43Z' uid='22828305' user='eyob-ka' visible='true' version='1' changeset='182681580' lat='10.33003282291' lon='37.74803902884' />
  <node id='13830232815' action='modify' timestamp='2026-05-15T06:39:43Z' uid='22828305' user='eyob-ka' visible='true' version='1' changeset='182681580' lat='10.33001792291' lon='37.74786702884' />
  <node id='13830232816' action='modify' timestamp='2026-05-15T06:39:43Z' uid='22828305' user='eyob-ka' visible='true' version='1' changeset='182681580' lat='10.3300473229' lon='37.74785152884' />
  <node id='13830232817' action='modify' timestamp='2026-05-15T11:40:15Z' uid='22828305' user='eyob-ka' visible='true' version='2' changeset='182694076' lat='10.3300800229' lon='37.74784662884'>
    <tag k='entrance' v='yes' />
  </node>
  <node id='13830232818' action='modify' timestamp='2026-05-15T06:39:43Z' uid='22828305' user='eyob-ka' visible='true' version='1' changeset='182681580' lat='10.3301125229' lon='37.74785292884' />
  <node id='13830232819' action='delete' timestamp='2026-05-15T10:19:00Z' uid='22828305' user='eyob-ka' visible='true' version='2' changeset='182690602' lat='10.33051053842' lon='37.74808239448' />
  <node id='13830232820' action='modify' timestamp='2026-05-15T10:19:00Z' uid='22828305' user='eyob-ka' visible='true' version='2' changeset='182690602' lat='10.33063153844' lon='37.74827289448' />
  <node id='13830232821' action='modify' timestamp='2026-05-15T10:19:00Z' uid='22828305' user='eyob-ka' visible='true' version='2' changeset='182690602' lat='10.33061573844' lon='37.74828329448' />
  <node id='13830232822' action='modify' timestamp='2026-05-15T10:19:00Z' uid='22828305' user='eyob-ka' visible='true' version='2' changeset='182690602' lat='10.33062853844' lon='37.74830339448' />
  <node id='13830232823' action='modify' timestamp='2026-05-15T11:40:15Z' uid='22828305' user='eyob-ka' visible='true' version='3' changeset='182694076' lat='10.33057703843' lon='37.74833729448'>
    <tag k='entrance' v='yes' />
  </node>
  <node id='13830232824' action='modify' timestamp='2026-05-15T10:19:00Z' uid='22828305' user='eyob-ka' visible='true' version='2' changeset='182690602' lat='10.33055763843' lon='37.74830669448' />
  <node id='13830232825' action='modify' timestamp='2026-05-15T10:19:00Z' uid='22828305' user='eyob-ka' visible='true' version='2' changeset='182690602' lat='10.33052313843' lon='37.74832929448' />
  <node id='13830232826' action='modify' timestamp='2026-05-15T10:19:00Z' uid='22828305' user='eyob-ka' visible='true' version='2' changeset='182690602' lat='10.33040873841' lon='37.74814919448' />
  <node id='13830232827' action='modify' timestamp='2026-05-15T10:19:00Z' uid='22828305' user='eyob-ka' visible='true' version='2' changeset='182690602' lat='10.33030611586' lon='37.74821943558' />
  <node id='13830232828' action='modify' timestamp='2026-05-15T06:39:43Z' uid='22828305' user='eyob-ka' visible='true' version='1' changeset='182681580' lat='10.33042011587' lon='37.74840953558' />
  <node id='13830232829' action='modify' timestamp='2026-05-15T06:39:43Z' uid='22828305' user='eyob-ka' visible='true' version='1' changeset='182681580' lat='10.33040511587' lon='37.74841333558' />
  <node id='13830232830' action='modify' timestamp='2026-05-15T10:19:00Z' uid='22828305' user='eyob-ka' visible='true' version='2' changeset='182690602' lat='10.33042031587' lon='37.74843863558' />
  <node id='13830232831' action='modify' timestamp='2026-05-15T10:19:00Z' uid='22828305' user='eyob-ka' visible='true' version='2' changeset='182690602' lat='10.33037741587' lon='37.74846523558' />
  <node id='13830232832' action='modify' timestamp='2026-05-15T10:19:00Z' uid='22828305' user='eyob-ka' visible='true' version='2' changeset='182690602' lat='10.33036141587' lon='37.74843863558' />
  <node id='13830232833' action='modify' timestamp='2026-05-15T10:19:00Z' uid='22828305' user='eyob-ka' visible='true' version='2' changeset='182690602' lat='10.33031811586' lon='37.74846543558' />
  <node id='13830232834' action='modify' timestamp='2026-05-15T10:19:00Z' uid='22828305' user='eyob-ka' visible='true' version='2' changeset='182690602' lat='10.33020731585' lon='37.74828073558' />
  <node id='13830232835' action='modify' timestamp='2026-05-15T06:39:43Z' uid='22828305' user='eyob-ka' visible='true' version='1' changeset='182681580' lat='10.33009294507' lon='37.74827182331' />
  <node id='13830232836' action='modify' timestamp='2026-05-15T06:39:43Z' uid='22828305' user='eyob-ka' visible='true' version='1' changeset='182681580' lat='10.33028644507' lon='37.74861342331' />
  <node id='13830232837' action='modify' timestamp='2026-05-15T06:39:43Z' uid='22828305' user='eyob-ka' visible='true' version='1' changeset='182681580' lat='10.33004554507' lon='37.74875442331' />
  <node id='13830232838' action='modify' timestamp='2026-05-15T06:39:43Z' uid='22828305' user='eyob-ka' visible='true' version='1' changeset='182681580' lat='10.32985204506' lon='37.74841282331' />
  <node id='13830232839' action='modify' timestamp='2026-05-15T10:19:00Z' uid='22828305' user='eyob-ka' visible='true' version='2' changeset='182690602' lat='10.32969935495' lon='37.74801739878' />
  <node id='13830232840' action='modify' timestamp='2026-05-15T10:19:00Z' uid='22828305' user='eyob-ka' visible='true' version='2' changeset='182690602' lat='10.32986775494' lon='37.74793849878' />
  <node id='13830232841' action='modify' timestamp='2026-05-15T10:19:00Z' uid='22828305' user='eyob-ka' visible='true' version='2' changeset='182690602' lat='10.32991745494' lon='37.74804809878' />
  <node id='13830232842' action='modify' timestamp='2026-05-15T10:19:00Z' uid='22828305' user='eyob-ka' visible='true' version='2' changeset='182690602' lat='10.32974255494' lon='37.74812999878' />
  <node id='13830232843' action='delete' timestamp='2026-05-15T10:19:00Z' uid='22828305' user='eyob-ka' visible='true' version='2' changeset='182690602' lat='10.32972045494' lon='37.74808119878' />
  <node id='13830232844' action='delete' timestamp='2026-05-15T10:19:00Z' uid='22828305' user='eyob-ka' visible='true' version='2' changeset='182690602' lat='10.32976465494' lon='37.74806049878' />
  <node id='13830232845' action='delete' timestamp='2026-05-15T10:19:00Z' uid='22828305' user='eyob-ka' visible='true' version='2' changeset='182690602' lat='10.32971444564' lon='37.74805827455' />
  <node id='13830232846' action='delete' timestamp='2026-05-15T11:40:15Z' uid='22828305' user='eyob-ka' visible='true' version='3' changeset='182694076' lat='10.32972787115' lon='37.74808023314'>
    <tag k='entrance' v='yes' />
  </node>
  <node id='13830232847' timestamp='2026-05-15T10:19:00Z' uid='22828305' user='eyob-ka' visible='true' version='2' changeset='182690602' lat='10.3297613' lon='37.7475478' />
  <node id='13830232848' timestamp='2026-05-15T10:19:00Z' uid='22828305' user='eyob-ka' visible='true' version='2' changeset='182690602' lat='10.3298079' lon='37.7476783' />
  <node id='13830232849' timestamp='2026-05-15T10:19:00Z' uid='22828305' user='eyob-ka' visible='true' version='2' changeset='182690602' lat='10.3297638' lon='37.7476946' />
  <node id='13830232850' timestamp='2026-05-15T10:19:00Z' uid='22828305' user='eyob-ka' visible='true' version='2' changeset='182690602' lat='10.3297737' lon='37.7477224' />
  <node id='13830232851' timestamp='2026-05-15T10:19:00Z' uid='22828305' user='eyob-ka' visible='true' version='2' changeset='182690602' lat='10.3296341' lon='37.747774' />
  <node id='13830232852' timestamp='2026-05-15T10:19:00Z' uid='22828305' user='eyob-ka' visible='true' version='2' changeset='182690602' lat='10.3296228' lon='37.7477423' />
  <node id='13830232853' timestamp='2026-05-15T10:19:00Z' uid='22828305' user='eyob-ka' visible='true' version='2' changeset='182690602' lat='10.3295894' lon='37.7477547' />
  <node id='13830232854' timestamp='2026-05-15T10:19:00Z' uid='22828305' user='eyob-ka' visible='true' version='2' changeset='182690602' lat='10.3295441' lon='37.747628' />
  <node id='13830232855' action='modify' timestamp='2026-05-15T06:39:43Z' uid='22828305' user='eyob-ka' visible='true' version='1' changeset='182681580' lat='10.32934398693' lon='37.7469337589' />
  <node id='13830232856' action='modify' timestamp='2026-05-15T06:39:43Z' uid='22828305' user='eyob-ka' visible='true' version='1' changeset='182681580' lat='10.32957958694' lon='37.7469378589' />
  <node id='13830232857' action='modify' timestamp='2026-05-15T06:39:43Z' uid='22828305' user='eyob-ka' visible='true' version='1' changeset='182681580' lat='10.32957698694' lon='37.7470923589' />
  <node id='13830232858' action='modify' timestamp='2026-05-15T06:39:43Z' uid='22828305' user='eyob-ka' visible='true' version='1' changeset='182681580' lat='10.32934138693' lon='37.7470882589' />
  <node id='13830232859' action='modify' timestamp='2026-05-15T06:39:43Z' uid='22828305' user='eyob-ka' visible='true' version='1' changeset='182681580' lat='10.32917350944' lon='37.74774516442' />
  <node id='13830232860' action='modify' timestamp='2026-05-15T06:39:43Z' uid='22828305' user='eyob-ka' visible='true' version='1' changeset='182681580' lat='10.32919740945' lon='37.74782946442' />
  <node id='13830232861' action='modify' timestamp='2026-05-15T06:39:43Z' uid='22828305' user='eyob-ka' visible='true' version='1' changeset='182681580' lat='10.32891970943' lon='37.74791056442' />
  <node id='13830232862' action='modify' timestamp='2026-05-15T06:39:43Z' uid='22828305' user='eyob-ka' visible='true' version='1' changeset='182681580' lat='10.32889590943' lon='37.74782636442' />
  <node id='13830232863' timestamp='2026-05-15T06:39:43Z' uid='22828305' user='eyob-ka' visible='true' version='1' changeset='182681580' lat='10.3287123' lon='37.7478815' />
  <node id='13830232864' timestamp='2026-05-15T06:39:43Z' uid='22828305' user='eyob-ka' visible='true' version='1' changeset='182681580' lat='10.3287386' lon='37.7479642' />
  <node id='13830232865' timestamp='2026-05-15T06:39:43Z' uid='22828305' user='eyob-ka' visible='true' version='1' changeset='182681580' lat='10.3284644' lon='37.7480542' />
  <node id='13830232866' timestamp='2026-05-15T06:39:43Z' uid='22828305' user='eyob-ka' visible='true' version='1' changeset='182681580' lat='10.3284381' lon='37.7479716' />
  <node id='13830232867' action='modify' timestamp='2026-05-15T06:39:43Z' uid='22828305' user='eyob-ka' visible='true' version='1' changeset='182681580' lat='10.32908362881' lon='37.7474543' />
  <node id='13830232868' action='modify' timestamp='2026-05-15T06:39:43Z' uid='22828305' user='eyob-ka' visible='true' version='1' changeset='182681580' lat='10.32911112881' lon='37.7475389' />
  <node id='13830232869' action='modify' timestamp='2026-05-15T06:39:43Z' uid='22828305' user='eyob-ka' visible='true' version='1' changeset='182681580' lat='10.3288405288' lon='37.7476256' />
  <node id='13830232870' action='modify' timestamp='2026-05-15T06:39:43Z' uid='22828305' user='eyob-ka' visible='true' version='1' changeset='182681580' lat='10.32881132879' lon='37.7475388' />
  <node id='13830232871' timestamp='2026-05-15T06:39:43Z' uid='22828305' user='eyob-ka' visible='true' version='1' changeset='182681580' lat='10.3286271' lon='37.7475989' />
  <node id='13830232872' timestamp='2026-05-15T06:39:43Z' uid='22828305' user='eyob-ka' visible='true' version='1' changeset='182681580' lat='10.3286537' lon='37.7476841' />
  <node id='13830232873' timestamp='2026-05-15T06:39:43Z' uid='22828305' user='eyob-ka' visible='true' version='1' changeset='182681580' lat='10.3283763' lon='37.7477738' />
  <node id='13830232874' timestamp='2026-05-15T06:39:43Z' uid='22828305' user='eyob-ka' visible='true' version='1' changeset='182681580' lat='10.3283496' lon='37.7476887' />
  <node id='13830232875' action='modify' timestamp='2026-05-15T06:39:43Z' uid='22828305' user='eyob-ka' visible='true' version='1' changeset='182681580' lat='10.32819452563' lon='37.74758422884' />
  <node id='13830232876' action='modify' timestamp='2026-05-15T06:39:43Z' uid='22828305' user='eyob-ka' visible='true' version='1' changeset='182681580' lat='10.32811192563' lon='37.74761212884' />
  <node id='13830232877' action='modify' timestamp='2026-05-15T06:39:43Z' uid='22828305' user='eyob-ka' visible='true' version='1' changeset='182681580' lat='10.32821048063' lon='37.74789379878' />
  <node id='13830232878' action='modify' timestamp='2026-05-15T06:39:43Z' uid='22828305' user='eyob-ka' visible='true' version='1' changeset='182681580' lat='10.32829318063' lon='37.74786868099' />
  <node id='13830232879' action='modify' timestamp='2026-05-15T06:39:43Z' uid='22828305' user='eyob-ka' visible='true' version='1' changeset='182681580' lat='10.32831112563' lon='37.74796216994' />
  <node id='13830232880' action='modify' timestamp='2026-05-15T06:39:43Z' uid='22828305' user='eyob-ka' visible='true' version='1' changeset='182681580' lat='10.32823152563' lon='37.74799126994' />
  <node id='13830232881' action='modify' timestamp='2026-05-15T06:39:43Z' uid='22828305' user='eyob-ka' visible='true' version='1' changeset='182681580' lat='10.32832652563' lon='37.74825956994' />
  <node id='13830232882' action='modify' timestamp='2026-05-15T06:39:43Z' uid='22828305' user='eyob-ka' visible='true' version='1' changeset='182681580' lat='10.32840622564' lon='37.74823036994' />
  <node id='13830232883' action='modify' timestamp='2026-05-15T06:39:43Z' uid='22828305' user='eyob-ka' visible='true' version='1' changeset='182681580' lat='10.3288795356' lon='37.74626056994' />
  <node id='13830232884' action='modify' timestamp='2026-05-15T06:39:43Z' uid='22828305' user='eyob-ka' visible='true' version='1' changeset='182681580' lat='10.32872363561' lon='37.74626026994' />
  <node id='13830232885' action='modify' timestamp='2026-05-15T06:39:43Z' uid='22828305' user='eyob-ka' visible='true' version='1' changeset='182681580' lat='10.32872343561' lon='37.74635456994' />
  <node id='13830232886' action='modify' timestamp='2026-05-15T06:39:43Z' uid='22828305' user='eyob-ka' visible='true' version='1' changeset='182681580' lat='10.32868553561' lon='37.74638786994' />
  <node id='13830232887' action='modify' timestamp='2026-05-15T06:39:43Z' uid='22828305' user='eyob-ka' visible='true' version='1' changeset='182681580' lat='10.32870513561' lon='37.74641096994' />
  <node id='13830232888' action='modify' timestamp='2026-05-15T06:39:43Z' uid='22828305' user='eyob-ka' visible='true' version='1' changeset='182681580' lat='10.32870633561' lon='37.74646016994' />
  <node id='13830232889' action='modify' timestamp='2026-05-15T06:39:43Z' uid='22828305' user='eyob-ka' visible='true' version='1' changeset='182681580' lat='10.32868093561' lon='37.74647966994' />
  <node id='13830232890' action='modify' timestamp='2026-05-15T06:39:43Z' uid='22828305' user='eyob-ka' visible='true' version='1' changeset='182681580' lat='10.32870153561' lon='37.74650746994' />
  <node id='13830232891' action='modify' timestamp='2026-05-15T06:39:43Z' uid='22828305' user='eyob-ka' visible='true' version='1' changeset='182681580' lat='10.32870113561' lon='37.74666766994' />
  <node id='13830232892' action='modify' timestamp='2026-05-15T06:39:43Z' uid='22828305' user='eyob-ka' visible='true' version='1' changeset='182681580' lat='10.3289080356' lon='37.74666826994' />
  <node id='13830232893' action='modify' timestamp='2026-05-15T06:39:43Z' uid='22828305' user='eyob-ka' visible='true' version='1' changeset='182681580' lat='10.3289085356' lon='37.74648316994' />
  <node id='13830232894' action='modify' timestamp='2026-05-15T06:39:43Z' uid='22828305' user='eyob-ka' visible='true' version='1' changeset='182681580' lat='10.3288278356' lon='37.74648286994' />
  <node id='13830232895' action='modify' timestamp='2026-05-15T06:39:43Z' uid='22828305' user='eyob-ka' visible='true' version='1' changeset='182681580' lat='10.3288280356' lon='37.74641126994' />
  <node id='13830232896' action='modify' timestamp='2026-05-15T06:39:43Z' uid='22828305' user='eyob-ka' visible='true' version='1' changeset='182681580' lat='10.3288791356' lon='37.74641136994' />
  <node id='13830232897' action='modify' timestamp='2026-05-15T06:39:43Z' uid='22828305' user='eyob-ka' visible='true' version='1' changeset='182681580' lat='10.32850336183' lon='37.74647988651' />
  <node id='13830232898' action='modify' timestamp='2026-05-15T06:39:43Z' uid='22828305' user='eyob-ka' visible='true' version='1' changeset='182681580' lat='10.32852216182' lon='37.74661238651' />
  <node id='13830232899' action='modify' timestamp='2026-05-15T06:39:43Z' uid='22828305' user='eyob-ka' visible='true' version='1' changeset='182681580' lat='10.32843546183' lon='37.74662808651' />
  <node id='13830232900' action='modify' timestamp='2026-05-15T06:39:43Z' uid='22828305' user='eyob-ka' visible='true' version='1' changeset='182681580' lat='10.32842796183' lon='37.74659598651' />
  <node id='13830232901' action='modify' timestamp='2026-05-15T06:39:43Z' uid='22828305' user='eyob-ka' visible='true' version='1' changeset='182681580' lat='10.32829306185' lon='37.74661468651' />
  <node id='13830232902' action='modify' timestamp='2026-05-15T06:39:43Z' uid='22828305' user='eyob-ka' visible='true' version='1' changeset='182681580' lat='10.32829896185' lon='37.74664718651' />
  <node id='13830232903' action='modify' timestamp='2026-05-15T06:39:43Z' uid='22828305' user='eyob-ka' visible='true' version='1' changeset='182681580' lat='10.32821686186' lon='37.74666268651' />
  <node id='13830232904' action='modify' timestamp='2026-05-15T06:39:43Z' uid='22828305' user='eyob-ka' visible='true' version='1' changeset='182681580' lat='10.32818356186' lon='37.74648058651' />
  <node id='13830232905' action='modify' timestamp='2026-05-15T06:39:43Z' uid='22828305' user='eyob-ka' visible='true' version='1' changeset='182681580' lat='10.32829286185' lon='37.74645998651' />
  <node id='13830232906' action='modify' timestamp='2026-05-15T06:39:43Z' uid='22828305' user='eyob-ka' visible='true' version='1' changeset='182681580' lat='10.32830306185' lon='37.74647678651' />
  <node id='13830232907' action='modify' timestamp='2026-05-15T06:39:43Z' uid='22828305' user='eyob-ka' visible='true' version='1' changeset='182681580' lat='10.32836096184' lon='37.74646578651' />
  <node id='13830232908' action='modify' timestamp='2026-05-15T06:39:43Z' uid='22828305' user='eyob-ka' visible='true' version='1' changeset='182681580' lat='10.32837326184' lon='37.74649928651' />
  <node id='13830232909' action='modify' timestamp='2026-05-15T06:39:43Z' uid='22828305' user='eyob-ka' visible='true' version='1' changeset='182681580' lat='10.32757750692' lon='37.74664712761' />
  <node id='13830232910' action='modify' timestamp='2026-05-15T06:39:43Z' uid='22828305' user='eyob-ka' visible='true' version='1' changeset='182681580' lat='10.32749350693' lon='37.74693652761' />
  <node id='13830232911' action='modify' timestamp='2026-05-15T06:39:43Z' uid='22828305' user='eyob-ka' visible='true' version='1' changeset='182681580' lat='10.32752120693' lon='37.74696102761' />
  <node id='13830232912' action='modify' timestamp='2026-05-15T06:39:43Z' uid='22828305' user='eyob-ka' visible='true' version='1' changeset='182681580' lat='10.32750790693' lon='37.74701842761' />
  <node id='13830232913' action='modify' timestamp='2026-05-15T06:39:43Z' uid='22828305' user='eyob-ka' visible='true' version='1' changeset='182681580' lat='10.32739160694' lon='37.74699042761' />
  <node id='13830232914' action='modify' timestamp='2026-05-15T06:39:43Z' uid='22828305' user='eyob-ka' visible='true' version='1' changeset='182681580' lat='10.32734990694' lon='37.74681622761' />
  <node id='13830232915' action='modify' timestamp='2026-05-15T06:39:43Z' uid='22828305' user='eyob-ka' visible='true' version='1' changeset='182681580' lat='10.32730580694' lon='37.74680302761' />
  <node id='13830232916' action='modify' timestamp='2026-05-15T06:39:43Z' uid='22828305' user='eyob-ka' visible='true' version='1' changeset='182681580' lat='10.32736920694' lon='37.74658462761' />
  <node id='13830232917' action='modify' timestamp='2026-05-15T06:39:43Z' uid='22828305' user='eyob-ka' visible='true' version='1' changeset='182681580' lat='10.32732611005' lon='37.74720097546' />
  <node id='13830232918' action='modify' timestamp='2026-05-15T06:39:43Z' uid='22828305' user='eyob-ka' visible='true' version='1' changeset='182681580' lat='10.32738341005' lon='37.74722987546' />
  <node id='13830232919' action='modify' timestamp='2026-05-15T06:39:43Z' uid='22828305' user='eyob-ka' visible='true' version='1' changeset='182681580' lat='10.32727961005' lon='37.74744257546' />
  <node id='13830232920' action='modify' timestamp='2026-05-15T06:39:43Z' uid='22828305' user='eyob-ka' visible='true' version='1' changeset='182681580' lat='10.32702541007' lon='37.74731437546' />
  <node id='13830232921' action='modify' timestamp='2026-05-15T06:39:43Z' uid='22828305' user='eyob-ka' visible='true' version='1' changeset='182681580' lat='10.32707401007' lon='37.74721477546' />
  <node id='13830232922' action='modify' timestamp='2026-05-15T06:39:43Z' uid='22828305' user='eyob-ka' visible='true' version='1' changeset='182681580' lat='10.32715451006' lon='37.74725537546' />
  <node id='13830232923' action='modify' timestamp='2026-05-15T06:39:43Z' uid='22828305' user='eyob-ka' visible='true' version='1' changeset='182681580' lat='10.32717771006' lon='37.74720797546' />
  <node id='13830232924' action='modify' timestamp='2026-05-15T06:39:43Z' uid='22828305' user='eyob-ka' visible='true' version='1' changeset='182681580' lat='10.32729401005' lon='37.74726667546' />
  <node id='13830232925' action='modify' timestamp='2026-05-15T10:19:00Z' uid='22828305' user='eyob-ka' visible='true' version='2' changeset='182690602' lat='10.33166484698' lon='37.74613751762' />
  <node id='13830232926' action='modify' timestamp='2026-05-15T10:19:00Z' uid='22828305' user='eyob-ka' visible='true' version='2' changeset='182690602' lat='10.3318111979' lon='37.74660912094' />
  <node id='13830232927' action='modify' timestamp='2026-05-15T10:19:00Z' uid='22828305' user='eyob-ka' visible='true' version='2' changeset='182690602' lat='10.3314243407' lon='37.74673316271' />
  <node id='13830232928' action='modify' timestamp='2026-05-15T10:19:00Z' uid='22828305' user='eyob-ka' visible='true' version='2' changeset='182690602' lat='10.33127798961' lon='37.74626155939' />
  <node id='13830232929' action='modify' timestamp='2026-05-15T10:19:00Z' uid='22828305' user='eyob-ka' visible='true' version='2' changeset='182690602' lat='10.3310878451' lon='37.74637246994' />
  <node id='13830232930' action='modify' timestamp='2026-05-15T10:19:00Z' uid='22828305' user='eyob-ka' visible='true' version='2' changeset='182690602' lat='10.3310938451' lon='37.74640796994' />
  <node id='13830232931' action='modify' timestamp='2026-05-15T10:19:00Z' uid='22828305' user='eyob-ka' visible='true' version='2' changeset='182690602' lat='10.3310089451' lon='37.74642276994' />
  <node id='13830232932' action='modify' timestamp='2026-05-15T10:19:00Z' uid='22828305' user='eyob-ka' visible='true' version='2' changeset='182690602' lat='10.3310126451' lon='37.74644456994' />
  <node id='13830232933' action='modify' timestamp='2026-05-15T10:19:00Z' uid='22828305' user='eyob-ka' visible='true' version='2' changeset='182690602' lat='10.3311423451' lon='37.74642196994' />
  <node id='13830232934' action='modify' timestamp='2026-05-15T10:19:00Z' uid='22828305' user='eyob-ka' visible='true' version='2' changeset='182690602' lat='10.3311564451' lon='37.74650536994' />
  <node id='13830232935' action='modify' timestamp='2026-05-15T10:19:00Z' uid='22828305' user='eyob-ka' visible='true' version='2' changeset='182690602' lat='10.33077074509' lon='37.74657256994' />
  <node id='13830232936' action='modify' timestamp='2026-05-15T10:19:00Z' uid='22828305' user='eyob-ka' visible='true' version='2' changeset='182690602' lat='10.33075634509' lon='37.74648716994' />
  <node id='13830232937' action='modify' timestamp='2026-05-15T10:19:00Z' uid='22828305' user='eyob-ka' visible='true' version='2' changeset='182690602' lat='10.33088524509' lon='37.74646476994' />
  <node id='13830232938' action='modify' timestamp='2026-05-15T10:19:00Z' uid='22828305' user='eyob-ka' visible='true' version='2' changeset='182690602' lat='10.33088334509' lon='37.74645356994' />
  <node id='13830232939' action='modify' timestamp='2026-05-15T10:19:00Z' uid='22828305' user='eyob-ka' visible='true' version='2' changeset='182690602' lat='10.33079154509' lon='37.74646956994' />
  <node id='13830232940' action='modify' timestamp='2026-05-15T10:19:00Z' uid='22828305' user='eyob-ka' visible='true' version='2' changeset='182690602' lat='10.33078404509' lon='37.74642546994' />
  <node id='13830232941' action='modify' timestamp='2026-05-15T10:19:00Z' uid='22828305' user='eyob-ka' visible='true' version='2' changeset='182690602' lat='10.33110196105' lon='37.74668093558' />
  <node id='13830232942' action='modify' timestamp='2026-05-15T10:19:00Z' uid='22828305' user='eyob-ka' visible='true' version='2' changeset='182690602' lat='10.33113656105' lon='37.74678423558' />
  <node id='13830232943' action='modify' timestamp='2026-05-15T10:19:00Z' uid='22828305' user='eyob-ka' visible='true' version='2' changeset='182690602' lat='10.33109756105' lon='37.74679773558' />
  <node id='13830232944' action='modify' timestamp='2026-05-15T10:19:00Z' uid='22828305' user='eyob-ka' visible='true' version='2' changeset='182690602' lat='10.33111046105' lon='37.74683633558' />
  <node id='13830232945' action='modify' timestamp='2026-05-15T10:19:00Z' uid='22828305' user='eyob-ka' visible='true' version='2' changeset='182690602' lat='10.33093916102' lon='37.74689563558' />
  <node id='13830232946' action='modify' timestamp='2026-05-15T10:19:00Z' uid='22828305' user='eyob-ka' visible='true' version='2' changeset='182690602' lat='10.33092376102' lon='37.74684953558' />
  <node id='13830232947' action='modify' timestamp='2026-05-15T10:19:00Z' uid='22828305' user='eyob-ka' visible='true' version='2' changeset='182690602' lat='10.33081856101' lon='37.74688593558' />
  <node id='13830232948' action='modify' timestamp='2026-05-15T10:19:00Z' uid='22828305' user='eyob-ka' visible='true' version='2' changeset='182690602' lat='10.330786461' lon='37.74679013558' />
  <node id='13830232949' timestamp='2026-05-15T06:39:43Z' uid='22828305' user='eyob-ka' visible='true' version='1' changeset='182681580' lat='10.329583' lon='37.749447' />
  <node id='13830232950' timestamp='2026-05-15T06:39:43Z' uid='22828305' user='eyob-ka' visible='true' version='1' changeset='182681580' lat='10.3295088' lon='37.7495002' />
  <node id='13830232951' timestamp='2026-05-15T06:39:43Z' uid='22828305' user='eyob-ka' visible='true' version='1' changeset='182681580' lat='10.3296708' lon='37.7497333' />
  <node id='13830232952' timestamp='2026-05-15T06:39:43Z' uid='22828305' user='eyob-ka' visible='true' version='1' changeset='182681580' lat='10.3297449' lon='37.74968' />
  <node id='13830232954' action='modify' timestamp='2026-05-15T06:39:43Z' uid='22828305' user='eyob-ka' visible='true' version='1' changeset='182681580' lat='10.32994040633' lon='37.7503445411' />
  <node id='13830232955' action='modify' timestamp='2026-05-15T06:39:43Z' uid='22828305' user='eyob-ka' visible='true' version='1' changeset='182681580' lat='10.32969488063' lon='37.75009498773' />
  <node id='13830232956' action='modify' timestamp='2026-05-15T06:39:43Z' uid='22828305' user='eyob-ka' visible='true' version='1' changeset='182681580' lat='10.32973806442' lon='37.75004150552' />
  <node id='13830232957' action='modify' timestamp='2026-05-15T06:39:43Z' uid='22828305' user='eyob-ka' visible='true' version='1' changeset='182681580' lat='10.32962841621' lon='37.74989981657' />
  <node id='13830232958' timestamp='2026-05-15T06:39:43Z' uid='22828305' user='eyob-ka' visible='true' version='1' changeset='182681580' lat='10.3293182' lon='37.7493983' />
  <node id='13830232959' action='modify' timestamp='2026-05-15T06:39:43Z' uid='22828305' user='eyob-ka' visible='true' version='1' changeset='182681580' lat='10.32909258742' lon='37.7490411497' />
  <node id='13830261217' action='modify' timestamp='2026-05-15T06:52:27Z' uid='22828305' user='eyob-ka' visible='true' version='1' changeset='182682018' lat='10.33226625471' lon='37.7468150957' />
  <node id='13830261218' action='modify' timestamp='2026-05-15T06:52:27Z' uid='22828305' user='eyob-ka' visible='true' version='1' changeset='182682018' lat='10.33218185469' lon='37.7466842957' />
  <node id='13830261219' action='modify' timestamp='2026-05-15T06:52:27Z' uid='22828305' user='eyob-ka' visible='true' version='1' changeset='182682018' lat='10.33225835471' lon='37.7466236957' />
  <node id='13830261220' action='modify' timestamp='2026-05-15T06:52:27Z' uid='22828305' user='eyob-ka' visible='true' version='1' changeset='182682018' lat='10.3322097257' lon='37.74647781901' />
  <node id='13830261221' action='modify' timestamp='2026-05-15T06:52:27Z' uid='22828305' user='eyob-ka' visible='true' version='1' changeset='182682018' lat='10.33230585472' lon='37.7462968957' />
  <node id='13830261222' action='modify' timestamp='2026-05-15T06:52:27Z' uid='22828305' user='eyob-ka' visible='true' version='1' changeset='182682018' lat='10.33240215474' lon='37.7462261957' />
  <node id='13830261223' action='modify' timestamp='2026-05-15T06:52:27Z' uid='22828305' user='eyob-ka' visible='true' version='1' changeset='182682018' lat='10.33254492894' lon='37.74621740245' />
  <node id='13830261224' action='modify' timestamp='2026-05-15T06:52:27Z' uid='22828305' user='eyob-ka' visible='true' version='1' changeset='182682018' lat='10.33256995478' lon='37.7462851957' />
  <node id='13830261225' action='modify' timestamp='2026-05-15T06:52:27Z' uid='22828305' user='eyob-ka' visible='true' version='1' changeset='182682018' lat='10.3326698548' lon='37.7463507957' />
  <node id='13830261226' action='modify' timestamp='2026-05-15T06:52:27Z' uid='22828305' user='eyob-ka' visible='true' version='1' changeset='182682018' lat='10.33274975482' lon='37.7464971957' />
  <node id='13830261227' action='modify' timestamp='2026-05-15T06:52:27Z' uid='22828305' user='eyob-ka' visible='true' version='1' changeset='182682018' lat='10.33265569028' lon='37.74696174233' />
  <node id='13830261228' action='modify' timestamp='2026-05-15T06:52:27Z' uid='22828305' user='eyob-ka' visible='true' version='1' changeset='182682018' lat='10.33268485479' lon='37.74697763803' />
  <node id='13830261229' action='modify' timestamp='2026-05-15T06:52:27Z' uid='22828305' user='eyob-ka' visible='true' version='1' changeset='182682018' lat='10.3327244548' lon='37.74702653803' />
  <node id='13830261230' action='modify' timestamp='2026-05-15T06:52:27Z' uid='22828305' user='eyob-ka' visible='true' version='1' changeset='182682018' lat='10.33279895483' lon='37.74706753803' />
  <node id='13830261231' action='modify' timestamp='2026-05-15T06:52:27Z' uid='22828305' user='eyob-ka' visible='true' version='1' changeset='182682018' lat='10.33281875484' lon='37.74708763803' />
  <node id='13830261232' action='modify' timestamp='2026-05-15T06:52:27Z' uid='22828305' user='eyob-ka' visible='true' version='1' changeset='182682018' lat='10.3329943549' lon='37.74719633803' />
  <node id='13830261233' action='modify' timestamp='2026-05-15T06:52:27Z' uid='22828305' user='eyob-ka' visible='true' version='1' changeset='182682018' lat='10.33295505489' lon='37.74726183803' />
  <node id='13830261234' action='modify' timestamp='2026-05-15T06:52:27Z' uid='22828305' user='eyob-ka' visible='true' version='1' changeset='182682018' lat='10.33309535494' lon='37.74734883803' />
  <node id='13830261235' action='modify' timestamp='2026-05-15T06:52:27Z' uid='22828305' user='eyob-ka' visible='true' version='1' changeset='182682018' lat='10.33280275483' lon='37.74783663803' />
  <node id='13830261236' action='modify' timestamp='2026-05-15T06:52:27Z' uid='22828305' user='eyob-ka' visible='true' version='1' changeset='182682018' lat='10.33262525477' lon='37.74772663803' />
  <node id='13830261237' action='modify' timestamp='2026-05-15T06:52:27Z' uid='22828305' user='eyob-ka' visible='true' version='1' changeset='182682018' lat='10.33261895477' lon='37.74748443803' />
  <node id='13830261238' action='modify' timestamp='2026-05-15T06:52:27Z' uid='22828305' user='eyob-ka' visible='true' version='1' changeset='182682018' lat='10.33267795479' lon='37.74738613803' />
  <node id='13830261239' action='modify' timestamp='2026-05-15T06:52:27Z' uid='22828305' user='eyob-ka' visible='true' version='1' changeset='182682018' lat='10.33281745484' lon='37.74747263803' />
  <node id='13830261240' action='modify' timestamp='2026-05-15T06:52:27Z' uid='22828305' user='eyob-ka' visible='true' version='1' changeset='182682018' lat='10.33289845487' lon='37.74733763803' />
  <node id='13830261242' action='modify' timestamp='2026-05-15T06:52:27Z' uid='22828305' user='eyob-ka' visible='true' version='1' changeset='182682018' lat='10.33262025477' lon='37.74713283803' />
  <node id='13830261243' action='modify' timestamp='2026-05-15T06:52:27Z' uid='22828305' user='eyob-ka' visible='true' version='1' changeset='182682018' lat='10.33256829349' lon='37.74711042454' />
  <node id='13830261244' timestamp='2026-05-15T06:52:27Z' uid='22828305' user='eyob-ka' visible='true' version='1' changeset='182682018' lat='10.3333499' lon='37.7491517' />
  <node id='13830261245' timestamp='2026-05-15T06:52:27Z' uid='22828305' user='eyob-ka' visible='true' version='1' changeset='182682018' lat='10.3334248' lon='37.7492633' />
  <node id='13830261246' timestamp='2026-05-15T06:52:27Z' uid='22828305' user='eyob-ka' visible='true' version='1' changeset='182682018' lat='10.3334772' lon='37.7493875' />
  <node id='13830261247' timestamp='2026-05-15T06:52:27Z' uid='22828305' user='eyob-ka' visible='true' version='1' changeset='182682018' lat='10.3321449' lon='37.7497031' />
  <node id='13830261248' timestamp='2026-05-15T06:52:27Z' uid='22828305' user='eyob-ka' visible='true' version='1' changeset='182682018' lat='10.332138' lon='37.7495642' />
  <node id='13830261249' timestamp='2026-05-15T06:52:27Z' uid='22828305' user='eyob-ka' visible='true' version='1' changeset='182682018' lat='10.3321584' lon='37.7494268' />
  <node id='13830261250' timestamp='2026-05-15T06:52:27Z' uid='22828305' user='eyob-ka' visible='true' version='1' changeset='182682018' lat='10.333505' lon='37.7495197' />
  <node id='13830261251' timestamp='2026-05-15T06:52:27Z' uid='22828305' user='eyob-ka' visible='true' version='1' changeset='182682018' lat='10.3335072' lon='37.7496548' />
  <node id='13830261252' timestamp='2026-05-15T06:52:27Z' uid='22828305' user='eyob-ka' visible='true' version='1' changeset='182682018' lat='10.3334837' lon='37.7497878' />
  <node id='13830261253' timestamp='2026-05-15T06:52:27Z' uid='22828305' user='eyob-ka' visible='true' version='1' changeset='182682018' lat='10.3334355' lon='37.7499137' />
  <node id='13830261254' timestamp='2026-05-15T06:52:27Z' uid='22828305' user='eyob-ka' visible='true' version='1' changeset='182682018' lat='10.3333642' lon='37.7500278' />
  <node id='13830261255' timestamp='2026-05-15T06:52:27Z' uid='22828305' user='eyob-ka' visible='true' version='1' changeset='182682018' lat='10.3332727' lon='37.7501258' />
  <node id='13830261256' timestamp='2026-05-15T06:52:27Z' uid='22828305' user='eyob-ka' visible='true' version='1' changeset='182682018' lat='10.3331642' lon='37.750204' />
  <node id='13830261257' timestamp='2026-05-15T06:52:27Z' uid='22828305' user='eyob-ka' visible='true' version='1' changeset='182682018' lat='10.333043' lon='37.7502595' />
  <node id='13830261258' timestamp='2026-05-15T06:52:27Z' uid='22828305' user='eyob-ka' visible='true' version='1' changeset='182682018' lat='10.3329135' lon='37.7502901' />
  <node id='13830261259' timestamp='2026-05-15T06:52:27Z' uid='22828305' user='eyob-ka' visible='true' version='1' changeset='182682018' lat='10.3327807' lon='37.7502949' />
  <node id='13830261260' timestamp='2026-05-15T06:52:27Z' uid='22828305' user='eyob-ka' visible='true' version='1' changeset='182682018' lat='10.3326494' lon='37.7502734' />
  <node id='13830261261' timestamp='2026-05-15T06:52:27Z' uid='22828305' user='eyob-ka' visible='true' version='1' changeset='182682018' lat='10.3325247' lon='37.7502267' />
  <node id='13830261262' timestamp='2026-05-15T06:52:27Z' uid='22828305' user='eyob-ka' visible='true' version='1' changeset='182682018' lat='10.3324111' lon='37.7501564' />
  <node id='13830261263' timestamp='2026-05-15T06:52:27Z' uid='22828305' user='eyob-ka' visible='true' version='1' changeset='182682018' lat='10.3323131' lon='37.7500651' />
  <node id='13830261264' timestamp='2026-05-15T06:52:27Z' uid='22828305' user='eyob-ka' visible='true' version='1' changeset='182682018' lat='10.3322342' lon='37.7499563' />
  <node id='13830261265' timestamp='2026-05-15T06:52:27Z' uid='22828305' user='eyob-ka' visible='true' version='1' changeset='182682018' lat='10.3321774' lon='37.7498341' />
  <node id='13830261266' timestamp='2026-05-15T06:52:27Z' uid='22828305' user='eyob-ka' visible='true' version='1' changeset='182682018' lat='10.3322052' lon='37.7492961' />
  <node id='13830261267' timestamp='2026-05-15T06:52:27Z' uid='22828305' user='eyob-ka' visible='true' version='1' changeset='182682018' lat='10.3322765' lon='37.7491775' />
  <node id='13830261269' timestamp='2026-05-15T06:52:27Z' uid='22828305' user='eyob-ka' visible='true' version='1' changeset='182682018' lat='10.3324807' lon='37.7489945' />
  <node id='13830261270' timestamp='2026-05-15T06:52:27Z' uid='22828305' user='eyob-ka' visible='true' version='1' changeset='182682018' lat='10.3326054' lon='37.7489375' />
  <node id='13830261271' timestamp='2026-05-15T06:52:27Z' uid='22828305' user='eyob-ka' visible='true' version='1' changeset='182682018' lat='10.3327388' lon='37.7489067' />
  <node id='13830261272' timestamp='2026-05-15T06:52:27Z' uid='22828305' user='eyob-ka' visible='true' version='1' changeset='182682018' lat='10.3328755' lon='37.7489034' />
  <node id='13830261273' timestamp='2026-05-15T06:52:27Z' uid='22828305' user='eyob-ka' visible='true' version='1' changeset='182682018' lat='10.3330102' lon='37.7489277' />
  <node id='13830261274' timestamp='2026-05-15T06:52:27Z' uid='22828305' user='eyob-ka' visible='true' version='1' changeset='182682018' lat='10.3331374' lon='37.7489787' />
  <node id='13830261275' timestamp='2026-05-15T06:52:27Z' uid='22828305' user='eyob-ka' visible='true' version='1' changeset='182682018' lat='10.3332522' lon='37.7490544' />
  <node id='13830270639' timestamp='2026-05-15T06:55:13Z' uid='24127657' user='ErmiyasGirma' visible='true' version='1' changeset='182682090' lat='10.3291521' lon='37.7449257' />
  <node id='13830270640' timestamp='2026-05-15T06:55:13Z' uid='24127657' user='ErmiyasGirma' visible='true' version='1' changeset='182682090' lat='10.3291325' lon='37.7450127' />
  <node id='13830270641' timestamp='2026-05-15T06:55:13Z' uid='24127657' user='ErmiyasGirma' visible='true' version='1' changeset='182682090' lat='10.3288546' lon='37.744948' />
  <node id='13830270642' timestamp='2026-05-15T06:55:13Z' uid='24127657' user='ErmiyasGirma' visible='true' version='1' changeset='182682090' lat='10.3288742' lon='37.744861' />
  <node id='13830270643' action='modify' timestamp='2026-05-15T06:55:13Z' uid='24127657' user='ErmiyasGirma' visible='true' version='1' changeset='182682090' lat='10.32948217117' lon='37.74482432884' />
  <node id='13830270644' action='modify' timestamp='2026-05-15T06:55:13Z' uid='24127657' user='ErmiyasGirma' visible='true' version='1' changeset='182682090' lat='10.32946217117' lon='37.74491462884' />
  <node id='13830270645' action='modify' timestamp='2026-05-15T06:55:13Z' uid='24127657' user='ErmiyasGirma' visible='true' version='1' changeset='182682090' lat='10.32918207119' lon='37.74485042884' />
  <node id='13830270646' action='modify' timestamp='2026-05-15T06:55:13Z' uid='24127657' user='ErmiyasGirma' visible='true' version='1' changeset='182682090' lat='10.32920207118' lon='37.74476012884' />
  <node id='13830270647' action='modify' timestamp='2026-05-15T06:55:13Z' uid='24127657' user='ErmiyasGirma' visible='true' version='1' changeset='182682090' lat='10.32945103603' lon='37.745120727' />
  <node id='13830270648' action='modify' timestamp='2026-05-15T06:55:13Z' uid='24127657' user='ErmiyasGirma' visible='true' version='1' changeset='182682090' lat='10.32938425542' lon='37.74508210982' />
  <node id='13830270649' action='modify' timestamp='2026-05-15T06:55:13Z' uid='24127657' user='ErmiyasGirma' visible='true' version='1' changeset='182682090' lat='10.32936899416' lon='37.7451176043' />
  <node id='13830270650' action='delete' timestamp='2026-05-15T06:55:13Z' uid='24127657' user='ErmiyasGirma' visible='true' version='1' changeset='182682090' lat='10.32943709415' lon='37.7451474043' />
  <node id='13830270651' action='modify' timestamp='2026-05-15T06:55:13Z' uid='24127657' user='ErmiyasGirma' visible='true' version='1' changeset='182682090' lat='10.32953259369' lon='37.74456331657' />
  <node id='13830270652' action='modify' timestamp='2026-05-15T06:55:13Z' uid='24127657' user='ErmiyasGirma' visible='true' version='1' changeset='182682090' lat='10.32951459369' lon='37.74465201657' />
  <node id='13830270653' action='modify' timestamp='2026-05-15T06:55:13Z' uid='24127657' user='ErmiyasGirma' visible='true' version='1' changeset='182682090' lat='10.3292392937' lon='37.74459431657' />
  <node id='13830270654' action='modify' timestamp='2026-05-15T06:55:13Z' uid='24127657' user='ErmiyasGirma' visible='true' version='1' changeset='182682090' lat='10.3292572937' lon='37.74450551657' />
  <node id='13830270655' action='modify' timestamp='2026-05-15T06:55:13Z' uid='24127657' user='ErmiyasGirma' visible='true' version='1' changeset='182682090' lat='10.32926070315' lon='37.74433128773' />
  <node id='13830270656' action='modify' timestamp='2026-05-15T06:55:13Z' uid='24127657' user='ErmiyasGirma' visible='true' version='1' changeset='182682090' lat='10.32898970314' lon='37.74428108773' />
  <node id='13830270657' action='modify' timestamp='2026-05-15T06:55:13Z' uid='24127657' user='ErmiyasGirma' visible='true' version='1' changeset='182682090' lat='10.32897550314' lon='37.74436068773' />
  <node id='13830270658' action='modify' timestamp='2026-05-15T06:55:13Z' uid='24127657' user='ErmiyasGirma' visible='true' version='1' changeset='182682090' lat='10.32925756756' lon='37.74441871105' />
  <node id='13830270659' action='modify' timestamp='2026-05-15T06:55:13Z' uid='24127657' user='ErmiyasGirma' visible='true' version='1' changeset='182682090' lat='10.32972426841' lon='37.74445797976' />
  <node id='13830270660' action='modify' timestamp='2026-05-15T06:55:13Z' uid='24127657' user='ErmiyasGirma' visible='true' version='1' changeset='182682090' lat='10.32944956847' lon='37.74438497976' />
  <node id='13830270661' action='modify' timestamp='2026-05-15T06:55:13Z' uid='24127657' user='ErmiyasGirma' visible='true' version='1' changeset='182682090' lat='10.32942996847' lon='37.74446107976' />
  <node id='13830270662' action='modify' timestamp='2026-05-15T06:55:13Z' uid='24127657' user='ErmiyasGirma' visible='true' version='1' changeset='182682090' lat='10.32970456842' lon='37.74453427976' />
  <node id='13830270663' action='modify' timestamp='2026-05-15T06:55:13Z' uid='24127657' user='ErmiyasGirma' visible='true' version='1' changeset='182682090' lat='10.32970579367' lon='37.74424776301' />
  <node id='13830270664' timestamp='2026-05-15T06:55:13Z' uid='24127657' user='ErmiyasGirma' visible='true' version='1' changeset='182682090' lat='10.3293773' lon='37.7441298' />
  <node id='13830270665' timestamp='2026-05-15T06:55:13Z' uid='24127657' user='ErmiyasGirma' visible='true' version='1' changeset='182682090' lat='10.3293604' lon='37.7441859' />
  <node id='13830270666' timestamp='2026-05-15T06:55:13Z' uid='24127657' user='ErmiyasGirma' visible='true' version='1' changeset='182682090' lat='10.3292871' lon='37.7441631' />
  <node id='13830270667' action='modify' timestamp='2026-05-15T06:55:13Z' uid='24127657' user='ErmiyasGirma' visible='true' version='1' changeset='182682090' lat='10.32926644377' lon='37.74424373969' />
  <node id='13830270668' action='modify' timestamp='2026-05-15T06:55:13Z' uid='24127657' user='ErmiyasGirma' visible='true' version='1' changeset='182682090' lat='10.32959760546' lon='37.74434700474' />
  <node id='13830270669' action='modify' timestamp='2026-05-15T06:55:13Z' uid='24127657' user='ErmiyasGirma' visible='true' version='1' changeset='182682090' lat='10.32960947978' lon='37.74429470167' />
  <node id='13830270670' action='modify' timestamp='2026-05-15T06:55:13Z' uid='24127657' user='ErmiyasGirma' visible='true' version='1' changeset='182682090' lat='10.32968072567' lon='37.74431750044' />
  <node id='13830270671' action='modify' timestamp='2026-05-15T06:55:13Z' uid='24127657' user='ErmiyasGirma' visible='true' version='1' changeset='182682090' lat='10.32988174861' lon='37.74375551105' />
  <node id='13830270672' action='modify' timestamp='2026-05-15T06:55:13Z' uid='24127657' user='ErmiyasGirma' visible='true' version='1' changeset='182682090' lat='10.32983234862' lon='37.74373351105' />
  <node id='13830270673' action='modify' timestamp='2026-05-15T06:55:13Z' uid='24127657' user='ErmiyasGirma' visible='true' version='1' changeset='182682090' lat='10.32980254862' lon='37.74380261105' />
  <node id='13830270674' action='modify' timestamp='2026-05-15T06:55:13Z' uid='24127657' user='ErmiyasGirma' visible='true' version='1' changeset='182682090' lat='10.32974564862' lon='37.74377731105' />
  <node id='13830270675' action='modify' timestamp='2026-05-15T06:55:13Z' uid='24127657' user='ErmiyasGirma' visible='true' version='1' changeset='182682090' lat='10.32961544863' lon='37.74407911105' />
  <node id='13830270676' action='modify' timestamp='2026-05-15T06:55:13Z' uid='24127657' user='ErmiyasGirma' visible='true' version='1' changeset='182682090' lat='10.32968954863' lon='37.74411211105' />
  <node id='13830270677' action='modify' timestamp='2026-05-15T06:55:13Z' uid='24127657' user='ErmiyasGirma' visible='true' version='1' changeset='182682090' lat='10.32972324863' lon='37.74403391105' />
  <node id='13830270678' action='modify' timestamp='2026-05-15T06:55:13Z' uid='24127657' user='ErmiyasGirma' visible='true' version='1' changeset='182682090' lat='10.32975544862' lon='37.74404821105' />
  <node id='13830270679' action='modify' timestamp='2026-05-15T06:55:13Z' uid='24127657' user='ErmiyasGirma' visible='true' version='1' changeset='182682090' lat='10.32965313558' lon='37.74366517546' />
  <node id='13830270680' action='modify' timestamp='2026-05-15T10:19:00Z' uid='22828305' user='eyob-ka' visible='true' version='2' changeset='182690602' lat='10.32936473559' lon='37.74353817546' />
  <node id='13830270681' action='modify' timestamp='2026-05-15T10:19:00Z' uid='22828305' user='eyob-ka' visible='true' version='2' changeset='182690602' lat='10.32934143559' lon='37.74359267546' />
  <node id='13830270682' action='modify' timestamp='2026-05-15T10:19:00Z' uid='22828305' user='eyob-ka' visible='true' version='2' changeset='182690602' lat='10.32925720818' lon='37.74355575308' />
  <node id='13830270683' action='modify' timestamp='2026-05-15T10:19:00Z' uid='22828305' user='eyob-ka' visible='true' version='2' changeset='182690602' lat='10.32923345951' lon='37.7436201261' />
  <node id='13830270684' action='modify' timestamp='2026-05-15T10:19:00Z' uid='22828305' user='eyob-ka' visible='true' version='2' changeset='182690602' lat='10.32955010819' lon='37.74374887213' />
  <node id='13830270685' action='modify' timestamp='2026-05-15T10:19:00Z' uid='22828305' user='eyob-ka' visible='true' version='2' changeset='182690602' lat='10.32956462125' lon='37.74370327458' />
  <node id='13830270686' action='modify' timestamp='2026-05-15T06:55:13Z' uid='24127657' user='ErmiyasGirma' visible='true' version='1' changeset='182682090' lat='10.32963718652' lon='37.74373143777' />
  <node id='13830270687' action='modify' timestamp='2026-05-15T10:19:00Z' uid='22828305' user='eyob-ka' visible='true' version='2' changeset='182690602' lat='10.32928605811' lon='37.74377392884' />
  <node id='13830270688' action='modify' timestamp='2026-05-15T06:55:13Z' uid='24127657' user='ErmiyasGirma' visible='true' version='1' changeset='182682090' lat='10.32917695811' lon='37.74407932884' />
  <node id='13830270689' action='modify' timestamp='2026-05-15T06:55:13Z' uid='24127657' user='ErmiyasGirma' visible='true' version='1' changeset='182682090' lat='10.32912008378' lon='37.74406992331' />
  <node id='13830270690' action='modify' timestamp='2026-05-15T10:19:00Z' uid='22828305' user='eyob-ka' visible='true' version='2' changeset='182690602' lat='10.32910124189' lon='37.74413630552' />
  <node id='13830270691' action='modify' timestamp='2026-05-15T10:19:00Z' uid='22828305' user='eyob-ka' visible='true' version='2' changeset='182690602' lat='10.32903305811' lon='37.74411222884' />
  <node id='13830270692' action='modify' timestamp='2026-05-15T10:19:00Z' uid='22828305' user='eyob-ka' visible='true' version='2' changeset='182690602' lat='10.32914565811' lon='37.74379752884' />
  <node id='13830270693' action='modify' timestamp='2026-05-15T10:19:00Z' uid='22828305' user='eyob-ka' visible='true' version='2' changeset='182690602' lat='10.32919895811' lon='37.74381722884' />
  <node id='13830270694' action='modify' timestamp='2026-05-15T10:19:00Z' uid='22828305' user='eyob-ka' visible='true' version='2' changeset='182690602' lat='10.32922275811' lon='37.74375052884' />
  <node id='13830270695' action='modify' timestamp='2026-05-15T06:55:13Z' uid='24127657' user='ErmiyasGirma' visible='true' version='1' changeset='182682090' lat='10.32943994021' lon='37.74335324697' />
  <node id='13830270696' action='modify' timestamp='2026-05-15T11:12:17Z' uid='24127657' user='ErmiyasGirma' visible='true' version='2' changeset='182692839' lat='10.3291424223' lon='37.74320371382'>
    <tag k='entrance' v='main' />
  </node>
  <node id='13830270697' action='modify' timestamp='2026-05-15T06:55:13Z' uid='24127657' user='ErmiyasGirma' visible='true' version='1' changeset='182682090' lat='10.32911933332' lon='37.74323925309' />
  <node id='13830270698' action='modify' timestamp='2026-05-15T06:55:13Z' uid='24127657' user='ErmiyasGirma' visible='true' version='1' changeset='182682090' lat='10.32905600352' lon='37.74320706658' />
  <node id='13830270699' action='modify' timestamp='2026-05-15T06:55:13Z' uid='24127657' user='ErmiyasGirma' visible='true' version='1' changeset='182682090' lat='10.32902104019' lon='37.74327412181' />
  <node id='13830270700' action='modify' timestamp='2026-05-15T06:55:13Z' uid='24127657' user='ErmiyasGirma' visible='true' version='1' changeset='182682090' lat='10.3293238357' lon='37.74342767827' />
  <node id='13830271101' action='modify' timestamp='2026-05-15T06:55:13Z' uid='24127657' user='ErmiyasGirma' visible='true' version='1' changeset='182682090' lat='10.32934634189' lon='37.74338415215' />
  <node id='13830271102' action='modify' timestamp='2026-05-15T06:55:13Z' uid='24127657' user='ErmiyasGirma' visible='true' version='1' changeset='182682090' lat='10.3294102544' lon='37.74341292612' />
  <node id='13830271103' timestamp='2026-05-15T06:55:13Z' uid='24127657' user='ErmiyasGirma' visible='true' version='1' changeset='182682090' lat='10.329702' lon='37.7430096' />
  <node id='13830271104' timestamp='2026-05-15T06:55:13Z' uid='24127657' user='ErmiyasGirma' visible='true' version='1' changeset='182682090' lat='10.3297618' lon='37.7430453' />
  <node id='13830271105' timestamp='2026-05-15T06:55:13Z' uid='24127657' user='ErmiyasGirma' visible='true' version='1' changeset='182682090' lat='10.3297264' lon='37.7431064' />
  <node id='13830271106' timestamp='2026-05-15T06:55:13Z' uid='24127657' user='ErmiyasGirma' visible='true' version='1' changeset='182682090' lat='10.3297666' lon='37.7431304' />
  <node id='13830271107' timestamp='2026-05-15T06:55:13Z' uid='24127657' user='ErmiyasGirma' visible='true' version='1' changeset='182682090' lat='10.3295992' lon='37.7434203' />
  <node id='13830271108' timestamp='2026-05-15T06:55:13Z' uid='24127657' user='ErmiyasGirma' visible='true' version='1' changeset='182682090' lat='10.3295437' lon='37.7433872' />
  <node id='13830271109' timestamp='2026-05-15T06:55:13Z' uid='24127657' user='ErmiyasGirma' visible='true' version='1' changeset='182682090' lat='10.32958' lon='37.7433243' />
  <node id='13830271110' timestamp='2026-05-15T06:55:13Z' uid='24127657' user='ErmiyasGirma' visible='true' version='1' changeset='182682090' lat='10.3295355' lon='37.7432977' />
  <node id='13830271111' action='modify' timestamp='2026-05-15T06:55:13Z' uid='24127657' user='ErmiyasGirma' visible='true' version='1' changeset='182682090' lat='10.32969090632' lon='37.7428932589' />
  <node id='13830271112' action='modify' timestamp='2026-05-15T06:55:13Z' uid='24127657' user='ErmiyasGirma' visible='true' version='1' changeset='182682090' lat='10.32963420632' lon='37.7428574589' />
  <node id='13830271113' action='modify' timestamp='2026-05-15T06:55:13Z' uid='24127657' user='ErmiyasGirma' visible='true' version='1' changeset='182682090' lat='10.32966590632' lon='37.7428055589' />
  <node id='13830271114' action='modify' timestamp='2026-05-15T06:55:13Z' uid='24127657' user='ErmiyasGirma' visible='true' version='1' changeset='182682090' lat='10.32938090631' lon='37.7426257589' />
  <node id='13830271115' action='modify' timestamp='2026-05-15T06:55:13Z' uid='24127657' user='ErmiyasGirma' visible='true' version='1' changeset='182682090' lat='10.3293397063' lon='37.7426932589' />
  <node id='13830271116' action='modify' timestamp='2026-05-15T11:51:05Z' uid='24127657' user='ErmiyasGirma' visible='true' version='2' changeset='182694584' lat='10.32940210631' lon='37.7427326589'>
    <tag k='entrance' v='yes' />
  </node>
  <node id='13830271117' action='modify' timestamp='2026-05-15T06:55:13Z' uid='24127657' user='ErmiyasGirma' visible='true' version='1' changeset='182682090' lat='10.3293748063' lon='37.7427774589' />
  <node id='13830271118' action='modify' timestamp='2026-05-15T06:55:13Z' uid='24127657' user='ErmiyasGirma' visible='true' version='1' changeset='182682090' lat='10.32965400632' lon='37.7429537589' />
  <node id='13830271119' action='modify' timestamp='2026-05-15T06:55:13Z' uid='24127657' user='ErmiyasGirma' visible='true' version='1' changeset='182682090' lat='10.32922936441' lon='37.74276048221' />
  <node id='13830271120' action='modify' timestamp='2026-05-15T06:55:13Z' uid='24127657' user='ErmiyasGirma' visible='true' version='1' changeset='182682090' lat='10.32917446441' lon='37.74272998221' />
  <node id='13830271121' action='modify' timestamp='2026-05-15T06:55:13Z' uid='24127657' user='ErmiyasGirma' visible='true' version='1' changeset='182682090' lat='10.32914376441' lon='37.74278708221' />
  <node id='13830271122' action='modify' timestamp='2026-05-15T06:55:13Z' uid='24127657' user='ErmiyasGirma' visible='true' version='1' changeset='182682090' lat='10.32909346441' lon='37.74275918221' />
  <node id='13830271123' action='modify' timestamp='2026-05-15T06:55:13Z' uid='24127657' user='ErmiyasGirma' visible='true' version='1' changeset='182682090' lat='10.32893500629' lon='37.74305288773' />
  <node id='13830271124' action='modify' timestamp='2026-05-15T06:55:13Z' uid='24127657' user='ErmiyasGirma' visible='true' version='1' changeset='182682090' lat='10.32898521572' lon='37.74308652331' />
  <node id='13830271125' action='modify' timestamp='2026-05-15T06:55:13Z' uid='24127657' user='ErmiyasGirma' visible='true' version='1' changeset='182682090' lat='10.32901871573' lon='37.74303102884' />
  <node id='13830271126' action='modify' timestamp='2026-05-15T11:12:17Z' uid='24127657' user='ErmiyasGirma' visible='true' version='2' changeset='182692839' lat='10.3290776644' lon='37.74304248221'>
    <tag k='entrance' v='main' />
  </node>
  <node id='13830271127' action='modify' timestamp='2026-05-15T06:55:13Z' uid='24127657' user='ErmiyasGirma' visible='true' version='1' changeset='182682090' lat='10.33001519683' lon='37.74352158099' />
  <node id='13830271128' action='modify' timestamp='2026-05-15T06:55:13Z' uid='24127657' user='ErmiyasGirma' visible='true' version='1' changeset='182682090' lat='10.32975096126' lon='37.74339771657' />
  <node id='13830271129' action='modify' timestamp='2026-05-15T06:55:13Z' uid='24127657' user='ErmiyasGirma' visible='true' version='1' changeset='182682090' lat='10.32971040316' lon='37.74347509325' />
  <node id='13830271130' action='modify' timestamp='2026-05-15T06:55:13Z' uid='24127657' user='ErmiyasGirma' visible='true' version='1' changeset='182682090' lat='10.32997331937' lon='37.74360298099' />
  <node id='13830271131' action='modify' timestamp='2026-05-15T06:55:13Z' uid='24127657' user='ErmiyasGirma' visible='true' version='1' changeset='182682090' lat='10.3301449581' lon='37.74328277546' />
  <node id='13830271132' action='modify' timestamp='2026-05-15T06:55:13Z' uid='24127657' user='ErmiyasGirma' visible='true' version='1' changeset='182682090' lat='10.33009621937' lon='37.74335068773' />
  <node id='13830271133' timestamp='2026-05-15T06:55:13Z' uid='24127657' user='ErmiyasGirma' visible='true' version='1' changeset='182682090' lat='10.3299014' lon='37.7431306' />
  <node id='13830271134' action='modify' timestamp='2026-05-15T06:55:13Z' uid='24127657' user='ErmiyasGirma' visible='true' version='1' changeset='182682090' lat='10.33041297421' lon='37.74273231491' />
  <node id='13830271135' action='modify' timestamp='2026-05-15T06:55:13Z' uid='24127657' user='ErmiyasGirma' visible='true' version='1' changeset='182682090' lat='10.33037471261' lon='37.74279903486' />
  <node id='13830271136' action='modify' timestamp='2026-05-15T06:55:13Z' uid='24127657' user='ErmiyasGirma' visible='true' version='1' changeset='182682090' lat='10.33041957103' lon='37.74282619223' />
  <node id='13830271137' action='modify' timestamp='2026-05-15T06:55:13Z' uid='24127657' user='ErmiyasGirma' visible='true' version='1' changeset='182682090' lat='10.33023090176' lon='37.74309575424' />
  <node id='13830271138' action='modify' timestamp='2026-05-15T06:55:13Z' uid='24127657' user='ErmiyasGirma' visible='true' version='1' changeset='182682090' lat='10.33015305916' lon='37.74305015668' />
  <node id='13830271139' action='modify' timestamp='2026-05-15T06:55:13Z' uid='24127657' user='ErmiyasGirma' visible='true' version='1' changeset='182682090' lat='10.33019757078' lon='37.74298245337' />
  <node id='13830271140' action='modify' timestamp='2026-05-15T11:51:05Z' uid='24127657' user='ErmiyasGirma' visible='true' version='2' changeset='182694584' lat='10.33016757219' lon='37.74297103152'>
    <tag k='entrance' v='yes' />
  </node>
  <node id='13830271141' action='modify' timestamp='2026-05-15T06:55:13Z' uid='24127657' user='ErmiyasGirma' visible='true' version='1' changeset='182682090' lat='10.33034964467' lon='37.74269610509' />
  <node id='13830271142' action='modify' timestamp='2026-05-15T06:55:13Z' uid='24127657' user='ErmiyasGirma' visible='true' version='1' changeset='182682090' lat='10.33007532887' lon='37.7429029589' />
  <node id='13830271143' action='modify' timestamp='2026-05-15T06:55:13Z' uid='24127657' user='ErmiyasGirma' visible='true' version='1' changeset='182682090' lat='10.33001422886' lon='37.7428594589' />
  <node id='13830271144' action='modify' timestamp='2026-05-15T06:55:13Z' uid='24127657' user='ErmiyasGirma' visible='true' version='1' changeset='182682090' lat='10.33004462887' lon='37.7428153589' />
  <node id='13830271145' action='modify' timestamp='2026-05-15T06:55:13Z' uid='24127657' user='ErmiyasGirma' visible='true' version='1' changeset='182682090' lat='10.32977812885' lon='37.7426256589' />
  <node id='13830271146' action='modify' timestamp='2026-05-15T06:55:13Z' uid='24127657' user='ErmiyasGirma' visible='true' version='1' changeset='182682090' lat='10.32973012885' lon='37.7426951589' />
  <node id='13830271147' action='modify' timestamp='2026-05-15T06:55:13Z' uid='24127657' user='ErmiyasGirma' visible='true' version='1' changeset='182682090' lat='10.32978452885' lon='37.7427338589' />
  <node id='13830271148' action='modify' timestamp='2026-05-15T06:55:13Z' uid='24127657' user='ErmiyasGirma' visible='true' version='1' changeset='182682090' lat='10.32976772885' lon='37.7427786589' />
  <node id='13830271149' action='modify' timestamp='2026-05-15T06:55:13Z' uid='24127657' user='ErmiyasGirma' visible='true' version='1' changeset='182682090' lat='10.33003162887' lon='37.7429664589' />
  <node id='13830271150' action='modify' timestamp='2026-05-15T06:55:13Z' uid='24127657' user='ErmiyasGirma' visible='true' version='1' changeset='182682090' lat='10.33052775896' lon='37.74258077011' />
  <node id='13830271151' action='modify' timestamp='2026-05-15T06:55:13Z' uid='24127657' user='ErmiyasGirma' visible='true' version='1' changeset='182682090' lat='10.33058449164' lon='37.74262770876' />
  <node id='13830271152' action='modify' timestamp='2026-05-15T06:55:13Z' uid='24127657' user='ErmiyasGirma' visible='true' version='1' changeset='182682090' lat='10.33055150752' lon='37.74268537626' />
  <node id='13830271153' action='modify' timestamp='2026-05-15T06:55:13Z' uid='24127657' user='ErmiyasGirma' visible='true' version='1' changeset='182682090' lat='10.33027273205' lon='37.74247144724' />
  <node id='13830271154' action='modify' timestamp='2026-05-15T06:55:13Z' uid='24127657' user='ErmiyasGirma' visible='true' version='1' changeset='182682090' lat='10.33029047713' lon='37.7424397' />
  <node id='13830271155' action='modify' timestamp='2026-05-15T11:51:05Z' uid='24127657' user='ErmiyasGirma' visible='true' version='2' changeset='182694584' lat='10.33024875776' lon='37.7424073411' />
  <node id='13830271156' action='modify' timestamp='2026-05-15T06:55:13Z' uid='24127657' user='ErmiyasGirma' visible='true' version='1' changeset='182682090' lat='10.33030303523' lon='37.74233198895' />
  <node id='13830271157' action='modify' timestamp='2026-05-15T11:51:05Z' uid='24127657' user='ErmiyasGirma' visible='true' version='2' changeset='182694584' lat='10.33056206244' lon='37.74254187807'>
    <tag k='entrance' v='yes' />
  </node>
  <node id='13830271158' action='modify' timestamp='2026-05-15T06:55:13Z' uid='24127657' user='ErmiyasGirma' visible='true' version='1' changeset='182682090' lat='10.33006795936' lon='37.74220190875' />
  <node id='13830271159' action='modify' timestamp='2026-05-15T06:55:13Z' uid='24127657' user='ErmiyasGirma' visible='true' version='1' changeset='182682090' lat='10.33012073402' lon='37.74224080078' />
  <node id='13830271160' action='modify' timestamp='2026-05-15T06:55:13Z' uid='24127657' user='ErmiyasGirma' visible='true' version='1' changeset='182682090' lat='10.33008906923' lon='37.74229377441' />
  <node id='13830271161' action='modify' timestamp='2026-05-15T06:55:13Z' uid='24127657' user='ErmiyasGirma' visible='true' version='1' changeset='182682090' lat='10.33012869172' lon='37.74232651227' />
  <node id='13830271162' action='modify' timestamp='2026-05-15T06:55:13Z' uid='24127657' user='ErmiyasGirma' visible='true' version='1' changeset='182682090' lat='10.3299267871' lon='37.74258613519' />
  <node id='13830271163' action='modify' timestamp='2026-05-15T06:55:13Z' uid='24127657' user='ErmiyasGirma' visible='true' version='1' changeset='182682090' lat='10.32986873494' lon='37.74254925482' />
  <node id='13830271164' action='modify' timestamp='2026-05-15T06:55:13Z' uid='24127657' user='ErmiyasGirma' visible='true' version='1' changeset='182682090' lat='10.32991293374' lon='37.7424848818' />
  <node id='13830271165' action='modify' timestamp='2026-05-15T06:55:13Z' uid='24127657' user='ErmiyasGirma' visible='true' version='1' changeset='182682090' lat='10.3298699917' lon='37.74244881227' />
  <node id='13830271166' action='modify' timestamp='2026-05-15T06:55:13Z' uid='24127657' user='ErmiyasGirma' visible='true' version='1' changeset='182682090' lat='10.33065135173' lon='37.74217235767' />
  <node id='13830271167' action='modify' timestamp='2026-05-15T06:55:13Z' uid='24127657' user='ErmiyasGirma' visible='true' version='1' changeset='182682090' lat='10.33065935173' lon='37.74220935767' />
  <node id='13830271168' action='modify' timestamp='2026-05-15T06:55:13Z' uid='24127657' user='ErmiyasGirma' visible='true' version='1' changeset='182682090' lat='10.33065095173' lon='37.74224625767' />
  <node id='13830271169' action='modify' timestamp='2026-05-15T06:55:13Z' uid='24127657' user='ErmiyasGirma' visible='true' version='1' changeset='182682090' lat='10.33062785174' lon='37.74227595767' />
  <node id='13830271170' action='modify' timestamp='2026-05-15T06:55:13Z' uid='24127657' user='ErmiyasGirma' visible='true' version='1' changeset='182682090' lat='10.33052325174' lon='37.74227775767' />
  <node id='13830271171' action='modify' timestamp='2026-05-15T06:55:13Z' uid='24127657' user='ErmiyasGirma' visible='true' version='1' changeset='182682090' lat='10.33049875174' lon='37.74224805767' />
  <node id='13830271172' action='modify' timestamp='2026-05-15T06:55:13Z' uid='24127657' user='ErmiyasGirma' visible='true' version='1' changeset='182682090' lat='10.33048955174' lon='37.74221035767' />
  <node id='13830271173' action='modify' timestamp='2026-05-15T06:55:13Z' uid='24127657' user='ErmiyasGirma' visible='true' version='1' changeset='182682090' lat='10.33049755174' lon='37.74217245767' />
  <node id='13830271174' action='modify' timestamp='2026-05-15T06:55:13Z' uid='24127657' user='ErmiyasGirma' visible='true' version='1' changeset='182682090' lat='10.33052105174' lon='37.74214185767' />
  <node id='13830271175' action='modify' timestamp='2026-05-15T06:55:13Z' uid='24127657' user='ErmiyasGirma' visible='true' version='1' changeset='182682090' lat='10.33059445174' lon='37.74229275767' />
  <node id='13830271176' action='modify' timestamp='2026-05-15T11:51:05Z' uid='24127657' user='ErmiyasGirma' visible='true' version='2' changeset='182694584' lat='10.33055725174' lon='37.74229345767'>
    <tag k='entrance' v='yes' />
  </node>
  <node id='13830271177' action='modify' timestamp='2026-05-15T06:55:13Z' uid='24127657' user='ErmiyasGirma' visible='true' version='1' changeset='182682090' lat='10.33055535174' lon='37.74212485767' />
  <node id='13830271178' action='modify' timestamp='2026-05-15T06:55:13Z' uid='24127657' user='ErmiyasGirma' visible='true' version='1' changeset='182682090' lat='10.33059355174' lon='37.74212475767' />
  <node id='13830271179' action='modify' timestamp='2026-05-15T06:55:13Z' uid='24127657' user='ErmiyasGirma' visible='true' version='1' changeset='182682090' lat='10.33062785174' lon='37.74214175767' />
  <node id='13830271180' timestamp='2026-05-15T06:55:13Z' uid='24127657' user='ErmiyasGirma' visible='true' version='1' changeset='182682090' lat='10.3307922' lon='37.7417532' />
  <node id='13830271181' action='modify' timestamp='2026-05-15T06:55:13Z' uid='24127657' user='ErmiyasGirma' visible='true' version='1' changeset='182682090' lat='10.33114743553' lon='37.74211795215' />
  <node id='13830271182' action='modify' timestamp='2026-05-15T06:55:13Z' uid='24127657' user='ErmiyasGirma' visible='true' version='1' changeset='182682090' lat='10.33089624854' lon='37.74238408773' />
  <node id='13830271183' timestamp='2026-05-15T06:55:13Z' uid='24127657' user='ErmiyasGirma' visible='true' version='1' changeset='182682090' lat='10.3305264' lon='37.7420247' />
  <node id='13830271184' action='modify' timestamp='2026-05-15T10:19:00Z' uid='22828305' user='eyob-ka' visible='true' version='2' changeset='182690602' lat='10.3312923016' lon='37.74181198345' />
  <node id='13830271185' action='modify' timestamp='2026-05-15T10:19:00Z' uid='22828305' user='eyob-ka' visible='true' version='2' changeset='182690602' lat='10.33096910981' lon='37.74152448343' />
  <node id='13830271186' action='modify' timestamp='2026-05-15T10:19:00Z' uid='22828305' user='eyob-ka' visible='true' version='2' changeset='182690602' lat='10.33084050451' lon='37.74165152393' />
  <node id='13830271187' action='modify' timestamp='2026-05-15T10:19:00Z' uid='22828305' user='eyob-ka' visible='true' version='2' changeset='182690602' lat='10.33115446084' lon='37.74194908223' />
  <node id='13830271188' timestamp='2026-05-15T06:55:13Z' uid='24127657' user='ErmiyasGirma' visible='true' version='1' changeset='182682090' lat='10.3314292' lon='37.7412887' />
  <node id='13830271189' timestamp='2026-05-15T06:55:13Z' uid='24127657' user='ErmiyasGirma' visible='true' version='1' changeset='182682090' lat='10.3311181' lon='37.7415222' />
  <node id='13830271190' timestamp='2026-05-15T06:55:13Z' uid='24127657' user='ErmiyasGirma' visible='true' version='1' changeset='182682090' lat='10.3313976' lon='37.741907' />
  <node id='13830271191' timestamp='2026-05-15T06:55:13Z' uid='24127657' user='ErmiyasGirma' visible='true' version='1' changeset='182682090' lat='10.3317088' lon='37.7416735' />
  <node id='13830491290' timestamp='2026-05-15T10:05:04Z' uid='22828305' user='eyob-ka' visible='true' version='1' changeset='182689864' lat='10.3325811' lon='37.7424272' />
  <node id='13830491291' action='modify' timestamp='2026-05-15T10:05:04Z' uid='22828305' user='eyob-ka' visible='true' version='1' changeset='182689864' lat='10.32986252609' lon='37.74446290185' />
  <node id='13830491292' action='modify' timestamp='2026-05-15T10:05:04Z' uid='22828305' user='eyob-ka' visible='true' version='1' changeset='182689864' lat='10.3284956399' lon='37.74501031657' />
  <node id='13830491293' action='modify' timestamp='2026-05-15T10:05:04Z' uid='22828305' user='eyob-ka' visible='true' version='1' changeset='182689864' lat='10.32843767866' lon='37.74500515093' />
  <node id='13830491294' action='modify' timestamp='2026-05-15T10:05:04Z' uid='22828305' user='eyob-ka' visible='true' version='1' changeset='182689864' lat='10.32843269237' lon='37.74505107854' />
  <node id='13830491295' action='modify' timestamp='2026-05-15T10:05:04Z' uid='22828305' user='eyob-ka' visible='true' version='1' changeset='182689864' lat='10.32838651802' lon='37.74520239696' />
  <node id='13830491296' action='modify' timestamp='2026-05-15T10:05:04Z' uid='22828305' user='eyob-ka' visible='true' version='1' changeset='182689864' lat='10.3280478575' lon='37.74550158773' />
  <node id='13830513299' action='modify' timestamp='2026-05-15T10:25:46Z' uid='22828305' user='eyob-ka' visible='true' version='1' changeset='182690882' lat='10.33026947905' lon='37.74556764172'>
    <tag k='entrance' v='main' />
  </node>
  <node id='13830513300' action='modify' timestamp='2026-05-15T10:25:46Z' uid='22828305' user='eyob-ka' visible='true' version='1' changeset='182690882' lat='10.33026135968' lon='37.74563901105' />
  <node id='13830529761' action='modify' timestamp='2026-05-15T10:19:00Z' uid='22828305' user='eyob-ka' visible='true' version='1' changeset='182690602' lat='10.33021227905' lon='37.74516094172' />
  <node id='13830529762' action='modify' timestamp='2026-05-15T10:19:00Z' uid='22828305' user='eyob-ka' visible='true' version='1' changeset='182690602' lat='10.33020597905' lon='37.74520054172' />
  <node id='13830529763' action='modify' timestamp='2026-05-15T10:19:00Z' uid='22828305' user='eyob-ka' visible='true' version='1' changeset='182690602' lat='10.33014067905' lon='37.74518984172' />
  <node id='13830529764' action='modify' timestamp='2026-05-15T10:19:00Z' uid='22828305' user='eyob-ka' visible='true' version='1' changeset='182690602' lat='10.33011417905' lon='37.74535744172' />
  <node id='13830529765' action='modify' timestamp='2026-05-15T10:19:00Z' uid='22828305' user='eyob-ka' visible='true' version='1' changeset='182690602' lat='10.33012027905' lon='37.74537774172' />
  <node id='13830529766' action='modify' timestamp='2026-05-15T10:19:00Z' uid='22828305' user='eyob-ka' visible='true' version='1' changeset='182690602' lat='10.33010557905' lon='37.74544824172' />
  <node id='13830529767' action='modify' timestamp='2026-05-15T10:19:00Z' uid='22828305' user='eyob-ka' visible='true' version='1' changeset='182690602' lat='10.33004967905' lon='37.74543624172' />
  <node id='13830529768' action='modify' timestamp='2026-05-15T10:19:00Z' uid='22828305' user='eyob-ka' visible='true' version='1' changeset='182690602' lat='10.33001447905' lon='37.74560504172' />
  <node id='13830529769' action='modify' timestamp='2026-05-15T10:19:00Z' uid='22828305' user='eyob-ka' visible='true' version='1' changeset='182690602' lat='10.33022507905' lon='37.74565034172' />
  <node id='13830529770' action='modify' timestamp='2026-05-15T10:19:00Z' uid='22828305' user='eyob-ka' visible='true' version='1' changeset='182690602' lat='10.33024347905' lon='37.74556204172' />
  <node id='13830529771' action='modify' timestamp='2026-05-15T10:19:00Z' uid='22828305' user='eyob-ka' visible='true' version='1' changeset='182690602' lat='10.33033467905' lon='37.74558174172' />
  <node id='13830529772' action='modify' timestamp='2026-05-15T10:19:00Z' uid='22828305' user='eyob-ka' visible='true' version='1' changeset='182690602' lat='10.33032047905' lon='37.74565024172' />
  <node id='13830529773' action='modify' timestamp='2026-05-15T10:19:00Z' uid='22828305' user='eyob-ka' visible='true' version='1' changeset='182690602' lat='10.33050887905' lon='37.74569084172' />
  <node id='13830529774' action='modify' timestamp='2026-05-15T10:19:00Z' uid='22828305' user='eyob-ka' visible='true' version='1' changeset='182690602' lat='10.33054247905' lon='37.74552954172' />
  <node id='13830529775' action='modify' timestamp='2026-05-15T10:19:00Z' uid='22828305' user='eyob-ka' visible='true' version='1' changeset='182690602' lat='10.33050067905' lon='37.74552054172' />
  <node id='13830529776' action='modify' timestamp='2026-05-15T10:19:00Z' uid='22828305' user='eyob-ka' visible='true' version='1' changeset='182690602' lat='10.33051497905' lon='37.74545234172' />
  <node id='13830529777' action='modify' timestamp='2026-05-15T10:19:00Z' uid='22828305' user='eyob-ka' visible='true' version='1' changeset='182690602' lat='10.33050857905' lon='37.74542264172' />
  <node id='13830529778' action='modify' timestamp='2026-05-15T10:19:00Z' uid='22828305' user='eyob-ka' visible='true' version='1' changeset='182690602' lat='10.33053267905' lon='37.74527104172' />
  <node id='13830529779' action='modify' timestamp='2026-05-15T10:19:00Z' uid='22828305' user='eyob-ka' visible='true' version='1' changeset='182690602' lat='10.33049477905' lon='37.74526474172' />
  <node id='13830529780' action='modify' timestamp='2026-05-15T10:19:00Z' uid='22828305' user='eyob-ka' visible='true' version='1' changeset='182690602' lat='10.33050367905' lon='37.74520874172' />
  <node id='13830589910' action='modify' timestamp='2026-05-15T11:40:15Z' uid='22828305' user='eyob-ka' visible='true' version='2' changeset='182694076' lat='10.3301438743' lon='37.74611977546'>
    <tag k='entrance' v='yes' />
  </node>
  <node id='13830589911' action='modify' timestamp='2026-05-15T11:02:30Z' uid='22828305' user='eyob-ka' visible='true' version='1' changeset='182692386' lat='10.3301363324' lon='37.74595442209' />
  <node id='13830589912' timestamp='2026-05-15T11:40:15Z' uid='22828305' user='eyob-ka' visible='true' version='2' changeset='182694076' lat='10.3294147' lon='37.7460982'>
    <tag k='entrance' v='yes' />
  </node>
  <node id='13830589913' action='modify' timestamp='2026-05-15T11:02:30Z' uid='22828305' user='eyob-ka' visible='true' version='1' changeset='182692386' lat='10.32941833243' lon='37.74602576872' />
  <node id='13830589914' action='modify' timestamp='2026-05-15T11:40:15Z' uid='22828305' user='eyob-ka' visible='true' version='2' changeset='182694076' lat='10.32978740632' lon='37.7462385'>
    <tag k='entrance' v='yes' />
  </node>
  <node id='13830589915' action='modify' timestamp='2026-05-15T11:02:30Z' uid='22828305' user='eyob-ka' visible='true' version='1' changeset='182692386' lat='10.32976030316' lon='37.74598003988' />
  <node id='13830589916' action='modify' timestamp='2026-05-15T11:40:15Z' uid='22828305' user='eyob-ka' visible='true' version='2' changeset='182694076' lat='10.3288574388' lon='37.74584770069'>
    <tag k='entrance' v='yes' />
  </node>
  <node id='13830589917' action='modify' timestamp='2026-05-15T11:02:30Z' uid='22828305' user='eyob-ka' visible='true' version='1' changeset='182692386' lat='10.32889079686' lon='37.74573898221' />
  <node id='13830589918' action='modify' timestamp='2026-05-15T11:02:30Z' uid='22828305' user='eyob-ka' visible='true' version='1' changeset='182692386' lat='10.3288279356' lon='37.74645766994'>
    <tag k='entrance' v='main' />
  </node>
  <node id='13830589919' action='modify' timestamp='2026-05-15T11:02:30Z' uid='22828305' user='eyob-ka' visible='true' version='1' changeset='182692386' lat='10.32908274867' lon='37.74641026319' />
  <node id='13830589920' action='modify' timestamp='2026-05-15T11:02:30Z' uid='22828305' user='eyob-ka' visible='true' version='1' changeset='182692386' lat='10.32892367749' lon='37.74642215093' />
  <node id='13830589921' timestamp='2026-05-15T11:02:30Z' uid='22828305' user='eyob-ka' visible='true' version='1' changeset='182692386' lat='10.3288871' lon='37.7464273' />
  <node id='13830589922' action='modify' timestamp='2026-05-15T11:02:30Z' uid='22828305' user='eyob-ka' visible='true' version='1' changeset='182692386' lat='10.32878577592' lon='37.74667471718' />
  <node id='13830589923' action='modify' timestamp='2026-05-15T11:02:30Z' uid='22828305' user='eyob-ka' visible='true' version='1' changeset='182692386' lat='10.32877978377' lon='37.7467356' />
  <node id='13830589924' action='modify' timestamp='2026-05-15T11:02:30Z' uid='22828305' user='eyob-ka' visible='true' version='1' changeset='182692386' lat='10.32837866184' lon='37.74660278651'>
    <tag k='entrance' v='yes' />
  </node>
  <node id='13830589925' action='modify' timestamp='2026-05-15T11:02:30Z' uid='22828305' user='eyob-ka' visible='true' version='1' changeset='182692386' lat='10.32750420693' lon='37.74689972761'>
    <tag k='entrance' v='main' />
  </node>
  <node id='13830589926' action='modify' timestamp='2026-05-15T11:02:30Z' uid='22828305' user='eyob-ka' visible='true' version='1' changeset='182692386' lat='10.32732211005' lon='37.74735547546'>
    <tag k='entrance' v='main' />
  </node>
  <node id='13830589927' action='modify' timestamp='2026-05-15T11:02:30Z' uid='22828305' user='eyob-ka' visible='true' version='1' changeset='182692386' lat='10.32735919761' lon='37.74738565645' />
  <node id='13830589928' action='modify' timestamp='2026-05-15T11:02:30Z' uid='22828305' user='eyob-ka' visible='true' version='1' changeset='182692386' lat='10.32887005812' lon='37.74676170982' />
  <node id='13830589929' timestamp='2026-05-15T11:02:30Z' uid='22828305' user='eyob-ka' visible='true' version='1' changeset='182692386' lat='10.3288821' lon='37.7468333' />
  <node id='13830589930' action='modify' timestamp='2026-05-15T11:02:30Z' uid='22828305' user='eyob-ka' visible='true' version='1' changeset='182692386' lat='10.3289250356' lon='37.74759801227'>
    <tag k='entrance' v='yes' />
  </node>
  <node id='13830589931' action='modify' timestamp='2026-05-15T11:02:30Z' uid='22828305' user='eyob-ka' visible='true' version='1' changeset='182692386' lat='10.3289642068' lon='37.74769786442' />
  <node id='13830589932' action='modify' timestamp='2026-05-15T11:02:30Z' uid='22828305' user='eyob-ka' visible='true' version='1' changeset='182692386' lat='10.32875470368' lon='37.74757562331' />
  <node id='13830589933' action='modify' timestamp='2026-05-15T11:02:30Z' uid='22828305' user='eyob-ka' visible='true' version='1' changeset='182692386' lat='10.328916278' lon='37.74808492761' />
  <node id='13830589934' action='modify' timestamp='2026-05-15T11:02:30Z' uid='22828305' user='eyob-ka' visible='true' version='1' changeset='182692386' lat='10.32895004503' lon='37.74807205645' />
  <node id='13830589935' action='modify' timestamp='2026-05-15T11:02:30Z' uid='22828305' user='eyob-ka' visible='true' version='1' changeset='182692386' lat='10.32886104608' lon='37.74810108099' />
  <node id='13830589936' action='modify' timestamp='2026-05-15T11:02:30Z' uid='22828305' user='eyob-ka' visible='true' version='1' changeset='182692386' lat='10.32915114552' lon='37.74774758895'>
    <tag k='entrance' v='yes' />
  </node>
  <node id='13830589937' action='modify' timestamp='2026-05-15T11:02:30Z' uid='22828305' user='eyob-ka' visible='true' version='1' changeset='182692386' lat='10.32911774553' lon='37.74765060552' />
  <node id='13830589938' timestamp='2026-05-15T11:02:30Z' uid='22828305' user='eyob-ka' visible='true' version='1' changeset='182692386' lat='10.3284502' lon='37.7477499'>
    <tag k='entrance' v='yes' />
  </node>
  <node id='13830589939' action='modify' timestamp='2026-05-15T11:02:30Z' uid='22828305' user='eyob-ka' visible='true' version='1' changeset='182692386' lat='10.32847575812' lon='37.74784899878' />
  <node id='13830589940' timestamp='2026-05-15T11:02:30Z' uid='22828305' user='eyob-ka' visible='true' version='1' changeset='182692386' lat='10.3281185' lon='37.7475117' />
  <node id='13830589941' action='modify' timestamp='2026-05-15T11:02:30Z' uid='22828305' user='eyob-ka' visible='true' version='1' changeset='182692386' lat='10.32814682563' lon='37.74760032884'>
    <tag k='entrance' v='yes' />
  </node>
  <node id='13830589942' action='modify' timestamp='2026-05-15T11:02:30Z' uid='22828305' user='eyob-ka' visible='true' version='1' changeset='182692386' lat='10.32834823249' lon='37.74788878099' />
  <node id='13830589943' timestamp='2026-05-15T11:02:30Z' uid='22828305' user='eyob-ka' visible='true' version='1' changeset='182692386' lat='10.328301' lon='37.747744' />
  <node id='13830589944' action='modify' timestamp='2026-05-15T11:02:30Z' uid='22828305' user='eyob-ka' visible='true' version='1' changeset='182692386' lat='10.32825392563' lon='37.74776592884'>
    <tag k='entrance' v='yes' />
  </node>
  <node id='13830589945' timestamp='2026-05-15T11:02:30Z' uid='22828305' user='eyob-ka' visible='true' version='1' changeset='182692386' lat='10.3286553' lon='37.7479002'>
    <tag k='entrance' v='yes' />
  </node>
  <node id='13830589946' action='modify' timestamp='2026-05-15T11:02:30Z' uid='22828305' user='eyob-ka' visible='true' version='1' changeset='182692386' lat='10.32863303875' lon='37.74780679878' />
  <node id='13830589947' action='modify' timestamp='2026-05-15T11:02:30Z' uid='22828305' user='eyob-ka' visible='true' version='1' changeset='182692386' lat='10.32964122884' lon='37.74759066442'>
    <tag k='entrance' v='yes' />
  </node>
  <node id='13830589948' action='modify' timestamp='2026-05-15T11:02:30Z' uid='22828305' user='eyob-ka' visible='true' version='1' changeset='182692386' lat='10.32957054505' lon='37.74739984663'>
    <tag k='entrance' v='yes' />
  </node>
  <node id='13830589949' action='modify' timestamp='2026-05-15T11:02:30Z' uid='22828305' user='eyob-ka' visible='true' version='1' changeset='182692386' lat='10.32959488695' lon='37.74749277546' />
  <node id='13830589950' action='modify' timestamp='2026-05-15T11:02:30Z' uid='22828305' user='eyob-ka' visible='true' version='1' changeset='182692386' lat='10.33019606092' lon='37.74743020675'>
    <tag k='entrance' v='yes' />
  </node>
  <node id='13830589951' action='delete' timestamp='2026-05-15T11:02:30Z' uid='22828305' user='eyob-ka' visible='true' version='1' changeset='182692386' lat='10.33058565462' lon='37.74725101779'>
    <tag k='entrance' v='yes' />
  </node>
  <node id='13830589952' action='modify' timestamp='2026-05-15T11:02:30Z' uid='22828305' user='eyob-ka' visible='true' version='1' changeset='182692386' lat='10.33055626763' lon='37.74717889878' />
  <node id='13830589953' action='modify' timestamp='2026-05-15T11:02:30Z' uid='22828305' user='eyob-ka' visible='true' version='1' changeset='182692386' lat='10.33075259682' lon='37.74685560122' />
  <node id='13830589954' action='modify' timestamp='2026-05-15T11:02:30Z' uid='22828305' user='eyob-ka' visible='true' version='1' changeset='182692386' lat='10.33080346101' lon='37.74684093558'>
    <tag k='entrance' v='yes' />
  </node>
  <node id='13830589955' action='modify' timestamp='2026-05-15T11:02:30Z' uid='22828305' user='eyob-ka' visible='true' version='1' changeset='182692386' lat='10.33113545809' lon='37.7477798' />
  <node id='13830589956' action='modify' timestamp='2026-05-15T11:02:30Z' uid='22828305' user='eyob-ka' visible='true' version='1' changeset='182692386' lat='10.33119308042' lon='37.74776755645' />
  <node id='13830589957' action='modify' timestamp='2026-05-15T11:02:30Z' uid='22828305' user='eyob-ka' visible='true' version='1' changeset='182692386' lat='10.33069714163' lon='37.74758489448'>
    <tag k='entrance' v='yes' />
  </node>
  <node id='13830589958' action='modify' timestamp='2026-05-15T11:02:30Z' uid='22828305' user='eyob-ka' visible='true' version='1' changeset='182692386' lat='10.33070281618' lon='37.74751763436' />
  <node id='13830589959' action='delete' timestamp='2026-05-15T11:02:30Z' uid='22828305' user='eyob-ka' visible='true' version='1' changeset='182692386' lat='10.33069922385' lon='37.74811207485' />
  <node id='13830589960' timestamp='2026-05-15T11:02:30Z' uid='22828305' user='eyob-ka' visible='true' version='1' changeset='182692386' lat='10.3306592' lon='37.7481391' />
  <node id='13830589961' action='modify' timestamp='2026-05-15T11:02:30Z' uid='22828305' user='eyob-ka' visible='true' version='1' changeset='182692386' lat='10.3310516451' lon='37.74820988773' />
  <node id='13830589962' action='modify' timestamp='2026-05-15T11:02:30Z' uid='22828305' user='eyob-ka' visible='true' version='1' changeset='182692386' lat='10.3310041451' lon='37.74813638221' />
  <node id='13830589963' action='modify' timestamp='2026-05-15T11:02:30Z' uid='22828305' user='eyob-ka' visible='true' version='1' changeset='182692386' lat='10.33094644166' lon='37.74806853006'>
    <tag k='entrance' v='yes' />
  </node>
  <node id='13830589964' action='modify' timestamp='2026-05-15T11:02:30Z' uid='22828305' user='eyob-ka' visible='true' version='1' changeset='182692386' lat='10.33113257403' lon='37.74828290245'>
    <tag k='entrance' v='yes' />
  </node>
  <node id='13830589965' timestamp='2026-05-15T11:02:30Z' uid='22828305' user='eyob-ka' visible='true' version='1' changeset='182692386' lat='10.3303591' lon='37.7489306'>
    <tag k='entrance' v='yes' />
  </node>
  <node id='13830589966' timestamp='2026-05-15T11:02:30Z' uid='22828305' user='eyob-ka' visible='true' version='1' changeset='182692386' lat='10.3302857' lon='37.7488125' />
  <node id='13830589967' action='modify' timestamp='2026-05-15T11:02:30Z' uid='22828305' user='eyob-ka' visible='true' version='1' changeset='182692386' lat='10.33024783873' lon='37.74876820552' />
  <node id='13830589968' action='modify' timestamp='2026-05-15T11:02:30Z' uid='22828305' user='eyob-ka' visible='true' version='1' changeset='182692386' lat='10.3308203' lon='37.74947388221' />
  <node id='13830589969' timestamp='2026-05-15T11:02:30Z' uid='22828305' user='eyob-ka' visible='true' version='1' changeset='182692386' lat='10.3306697' lon='37.7493213'>
    <tag k='entrance' v='yes' />
  </node>
  <node id='13830589970' action='modify' timestamp='2026-05-15T11:02:30Z' uid='22828305' user='eyob-ka' visible='true' version='1' changeset='182692386' lat='10.3311513549' lon='37.74943995215' />
  <node id='13830589971' action='modify' timestamp='2026-05-15T11:02:30Z' uid='22828305' user='eyob-ka' visible='true' version='1' changeset='182692386' lat='10.33136241578' lon='37.74960984355'>
    <tag k='entrance' v='yes' />
  </node>
  <node id='13830589972' action='modify' timestamp='2026-05-15T11:02:30Z' uid='22828305' user='eyob-ka' visible='true' version='1' changeset='182692386' lat='10.33124402194' lon='37.74973933251'>
    <tag k='entrance' v='yes' />
  </node>
  <node id='13830589973' action='modify' timestamp='2026-05-15T11:02:30Z' uid='22828305' user='eyob-ka' visible='true' version='1' changeset='182692386' lat='10.33127668962' lon='37.74965500919' />
  <node id='13830589974' timestamp='2026-05-15T11:02:30Z' uid='22828305' user='eyob-ka' visible='true' version='1' changeset='182692386' lat='10.3311908' lon='37.7491053' />
  <node id='13830589975' action='modify' timestamp='2026-05-15T11:02:30Z' uid='22828305' user='eyob-ka' visible='true' version='1' changeset='182692386' lat='10.33122980936' lon='37.74920201901'>
    <tag k='entrance' v='yes' />
  </node>
  <node id='13830589976' action='modify' timestamp='2026-05-15T11:02:30Z' uid='22828305' user='eyob-ka' visible='true' version='1' changeset='182692386' lat='10.33151092895' lon='37.7487718411' />
  <node id='13830589977' action='modify' timestamp='2026-05-15T11:40:15Z' uid='22828305' user='eyob-ka' visible='true' version='2' changeset='182694076' lat='10.3313947062' lon='37.7486529957'>
    <tag k='entrance' v='yes' />
  </node>
  <node id='13830589978' action='modify' timestamp='2026-05-15T11:02:30Z' uid='22828305' user='eyob-ka' visible='true' version='1' changeset='182692386' lat='10.33161815472' lon='37.74868076319' />
  <node id='13830589979' timestamp='2026-05-15T11:02:30Z' uid='22828305' user='eyob-ka' visible='true' version='1' changeset='182692386' lat='10.3319582' lon='37.7483384' />
  <node id='13830589980' action='modify' timestamp='2026-05-15T11:02:30Z' uid='22828305' user='eyob-ka' visible='true' version='1' changeset='182692386' lat='10.33185831269' lon='37.74827526012'>
    <tag k='entrance' v='yes' />
  </node>
  <node id='13830589981' timestamp='2026-05-15T11:02:30Z' uid='22828305' user='eyob-ka' visible='true' version='1' changeset='182692386' lat='10.3319911' lon='37.7483055' />
  <node id='13830589982' action='modify' timestamp='2026-05-15T11:40:15Z' uid='22828305' user='eyob-ka' visible='true' version='2' changeset='182694076' lat='10.3320077708' lon='37.74837716012'>
    <tag k='entrance' v='yes' />
  </node>
  <node id='13830589983' action='modify' timestamp='2026-05-15T11:02:30Z' uid='22828305' user='eyob-ka' visible='true' version='1' changeset='182692386' lat='10.33142898383' lon='37.74795134663' />
  <node id='13830589984' action='modify' timestamp='2026-05-15T11:02:30Z' uid='22828305' user='eyob-ka' visible='true' version='1' changeset='182692386' lat='10.33146239662' lon='37.74801274785'>
    <tag k='entrance' v='yes' />
  </node>
  <node id='13830589985' action='modify' timestamp='2026-05-15T11:02:30Z' uid='22828305' user='eyob-ka' visible='true' version='1' changeset='182692386' lat='10.33085171618' lon='37.7471619' />
  <node id='13830589986' action='modify' timestamp='2026-05-15T11:02:30Z' uid='22828305' user='eyob-ka' visible='true' version='1' changeset='182692386' lat='10.33088881274' lon='37.74715269325' />
  <node id='13830589987' action='modify' timestamp='2026-05-15T11:02:30Z' uid='22828305' user='eyob-ka' visible='true' version='1' changeset='182692386' lat='10.33076134509' lon='37.74651696994'>
    <tag k='entrance' v='yes' />
  </node>
  <node id='13830589988' action='modify' timestamp='2026-05-15T11:02:30Z' uid='22828305' user='eyob-ka' visible='true' version='1' changeset='182692386' lat='10.33132568084' lon='37.74586343988' />
  <node id='13830589989' action='modify' timestamp='2026-05-15T11:02:30Z' uid='22828305' user='eyob-ka' visible='true' version='1' changeset='182692386' lat='10.3314315797' lon='37.74621231235'>
    <tag k='entrance' v='yes' />
  </node>
  <node id='13830589990' action='modify' timestamp='2026-05-15T11:02:30Z' uid='22828305' user='eyob-ka' visible='true' version='1' changeset='182692386' lat='10.33019792571' lon='37.74880075215' />
  <node id='13830589991' action='modify' timestamp='2026-05-15T11:02:30Z' uid='22828305' user='eyob-ka' visible='true' version='1' changeset='182692386' lat='10.33014674507' lon='37.74869522331'>
    <tag k='entrance' v='yes' />
  </node>
  <node id='13830589992' timestamp='2026-05-15T11:02:30Z' uid='22828305' user='eyob-ka' visible='true' version='1' changeset='182692386' lat='10.3303568' lon='37.7486035' />
  <node id='13830589993' timestamp='2026-05-15T11:02:30Z' uid='22828305' user='eyob-ka' visible='true' version='1' changeset='182692386' lat='10.3303373' lon='37.7486155' />
  <node id='13830589994' timestamp='2026-05-15T11:02:30Z' uid='22828305' user='eyob-ka' visible='true' version='1' changeset='182692386' lat='10.3302727' lon='37.7486437' />
  <node id='13830589995' action='modify' timestamp='2026-05-15T11:02:30Z' uid='22828305' user='eyob-ka' visible='true' version='1' changeset='182692386' lat='10.32985547431' lon='37.74874063314' />
  <node id='13830589996' action='modify' timestamp='2026-05-15T11:02:30Z' uid='22828305' user='eyob-ka' visible='true' version='1' changeset='182692386' lat='10.32967723242' lon='37.74884035767'>
    <tag k='entrance' v='yes' />
  </node>
  <node id='13830589997' timestamp='2026-05-15T11:02:30Z' uid='22828305' user='eyob-ka' visible='true' version='1' changeset='182692386' lat='10.3297976' lon='37.7490688' />
  <node id='13830589998' timestamp='2026-05-15T11:02:30Z' uid='22828305' user='eyob-ka' visible='true' version='1' changeset='182692386' lat='10.3292288' lon='37.7494599' />
  <node id='13830589999' action='modify' timestamp='2026-05-15T11:02:30Z' uid='22828305' user='eyob-ka' visible='true' version='1' changeset='182692386' lat='10.32906767384' lon='37.74955760552' />
  <node id='13830590000' action='modify' timestamp='2026-05-15T11:02:30Z' uid='22828305' user='eyob-ka' visible='true' version='1' changeset='182692386' lat='10.32900900264' lon='37.74947830122'>
    <tag k='entrance' v='yes' />
  </node>
  <node id='13830607101' action='modify' timestamp='2026-05-15T11:02:30Z' uid='22828305' user='eyob-ka' visible='true' version='1' changeset='182692386' lat='10.32904900629' lon='37.74904392209' />
  <node id='13830607102' action='modify' timestamp='2026-05-15T11:02:30Z' uid='22828305' user='eyob-ka' visible='true' version='1' changeset='182692386' lat='10.3289996644' lon='37.74907443436' />
  <node id='13830607103' action='modify' timestamp='2026-05-15T11:02:30Z' uid='22828305' user='eyob-ka' visible='true' version='1' changeset='182692386' lat='10.32914910896' lon='37.74894964233'>
    <tag k='entrance' v='yes' />
  </node>
  <node id='13830609053' timestamp='2026-05-15T11:12:17Z' uid='24127657' user='ErmiyasGirma' visible='true' version='1' changeset='182692839' lat='10.3321271' lon='37.7424031' />
  <node id='13830609054' timestamp='2026-05-15T11:12:17Z' uid='24127657' user='ErmiyasGirma' visible='true' version='1' changeset='182692839' lat='10.3321036' lon='37.7423639' />
  <node id='13830609055' timestamp='2026-05-15T11:12:17Z' uid='24127657' user='ErmiyasGirma' visible='true' version='1' changeset='182692839' lat='10.332117' lon='37.7423281' />
  <node id='13830609056' timestamp='2026-05-15T11:12:17Z' uid='24127657' user='ErmiyasGirma' visible='true' version='1' changeset='182692839' lat='10.3321456' lon='37.7422871' />
  <node id='13830609057' timestamp='2026-05-15T11:12:17Z' uid='24127657' user='ErmiyasGirma' visible='true' version='1' changeset='182692839' lat='10.3321607' lon='37.7421523' />
  <node id='13830609058' action='modify' timestamp='2026-05-15T11:12:17Z' uid='24127657' user='ErmiyasGirma' visible='true' version='1' changeset='182692839' lat='10.33203794172' lon='37.74210081227'>
    <tag k='entrance' v='main' />
  </node>
  <node id='13830609059' action='modify' timestamp='2026-05-15T11:12:17Z' uid='24127657' user='ErmiyasGirma' visible='true' version='1' changeset='182692839' lat='10.33203745177' lon='37.74311910308' />
  <node id='13830609060' action='modify' timestamp='2026-05-15T11:12:17Z' uid='24127657' user='ErmiyasGirma' visible='true' version='1' changeset='182692839' lat='10.33209075176' lon='37.74321900308' />
  <node id='13830609061' action='modify' timestamp='2026-05-15T11:12:17Z' uid='24127657' user='ErmiyasGirma' visible='true' version='1' changeset='182692839' lat='10.33197056128' lon='37.74425882454' />
  <node id='13830609062' timestamp='2026-05-15T11:12:17Z' uid='24127657' user='ErmiyasGirma' visible='true' version='1' changeset='182692839' lat='10.3320572' lon='37.7441957' />
  <node id='13830609063' action='modify' timestamp='2026-05-15T11:12:17Z' uid='24127657' user='ErmiyasGirma' visible='true' version='1' changeset='182692839' lat='10.33208984845' lon='37.74417551105'>
    <tag k='entrance' v='yes' />
  </node>
  <node id='13830609064' action='delete' timestamp='2026-05-15T11:12:17Z' uid='24127657' user='ErmiyasGirma' visible='true' version='1' changeset='182692839' lat='10.33211221936' lon='37.74443679878' />
  <node id='13830609065' action='modify' timestamp='2026-05-15T11:12:17Z' uid='24127657' user='ErmiyasGirma' visible='true' version='1' changeset='182692839' lat='10.33200031936' lon='37.74453969878'>
    <tag k='entrance' v='yes' />
  </node>
  <node id='13830609066' action='modify' timestamp='2026-05-15T11:12:17Z' uid='24127657' user='ErmiyasGirma' visible='true' version='1' changeset='182692839' lat='10.33124792277' lon='37.74502668221'>
    <tag k='entrance' v='yes' />
  </node>
  <node id='13830609067' action='modify' timestamp='2026-05-15T11:12:17Z' uid='24127657' user='ErmiyasGirma' visible='true' version='1' changeset='182692839' lat='10.33159376448' lon='37.74453282884' />
  <node id='13830609068' action='modify' timestamp='2026-05-15T11:12:17Z' uid='24127657' user='ErmiyasGirma' visible='true' version='1' changeset='182692839' lat='10.33158427761' lon='37.74463952209'>
    <tag k='entrance' v='yes' />
  </node>
  <node id='13830609069' action='modify' timestamp='2026-05-15T11:12:17Z' uid='24127657' user='ErmiyasGirma' visible='true' version='1' changeset='182692839' lat='10.3312516132' lon='37.74492085093' />
  <node id='13830609070' action='modify' timestamp='2026-05-15T11:12:17Z' uid='24127657' user='ErmiyasGirma' visible='true' version='1' changeset='182692839' lat='10.33121177767' lon='37.74479288651' />
  <node id='13830609071' action='modify' timestamp='2026-05-15T11:12:17Z' uid='24127657' user='ErmiyasGirma' visible='true' version='1' changeset='182692839' lat='10.33127577766' lon='37.74476672209' />
  <node id='13830609072' action='modify' timestamp='2026-05-15T11:51:05Z' uid='24127657' user='ErmiyasGirma' visible='true' version='2' changeset='182694584' lat='10.33034937145' lon='37.74492414479'>
    <tag k='entrance' v='yes' />
  </node>
  <node id='13830609073' action='delete' timestamp='2026-05-15T11:51:05Z' uid='24127657' user='ErmiyasGirma' visible='true' version='2' changeset='182694584' lat='10.32999376797' lon='37.74473292209'>
    <tag k='entrance' v='yes' />
  </node>
  <node id='13830609074' action='modify' timestamp='2026-05-15T11:12:17Z' uid='24127657' user='ErmiyasGirma' visible='true' version='1' changeset='182692839' lat='10.33000911183' lon='37.74463878957' />
  <node id='13830609075' action='modify' timestamp='2026-05-15T11:12:17Z' uid='24127657' user='ErmiyasGirma' visible='true' version='1' changeset='182692839' lat='10.33045694889' lon='37.74486899755' />
  <node id='13830609076' action='modify' timestamp='2026-05-15T11:12:17Z' uid='24127657' user='ErmiyasGirma' visible='true' version='1' changeset='182692839' lat='10.33027801688' lon='37.74415668221' />
  <node id='13830609077' action='modify' timestamp='2026-05-15T11:12:17Z' uid='24127657' user='ErmiyasGirma' visible='true' version='1' changeset='182692839' lat='10.33066395362' lon='37.74465501596' />
  <node id='13830609078' action='modify' timestamp='2026-05-15T11:12:17Z' uid='24127657' user='ErmiyasGirma' visible='true' version='1' changeset='182692839' lat='10.33073730057' lon='37.7444727086' />
  <node id='13830609079' action='modify' timestamp='2026-05-15T11:12:17Z' uid='24127657' user='ErmiyasGirma' visible='true' version='1' changeset='182692839' lat='10.33089931698' lon='37.74416170185' />
  <node id='13830609080' action='modify' timestamp='2026-05-15T11:51:05Z' uid='24127657' user='ErmiyasGirma' visible='true' version='2' changeset='182694584' lat='10.33081806182' lon='37.74430970308'>
    <tag k='entrance' v='yes' />
  </node>
  <node id='13830609081' action='modify' timestamp='2026-05-15T11:12:17Z' uid='24127657' user='ErmiyasGirma' visible='true' version='1' changeset='182692839' lat='10.33094379707' lon='37.74453402639' />
  <node id='13830609082' action='modify' timestamp='2026-05-15T11:12:17Z' uid='24127657' user='ErmiyasGirma' visible='true' version='1' changeset='182692839' lat='10.3313043551' lon='37.74360822087' />
  <node id='13830609083' action='modify' timestamp='2026-05-15T11:12:17Z' uid='24127657' user='ErmiyasGirma' visible='true' version='1' changeset='182692839' lat='10.33245086778' lon='37.74210796872' />
  <node id='13830609084' action='modify' timestamp='2026-05-15T11:12:17Z' uid='24127657' user='ErmiyasGirma' visible='true' version='1' changeset='182692839' lat='10.33237838393' lon='37.74208132761' />
  <node id='13830609085' action='modify' timestamp='2026-05-15T11:12:17Z' uid='24127657' user='ErmiyasGirma' visible='true' version='1' changeset='182692839' lat='10.33228910972' lon='37.74216769939' />
  <node id='13830609086' timestamp='2026-05-15T11:12:17Z' uid='24127657' user='ErmiyasGirma' visible='true' version='1' changeset='182692839' lat='10.3314794' lon='37.7418456' />
  <node id='13830609087' action='modify' timestamp='2026-05-15T11:12:17Z' uid='24127657' user='ErmiyasGirma' visible='true' version='1' changeset='182692839' lat='10.3316219064' lon='37.74173818773' />
  <node id='13830609088' action='modify' timestamp='2026-05-15T11:12:17Z' uid='24127657' user='ErmiyasGirma' visible='true' version='1' changeset='182692839' lat='10.33149399539' lon='37.7420177184' />
  <node id='13830609089' action='modify' timestamp='2026-05-15T11:12:17Z' uid='24127657' user='ErmiyasGirma' visible='true' version='1' changeset='182692839' lat='10.33129230819' lon='37.74181356872' />
  <node id='13830609090' action='modify' timestamp='2026-05-15T11:12:17Z' uid='24127657' user='ErmiyasGirma' visible='true' version='1' changeset='182692839' lat='10.33118807107' lon='37.74228210982' />
  <node id='13830609091' action='modify' timestamp='2026-05-15T11:12:17Z' uid='24127657' user='ErmiyasGirma' visible='true' version='1' changeset='182692839' lat='10.3310901549' lon='37.74217248773' />
  <node id='13830609092' action='modify' timestamp='2026-05-15T11:12:17Z' uid='24127657' user='ErmiyasGirma' visible='true' version='1' changeset='182692839' lat='10.33107203896' lon='37.74241401534' />
  <node id='13830609093' action='modify' timestamp='2026-05-15T11:12:17Z' uid='24127657' user='ErmiyasGirma' visible='true' version='1' changeset='182692839' lat='10.33096555172' lon='37.74231587546' />
  <node id='13830609094' action='modify' timestamp='2026-05-15T11:12:17Z' uid='24127657' user='ErmiyasGirma' visible='true' version='1' changeset='182692839' lat='10.33053822602' lon='37.74239349325' />
  <node id='13830609095' action='modify' timestamp='2026-05-15T11:12:17Z' uid='24127657' user='ErmiyasGirma' visible='true' version='1' changeset='182692839' lat='10.33030438097' lon='37.74329046197' />
  <node id='13830609096' action='modify' timestamp='2026-05-15T11:12:17Z' uid='24127657' user='ErmiyasGirma' visible='true' version='1' changeset='182692839' lat='10.33028408097' lon='37.74332516197' />
  <node id='13830609097' action='modify' timestamp='2026-05-15T11:12:17Z' uid='24127657' user='ErmiyasGirma' visible='true' version='1' changeset='182692839' lat='10.33024228098' lon='37.74329986197' />
  <node id='13830609098' action='modify' timestamp='2026-05-15T11:12:17Z' uid='24127657' user='ErmiyasGirma' visible='true' version='1' changeset='182692839' lat='10.33026258098' lon='37.74326516197' />
  <node id='13830609099' action='modify' timestamp='2026-05-15T11:12:17Z' uid='24127657' user='ErmiyasGirma' visible='true' version='1' changeset='182692839' lat='10.33026082922' lon='37.74221192761' />
  <node id='13830609100' action='modify' timestamp='2026-05-15T11:12:17Z' uid='24127657' user='ErmiyasGirma' visible='true' version='1' changeset='182692839' lat='10.33020798098' lon='37.74240568406' />
  <node id='13830631201' action='modify' timestamp='2026-05-15T11:12:17Z' uid='24127657' user='ErmiyasGirma' visible='true' version='1' changeset='182692839' lat='10.33019064895' lon='37.74289600552' />
  <node id='13830631202' action='modify' timestamp='2026-05-15T11:12:17Z' uid='24127657' user='ErmiyasGirma' visible='true' version='1' changeset='182692839' lat='10.33008383593' lon='37.74308282761' />
  <node id='13830631203' action='modify' timestamp='2026-05-15T11:12:17Z' uid='24127657' user='ErmiyasGirma' visible='true' version='1' changeset='182692839' lat='10.33019741996' lon='37.74261477485' />
  <node id='13830631204' action='modify' timestamp='2026-05-15T11:51:05Z' uid='24127657' user='ErmiyasGirma' visible='true' version='2' changeset='182694584' lat='10.33002989013' lon='37.74284100552'>
    <tag k='entrance' v='yes' />
  </node>
  <node id='13830631205' action='modify' timestamp='2026-05-15T11:12:17Z' uid='24127657' user='ErmiyasGirma' visible='true' version='1' changeset='182692839' lat='10.33021938098' lon='37.74234527424' />
  <node id='13830631206' action='modify' timestamp='2026-05-15T11:51:05Z' uid='24127657' user='ErmiyasGirma' visible='true' version='2' changeset='182694584' lat='10.33011083521' lon='37.74226441227'>
    <tag k='entrance' v='yes' />
  </node>
  <node id='13830631207' action='modify' timestamp='2026-05-15T11:12:17Z' uid='24127657' user='ErmiyasGirma' visible='true' version='1' changeset='182692839' lat='10.33022610035' lon='37.74229277055' />
  <node id='13830631208' timestamp='2026-05-15T11:12:17Z' uid='24127657' user='ErmiyasGirma' visible='true' version='1' changeset='182692839' lat='10.3302493' lon='37.7423497' />
  <node id='13830631209' action='modify' timestamp='2026-05-15T11:12:17Z' uid='24127657' user='ErmiyasGirma' visible='true' version='1' changeset='182692839' lat='10.33080973928' lon='37.74267374785' />
  <node id='13830631210' action='modify' timestamp='2026-05-15T11:12:17Z' uid='24127657' user='ErmiyasGirma' visible='true' version='1' changeset='182692839' lat='10.33064218123' lon='37.74291530982' />
  <node id='13830631211' action='modify' timestamp='2026-05-15T11:51:05Z' uid='24127657' user='ErmiyasGirma' visible='true' version='2' changeset='182694584' lat='10.33038826031' lon='37.74277632884'>
    <tag k='entrance' v='yes' />
  </node>
  <node id='13830631212' action='modify' timestamp='2026-05-15T11:12:17Z' uid='24127657' user='ErmiyasGirma' visible='true' version='1' changeset='182692839' lat='10.32967540632' lon='37.7429186589' />
  <node id='13830631213' action='modify' timestamp='2026-05-15T11:12:17Z' uid='24127657' user='ErmiyasGirma' visible='true' version='1' changeset='182692839' lat='10.32902613245' lon='37.74315983988' />
  <node id='13830631214' action='modify' timestamp='2026-05-15T11:12:17Z' uid='24127657' user='ErmiyasGirma' visible='true' version='1' changeset='182692839' lat='10.32893304554' lon='37.74334635215' />
  <node id='13830631215' action='delete' timestamp='2026-05-15T11:12:17Z' uid='24127657' user='ErmiyasGirma' visible='true' version='1' changeset='182692839' lat='10.3290806644' lon='37.74345205215' />
  <node id='13830631216' action='modify' timestamp='2026-05-15T11:12:17Z' uid='24127657' user='ErmiyasGirma' visible='true' version='1' changeset='182692839' lat='10.32935683559' lon='37.74355657546'>
    <tag k='entrance' v='yes' />
  </node>
  <node id='13830631217' action='modify' timestamp='2026-05-15T11:12:17Z' uid='24127657' user='ErmiyasGirma' visible='true' version='1' changeset='182692839' lat='10.32905979371' lon='37.74316130982' />
  <node id='13830631218' timestamp='2026-05-15T11:51:05Z' uid='24127657' user='ErmiyasGirma' visible='true' version='2' changeset='182694584' lat='10.3297495' lon='37.7430665'>
    <tag k='entrance' v='yes' />
  </node>
  <node id='13830631219' timestamp='2026-05-15T11:12:17Z' uid='24127657' user='ErmiyasGirma' visible='true' version='1' changeset='182692839' lat='10.329799' lon='37.7430976' />
  <node id='13830631220' action='modify' timestamp='2026-05-15T11:51:05Z' uid='24127657' user='ErmiyasGirma' visible='true' version='2' changeset='182694584' lat='10.32933783874' lon='37.74339216442'>
    <tag k='entrance' v='yes' />
  </node>
  <node id='13830631221' action='modify' timestamp='2026-05-15T11:12:17Z' uid='24127657' user='ErmiyasGirma' visible='true' version='1' changeset='182692839' lat='10.32949644549' lon='37.7434430589' />
  <node id='13830631222' action='delete' timestamp='2026-05-15T11:12:17Z' uid='24127657' user='ErmiyasGirma' visible='true' version='1' changeset='182692839' lat='10.32927985181' lon='37.74264768221' />
  <node id='13830631223' action='modify' timestamp='2026-05-15T11:12:17Z' uid='24127657' user='ErmiyasGirma' visible='true' version='1' changeset='182692839' lat='10.32929455181' lon='37.74268218221' />
  <node id='13830644370' action='modify' timestamp='2026-05-15T11:40:15Z' uid='22828305' user='eyob-ka' visible='true' version='1' changeset='182694076' lat='10.32946634865' lon='37.75001791779' />
  <node id='13830644371' action='modify' timestamp='2026-05-15T11:40:15Z' uid='22828305' user='eyob-ka' visible='true' version='1' changeset='182694076' lat='10.32952453156' lon='37.75016936012'>
    <tag k='entrance' v='yes' />
  </node>
  <node id='13830644372' action='modify' timestamp='2026-05-15T11:40:15Z' uid='22828305' user='eyob-ka' visible='true' version='1' changeset='182694076' lat='10.33051111619' lon='37.74955404663' />
  <node id='13830644373' action='modify' timestamp='2026-05-15T11:40:15Z' uid='22828305' user='eyob-ka' visible='true' version='1' changeset='182694076' lat='10.33026365459' lon='37.74977038221'>
    <tag k='entrance' v='yes' />
  </node>
  <node id='13830644374' action='modify' timestamp='2026-05-15T11:40:15Z' uid='22828305' user='eyob-ka' visible='true' version='1' changeset='182694076' lat='10.32910134867' lon='37.74675913436' />
  <node id='13830644375' action='modify' timestamp='2026-05-15T11:40:15Z' uid='22828305' user='eyob-ka' visible='true' version='1' changeset='182694076' lat='10.32914977591' lon='37.74676386258' />
  <node id='13830644376' action='modify' timestamp='2026-05-15T11:40:15Z' uid='22828305' user='eyob-ka' visible='true' version='1' changeset='182694076' lat='10.32926002567' lon='37.74676769325' />
  <node id='13830644377' action='modify' timestamp='2026-05-15T11:40:15Z' uid='22828305' user='eyob-ka' visible='true' version='1' changeset='182694076' lat='10.33143062575' lon='37.74733337239' />
  <node id='13830644378' action='modify' timestamp='2026-05-15T11:40:15Z' uid='22828305' user='eyob-ka' visible='true' version='1' changeset='182694076' lat='10.33145974493' lon='37.74731251901'>
    <tag k='entrance' v='yes' />
  </node>
  <node id='13830644379' action='modify' timestamp='2026-05-15T11:40:15Z' uid='22828305' user='eyob-ka' visible='true' version='1' changeset='182694076' lat='10.33157547071' lon='37.74755883681'>
    <tag k='entrance' v='yes' />
  </node>
  <node id='13830644380' action='modify' timestamp='2026-05-15T11:40:15Z' uid='22828305' user='eyob-ka' visible='true' version='1' changeset='182694076' lat='10.3318716741' lon='37.74764972761' />
  <node id='13830644381' action='modify' timestamp='2026-05-15T11:40:15Z' uid='22828305' user='eyob-ka' visible='true' version='1' changeset='182694076' lat='10.33210009669' lon='37.74818521657' />
  <node id='13830644382' timestamp='2026-05-15T11:40:15Z' uid='22828305' user='eyob-ka' visible='true' version='1' changeset='182694076' lat='10.3319866' lon='37.748188' />
  <node id='13830644383' action='modify' timestamp='2026-05-15T11:40:15Z' uid='22828305' user='eyob-ka' visible='true' version='1' changeset='182694076' lat='10.33203807401' lon='37.74810979018'>
    <tag k='entrance' v='yes' />
  </node>
  <node id='13830644384' action='modify' timestamp='2026-05-15T11:40:15Z' uid='22828305' user='eyob-ka' visible='true' version='1' changeset='182694076' lat='10.33155060977' lon='37.74687730982' />
  <node id='13830644385' action='modify' timestamp='2026-05-15T11:40:15Z' uid='22828305' user='eyob-ka' visible='true' version='1' changeset='182694076' lat='10.33153992576' lon='37.74691104663' />
  <node id='13830644386' timestamp='2026-05-15T11:40:15Z' uid='22828305' user='eyob-ka' visible='true' version='1' changeset='182694076' lat='10.3306379' lon='37.7491738' />
  <node id='13830644387' action='modify' timestamp='2026-05-15T11:40:15Z' uid='22828305' user='eyob-ka' visible='true' version='1' changeset='182694076' lat='10.32973858379' lon='37.74956468221' />
  <node id='13830644388' timestamp='2026-05-15T11:40:15Z' uid='22828305' user='eyob-ka' visible='true' version='1' changeset='182694076' lat='10.3296881' lon='37.7495982'>
    <tag k='entrance' v='yes' />
  </node>
  <node id='13830644389' action='modify' timestamp='2026-05-15T11:40:15Z' uid='22828305' user='eyob-ka' visible='true' version='1' changeset='182694076' lat='10.32825938375' lon='37.747925527' />
  <node id='13830644390' action='modify' timestamp='2026-05-15T11:40:15Z' uid='22828305' user='eyob-ka' visible='true' version='1' changeset='182694076' lat='10.32827432563' lon='37.74797556994'>
    <tag k='entrance' v='yes' />
  </node>
  <node id='13830644391' action='modify' timestamp='2026-05-15T11:40:15Z' uid='22828305' user='eyob-ka' visible='true' version='1' changeset='182694076' lat='10.3285080718' lon='37.74827842087' />
  <node id='13830644392' action='modify' timestamp='2026-05-15T11:40:15Z' uid='22828305' user='eyob-ka' visible='true' version='1' changeset='182694076' lat='10.32831311937' lon='37.74833229755' />
  <node id='13830644393' action='modify' timestamp='2026-05-15T11:40:15Z' uid='22828305' user='eyob-ka' visible='true' version='1' changeset='182694076' lat='10.32824513623' lon='37.74835565523' />
  <node id='13830644394' action='modify' timestamp='2026-05-15T11:40:15Z' uid='22828305' user='eyob-ka' visible='true' version='1' changeset='182694076' lat='10.32812078565' lon='37.74838446686' />
  <node id='13830644395' action='modify' timestamp='2026-05-15T11:40:15Z' uid='22828305' user='eyob-ka' visible='true' version='1' changeset='182694076' lat='10.32814667689' lon='37.74865283436' />
  <node id='13830644396' action='modify' timestamp='2026-05-15T11:40:15Z' uid='22828305' user='eyob-ka' visible='true' version='1' changeset='182694076' lat='10.32820468688' lon='37.74864149018' />
  <node id='13830644397' action='modify' timestamp='2026-05-15T11:40:15Z' uid='22828305' user='eyob-ka' visible='true' version='1' changeset='182694076' lat='10.32722663876' lon='37.7465364043' />
  <node id='13830644398' action='modify' timestamp='2026-05-15T11:40:15Z' uid='22828305' user='eyob-ka' visible='true' version='1' changeset='182694076' lat='10.32710213876' lon='37.7468991043' />
  <node id='13830644399' action='modify' timestamp='2026-05-15T11:40:15Z' uid='22828305' user='eyob-ka' visible='true' version='1' changeset='182694076' lat='10.32647173876' lon='37.7466755043' />
  <node id='13830644400' action='modify' timestamp='2026-05-15T11:40:15Z' uid='22828305' user='eyob-ka' visible='true' version='1' changeset='182694076' lat='10.32659643876' lon='37.7463127043' />
  <node id='13830673501' action='modify' timestamp='2026-05-15T11:40:15Z' uid='22828305' user='eyob-ka' visible='true' version='1' changeset='182694076' lat='10.33193642245' lon='37.74895583558' />
  <node id='13830673502' timestamp='2026-05-15T11:40:15Z' uid='22828305' user='eyob-ka' visible='true' version='1' changeset='182694076' lat='10.3320285' lon='37.7487404' />
  <node id='13830673503' action='modify' timestamp='2026-05-15T11:40:15Z' uid='22828305' user='eyob-ka' visible='true' version='1' changeset='182694076' lat='10.33205595155' lon='37.74869821105' />
  <node id='13830673504' action='modify' timestamp='2026-05-15T11:40:15Z' uid='22828305' user='eyob-ka' visible='true' version='1' changeset='182694076' lat='10.33208198696' lon='37.74872240675' />
  <node id='13830673505' action='modify' timestamp='2026-05-15T11:40:15Z' uid='22828305' user='eyob-ka' visible='true' version='1' changeset='182694076' lat='10.33243100656' lon='37.7460681411' />
  <node id='13830673506' action='modify' timestamp='2026-05-15T11:40:15Z' uid='22828305' user='eyob-ka' visible='true' version='1' changeset='182694076' lat='10.33237856457' lon='37.74621070552' />
  <node id='13830673507' action='modify' timestamp='2026-05-15T11:40:15Z' uid='22828305' user='eyob-ka' visible='true' version='1' changeset='182694076' lat='10.32952217432' lon='37.74820813988' />
  <node id='13830673508' action='modify' timestamp='2026-05-15T11:40:15Z' uid='22828305' user='eyob-ka' visible='true' version='1' changeset='182694076' lat='10.32947537432' lon='37.74823163988' />
  <node id='13830673509' action='modify' timestamp='2026-05-15T11:40:15Z' uid='22828305' user='eyob-ka' visible='true' version='1' changeset='182694076' lat='10.32949507432' lon='37.74827213988' />
  <node id='13830673510' action='modify' timestamp='2026-05-15T11:40:15Z' uid='22828305' user='eyob-ka' visible='true' version='1' changeset='182694076' lat='10.32954187432' lon='37.74824863988' />
  <node id='13830673511' action='modify' timestamp='2026-05-15T11:40:15Z' uid='22828305' user='eyob-ka' visible='true' version='1' changeset='182694076' lat='10.32954735495' lon='37.74825389325' />
  <node id='13830673512' action='modify' timestamp='2026-05-15T11:40:15Z' uid='22828305' user='eyob-ka' visible='true' version='1' changeset='182694076' lat='10.32949895495' lon='37.74828019325' />
  <node id='13830673513' action='modify' timestamp='2026-05-15T11:40:15Z' uid='22828305' user='eyob-ka' visible='true' version='1' changeset='182694076' lat='10.32951405495' lon='37.74830879325' />
  <node id='13830673514' action='modify' timestamp='2026-05-15T11:40:15Z' uid='22828305' user='eyob-ka' visible='true' version='1' changeset='182694076' lat='10.32956245495' lon='37.74828249325' />
  <node id='13830673515' action='modify' timestamp='2026-05-15T11:40:15Z' uid='22828305' user='eyob-ka' visible='true' version='1' changeset='182694076' lat='10.32958291306' lon='37.74820418099' />
  <node id='13830673516' action='modify' timestamp='2026-05-15T11:40:15Z' uid='22828305' user='eyob-ka' visible='true' version='1' changeset='182694076' lat='10.32953147432' lon='37.74822723988'>
    <tag k='entrance' v='yes' />
  </node>
  <node id='13830673517' action='modify' timestamp='2026-05-15T11:40:15Z' uid='22828305' user='eyob-ka' visible='true' version='1' changeset='182694076' lat='10.32959521621' lon='37.74824336319' />
  <node id='13830673518' action='modify' timestamp='2026-05-15T11:40:15Z' uid='22828305' user='eyob-ka' visible='true' version='1' changeset='182694076' lat='10.32955325495' lon='37.74826499325'>
    <tag k='entrance' v='yes' />
  </node>
  <node id='13830673519' action='modify' timestamp='2026-05-15T11:40:15Z' uid='22828305' user='eyob-ka' visible='true' version='1' changeset='182694076' lat='10.33049846603' lon='37.74806510369' />
  <node id='13830673520' action='modify' timestamp='2026-05-15T11:40:15Z' uid='22828305' user='eyob-ka' visible='true' version='1' changeset='182694076' lat='10.33068772254' lon='37.74847381657' />
  <node id='13830673521' action='modify' timestamp='2026-05-15T11:40:15Z' uid='22828305' user='eyob-ka' visible='true' version='1' changeset='182694076' lat='10.3306525' lon='37.7484113' />
  <node id='13830673522' action='modify' timestamp='2026-05-15T11:40:15Z' uid='22828305' user='eyob-ka' visible='true' version='1' changeset='182694076' lat='10.33065320712' lon='37.74669370109' />
  <node id='13830673523' action='modify' timestamp='2026-05-15T11:40:15Z' uid='22828305' user='eyob-ka' visible='true' version='1' changeset='182694076' lat='10.33060341583' lon='37.74669563643' />
  <node id='13830673524' action='modify' timestamp='2026-05-15T11:40:15Z' uid='22828305' user='eyob-ka' visible='true' version='1' changeset='182694076' lat='10.3306053608' lon='37.74674733818' />
  <node id='13830673525' action='modify' timestamp='2026-05-15T11:40:15Z' uid='22828305' user='eyob-ka' visible='true' version='1' changeset='182694076' lat='10.33065515209' lon='37.74674540284'>
    <tag k='entrance' v='yes' />
  </node>
  <node id='13830673526' action='modify' timestamp='2026-05-15T11:40:15Z' uid='22828305' user='eyob-ka' visible='true' version='1' changeset='182694076' lat='10.33029072922' lon='37.74683833006' />
  <node id='13830673527' action='modify' timestamp='2026-05-15T11:40:15Z' uid='22828305' user='eyob-ka' visible='true' version='1' changeset='182694076' lat='10.33062958064' lon='37.74675814663' />
  <node id='13830673528' action='modify' timestamp='2026-05-15T11:40:15Z' uid='22828305' user='eyob-ka' visible='true' version='1' changeset='182694076' lat='10.32908340315' lon='37.74568978099' />
  <node id='13830673529' action='modify' timestamp='2026-05-15T11:40:15Z' uid='22828305' user='eyob-ka' visible='true' version='1' changeset='182694076' lat='10.32905270315' lon='37.74567528099' />
  <node id='13830673530' action='modify' timestamp='2026-05-15T11:40:15Z' uid='22828305' user='eyob-ka' visible='true' version='1' changeset='182694076' lat='10.32903650315' lon='37.74571088099' />
  <node id='13830673531' action='modify' timestamp='2026-05-15T11:40:15Z' uid='22828305' user='eyob-ka' visible='true' version='1' changeset='182694076' lat='10.32906710315' lon='37.74572538099' />
  <node id='13830673532' action='modify' timestamp='2026-05-15T11:40:15Z' uid='22828305' user='eyob-ka' visible='true' version='1' changeset='182694076' lat='10.32915095811' lon='37.7457216411' />
  <node id='13830673533' action='modify' timestamp='2026-05-15T11:40:15Z' uid='22828305' user='eyob-ka' visible='true' version='1' changeset='182694076' lat='10.32907210315' lon='37.74570633436'>
    <tag k='entrance' v='yes' />
  </node>
  <node id='13830673534' action='modify' timestamp='2026-05-15T11:40:15Z' uid='22828305' user='eyob-ka' visible='true' version='1' changeset='182694076' lat='10.33038358984' lon='37.75034354785' />
  <node id='13830673535' action='modify' timestamp='2026-05-15T11:40:15Z' uid='22828305' user='eyob-ka' visible='true' version='1' changeset='182694076' lat='10.33032560602' lon='37.75040695337'>
    <tag k='entrance' v='yes' />
  </node>
  <node id='13830673536' action='modify' timestamp='2026-05-15T11:40:15Z' uid='22828305' user='eyob-ka' visible='true' version='1' changeset='182694076' lat='10.32956148738' lon='37.74815711534' />
  <node id='13830676272' action='modify' timestamp='2026-05-15T11:51:48Z' uid='22828305' user='eyob-ka' visible='true' version='1' changeset='182694704' lat='10.32910903245' lon='37.74589000552' />
  <node id='13830676273' action='modify' timestamp='2026-05-15T11:51:48Z' uid='22828305' user='eyob-ka' visible='true' version='1' changeset='182694704' lat='10.3291865937' lon='37.7459163411' />
  <node id='13830676274' timestamp='2026-05-15T11:51:48Z' uid='22828305' user='eyob-ka' visible='true' version='1' changeset='182694704' lat='10.3292144' lon='37.7459102' />
  <node id='13830676275' action='modify' timestamp='2026-05-15T11:51:48Z' uid='22828305' user='eyob-ka' visible='true' version='1' changeset='182694704' lat='10.32957827972' lon='37.74576496454' />
  <node id='13830676276' action='modify' timestamp='2026-05-15T11:51:48Z' uid='22828305' user='eyob-ka' visible='true' version='1' changeset='182694704' lat='10.32966569246' lon='37.7457124493' />
  <node id='13830676277' action='modify' timestamp='2026-05-15T11:51:48Z' uid='22828305' user='eyob-ka' visible='true' version='1' changeset='182694704' lat='10.32958565588' lon='37.74569993594' />
  <node id='13830676278' action='modify' timestamp='2026-05-15T11:51:48Z' uid='22828305' user='eyob-ka' visible='true' version='1' changeset='182694704' lat='10.32988683241' lon='37.74596735767' />
  <node id='13830676279' action='modify' timestamp='2026-05-15T11:51:48Z' uid='22828305' user='eyob-ka' visible='true' version='1' changeset='182694704' lat='10.32960558308' lon='37.74568782072' />
  <node id='13830676280' action='modify' timestamp='2026-05-15T11:51:48Z' uid='22828305' user='eyob-ka' visible='true' version='1' changeset='182694704' lat='10.32964113316' lon='37.74578444438' />
  <node id='13830676281' action='modify' timestamp='2026-05-15T11:51:48Z' uid='22828305' user='eyob-ka' visible='true' version='1' changeset='182694704' lat='10.32961788392' lon='37.74578857081' />
  <node id='13830676282' action='modify' timestamp='2026-05-15T11:51:48Z' uid='22828305' user='eyob-ka' visible='true' version='1' changeset='182694704' lat='10.32962873225' lon='37.74568598314' />
  <node id='13830676283' action='modify' timestamp='2026-05-15T11:51:48Z' uid='22828305' user='eyob-ka' visible='true' version='1' changeset='182694704' lat='10.32965026814' lon='37.74569480703' />
  <node id='13830676284' action='modify' timestamp='2026-05-15T11:51:48Z' uid='22828305' user='eyob-ka' visible='true' version='1' changeset='182694704' lat='10.3296715652' lon='37.74573191716' />
  <node id='13830676285' action='modify' timestamp='2026-05-15T11:51:48Z' uid='22828305' user='eyob-ka' visible='true' version='1' changeset='182694704' lat='10.32966957795' lon='37.74575217925' />
  <node id='13830676286' action='modify' timestamp='2026-05-15T11:51:48Z' uid='22828305' user='eyob-ka' visible='true' version='1' changeset='182694704' lat='10.32959530894' lon='37.74578157426' />
  <node id='13830676287' action='modify' timestamp='2026-05-15T11:51:48Z' uid='22828305' user='eyob-ka' visible='true' version='1' changeset='182694704' lat='10.32957152234' lon='37.74574871955' />
  <node id='13830676288' action='modify' timestamp='2026-05-15T11:51:48Z' uid='22828305' user='eyob-ka' visible='true' version='1' changeset='182694704' lat='10.32957053708' lon='37.74573111058' />
  <node id='13830676289' action='modify' timestamp='2026-05-15T11:51:48Z' uid='22828305' user='eyob-ka' visible='true' version='1' changeset='182694704' lat='10.32957543884' lon='37.74571419156' />
  <node id='13830676290' action='modify' timestamp='2026-05-15T11:51:48Z' uid='22828305' user='eyob-ka' visible='true' version='1' changeset='182694704' lat='10.32966003968' lon='37.74577008543' />
  <node id='13830676291' timestamp='2026-05-15T11:51:48Z' uid='22828305' user='eyob-ka' visible='true' version='1' changeset='182694704' lat='10.3297513' lon='37.7458441' />
  <node id='13830676292' action='modify' timestamp='2026-05-15T11:51:48Z' uid='22828305' user='eyob-ka' visible='true' version='1' changeset='182694704' lat='10.32987959051' lon='37.74585956994' />
  <node id='13830688352' action='modify' timestamp='2026-05-15T11:51:05Z' uid='24127657' user='ErmiyasGirma' visible='true' version='1' changeset='182694584' lat='10.32901969057' lon='37.74361755767'>
    <tag k='entrance' v='yes' />
  </node>
  <node id='13830688353' action='modify' timestamp='2026-05-15T11:51:05Z' uid='24127657' user='ErmiyasGirma' visible='true' version='1' changeset='182694584' lat='10.32922818118' lon='37.74375022362'>
    <tag k='entrance' v='yes' />
  </node>
  <node id='13830688354' action='modify' timestamp='2026-05-15T11:51:05Z' uid='24127657' user='ErmiyasGirma' visible='true' version='1' changeset='182694584' lat='10.32927610158' lon='37.74366128343' />
  <node id='13830688355' action='modify' timestamp='2026-05-15T11:51:05Z' uid='24127657' user='ErmiyasGirma' visible='true' version='1' changeset='182694584' lat='10.32914398112' lon='37.74360335093' />
  <node id='13830688356' timestamp='2026-05-15T11:51:05Z' uid='24127657' user='ErmiyasGirma' visible='true' version='1' changeset='182694584' lat='10.329369' lon='37.7441575' />
  <node id='13830688357' action='delete' timestamp='2026-05-15T11:51:05Z' uid='24127657' user='ErmiyasGirma' visible='true' version='1' changeset='182694584' lat='10.3292245' lon='37.7441121' />
  <node id='13830688358' action='delete' timestamp='2026-05-15T11:51:05Z' uid='24127657' user='ErmiyasGirma' visible='true' version='1' changeset='182694584' lat='10.32917090315' lon='37.74431468773'>
    <tag k='entrance' v='yes' />
  </node>
  <node id='13830688359' action='modify' timestamp='2026-05-15T11:51:05Z' uid='24127657' user='ErmiyasGirma' visible='true' version='1' changeset='182694584' lat='10.32899974503' lon='37.74509352209' />
  <node id='13830688360' action='modify' timestamp='2026-05-15T11:51:05Z' uid='24127657' user='ErmiyasGirma' visible='true' version='1' changeset='182694584' lat='10.32910338741' lon='37.74491490552'>
    <tag k='entrance' v='yes' />
  </node>
  <node id='13830688361' action='modify' timestamp='2026-05-15T11:51:05Z' uid='24127657' user='ErmiyasGirma' visible='true' version='1' changeset='182694584' lat='10.32869004188' lon='37.74561723436' />
  <node id='13830688362' action='modify' timestamp='2026-05-15T11:51:05Z' uid='24127657' user='ErmiyasGirma' visible='true' version='1' changeset='182694584' lat='10.32863344188' lon='37.74560783436' />
  <node id='13830688363' action='modify' timestamp='2026-05-15T11:51:05Z' uid='24127657' user='ErmiyasGirma' visible='true' version='1' changeset='182694584' lat='10.32862514188' lon='37.74565853436' />
  <node id='13830688364' action='modify' timestamp='2026-05-15T11:51:05Z' uid='24127657' user='ErmiyasGirma' visible='true' version='1' changeset='182694584' lat='10.32868174188' lon='37.74566803436' />
  <node id='13830688365' action='modify' timestamp='2026-05-15T11:51:05Z' uid='24127657' user='ErmiyasGirma' visible='true' version='1' changeset='182694584' lat='10.32875257749' lon='37.74544672331'>
    <tag k='entrance' v='main' />
  </node>
  <node id='13830688366' action='modify' timestamp='2026-05-15T11:51:05Z' uid='24127657' user='ErmiyasGirma' visible='true' version='1' changeset='182694584' lat='10.32876121309' lon='37.74555499448' />
  <node id='13830688367' action='modify' timestamp='2026-05-15T11:51:05Z' uid='24127657' user='ErmiyasGirma' visible='true' version='1' changeset='182694584' lat='10.32874825184' lon='37.74571136442' />
  <node id='13830688368' action='modify' timestamp='2026-05-15T11:51:05Z' uid='24127657' user='ErmiyasGirma' visible='true' version='1' changeset='182694584' lat='10.32941266441' lon='37.74471583314' />
  <node id='13830688369' action='modify' timestamp='2026-05-15T11:51:05Z' uid='24127657' user='ErmiyasGirma' visible='true' version='1' changeset='182694584' lat='10.32941687117' lon='37.74480932884'>
    <tag k='entrance' v='yes' />
  </node>
  <node id='13830688370' action='modify' timestamp='2026-05-15T11:51:05Z' uid='24127657' user='ErmiyasGirma' visible='true' version='1' changeset='182694584' lat='10.32952729369' lon='37.74458941657'>
    <tag k='entrance' v='yes' />
  </node>
  <node id='13830688371' action='modify' timestamp='2026-05-15T11:51:05Z' uid='24127657' user='ErmiyasGirma' visible='true' version='1' changeset='182694584' lat='10.32902590314' lon='37.74436998773'>
    <tag k='entrance' v='yes' />
  </node>
  <node id='13830688372' action='modify' timestamp='2026-05-15T11:51:05Z' uid='24127657' user='ErmiyasGirma' visible='true' version='1' changeset='182694584' lat='10.3290235356' lon='37.74445338773' />
  <node id='13830688373' action='delete' timestamp='2026-05-15T11:51:05Z' uid='24127657' user='ErmiyasGirma' visible='true' version='1' changeset='182694584' lat='10.33100008382' lon='37.7453161043' />
  <node id='13830688374' action='delete' timestamp='2026-05-15T11:51:05Z' uid='24127657' user='ErmiyasGirma' visible='true' version='1' changeset='182694584' lat='10.33084772627' lon='37.74528163375' />
  <node id='13830688375' action='delete' timestamp='2026-05-15T11:51:05Z' uid='24127657' user='ErmiyasGirma' visible='true' version='1' changeset='182694584' lat='10.33079698914' lon='37.7454509411' />
  <node id='13830688376' action='delete' timestamp='2026-05-15T11:51:05Z' uid='24127657' user='ErmiyasGirma' visible='true' version='1' changeset='182694584' lat='10.33079080159' lon='37.74551315828'>
    <tag k='entrance' v='yes' />
  </node>
  <node id='13830688377' action='delete' timestamp='2026-05-15T11:51:05Z' uid='24127657' user='ErmiyasGirma' visible='true' version='1' changeset='182694584' lat='10.33077374724' lon='37.74559666749' />
  <node id='13830688378' action='delete' timestamp='2026-05-15T11:51:05Z' uid='24127657' user='ErmiyasGirma' visible='true' version='1' changeset='182694584' lat='10.33073749392' lon='37.74569886258' />
  <node id='13830688379' action='modify' timestamp='2026-05-15T11:51:05Z' uid='24127657' user='ErmiyasGirma' visible='true' version='1' changeset='182694584' lat='10.33068895361' lon='37.74569346872' />
  <node id='13830688380' action='modify' timestamp='2026-05-15T11:51:05Z' uid='24127657' user='ErmiyasGirma' visible='true' version='1' changeset='182694584' lat='10.32875337278' lon='37.74564804663' />
  <node id='13830688381' action='modify' timestamp='2026-05-15T11:51:05Z' uid='24127657' user='ErmiyasGirma' visible='true' version='1' changeset='182694584' lat='10.32868484188' lon='37.74564903436' />
  <node id='13830688382' action='modify' timestamp='2026-05-15T11:51:05Z' uid='24127657' user='ErmiyasGirma' visible='true' version='1' changeset='182694584' lat='10.32842204583' lon='37.74575114116' />
  <node id='13830688383' action='modify' timestamp='2026-05-15T11:51:05Z' uid='24127657' user='ErmiyasGirma' visible='true' version='1' changeset='182694584' lat='10.32845239142' lon='37.74587854609' />
  <node id='13830688384' action='modify' timestamp='2026-05-15T11:51:05Z' uid='24127657' user='ErmiyasGirma' visible='true' version='1' changeset='182694584' lat='10.32838774212' lon='37.74588525161' />
  <node id='13830688385' action='modify' timestamp='2026-05-15T11:51:05Z' uid='24127657' user='ErmiyasGirma' visible='true' version='1' changeset='182694584' lat='10.32839038086' lon='37.74575248227' />
  <node id='13830688386' action='modify' timestamp='2026-05-15T11:51:05Z' uid='24127657' user='ErmiyasGirma' visible='true' version='1' changeset='182694584' lat='10.3284955906' lon='37.74564949325' />
  <node id='13830688387' action='modify' timestamp='2026-05-15T11:51:05Z' uid='24127657' user='ErmiyasGirma' visible='true' version='1' changeset='182694584' lat='10.32848034245' lon='37.74571491472' />
  <node id='13830688388' action='modify' timestamp='2026-05-15T11:51:05Z' uid='24127657' user='ErmiyasGirma' visible='true' version='1' changeset='182694584' lat='10.32845766891' lon='37.74575516447' />
  <node id='13830698556' timestamp='2026-05-15T12:08:07Z' uid='24127657' user='ErmiyasGirma' visible='true' version='1' changeset='182695394' lat='10.3326887' lon='37.7420384' />
  <node id='13830698557' timestamp='2026-05-15T12:08:07Z' uid='24127657' user='ErmiyasGirma' visible='true' version='1' changeset='182695394' lat='10.3328499' lon='37.7417599' />
  <node id='13830698558' timestamp='2026-05-15T12:08:07Z' uid='24127657' user='ErmiyasGirma' visible='true' version='1' changeset='182695394' lat='10.3326167' lon='37.741153' />
  <node id='13830698559' action='modify' timestamp='2026-05-15T12:08:07Z' uid='24127657' user='ErmiyasGirma' visible='true' version='1' changeset='182695394' lat='10.33230645494' lon='37.74272166749' />
  <node id='13830698560' action='modify' timestamp='2026-05-15T12:08:07Z' uid='24127657' user='ErmiyasGirma' visible='true' version='1' changeset='182695394' lat='10.33232565493' lon='37.74273136749' />
  <node id='13830698561' action='modify' timestamp='2026-05-15T12:08:07Z' uid='24127657' user='ErmiyasGirma' visible='true' version='1' changeset='182695394' lat='10.33231125494' lon='37.74276716749' />
  <node id='13830698562' action='modify' timestamp='2026-05-15T12:08:07Z' uid='24127657' user='ErmiyasGirma' visible='true' version='1' changeset='182695394' lat='10.33229045494' lon='37.74275736749' />
  <node id='13830698563' action='modify' timestamp='2026-05-15T12:08:07Z' uid='24127657' user='ErmiyasGirma' visible='true' version='1' changeset='182695394' lat='10.33226919357' lon='37.74284484603' />
  <node id='13830698564' action='modify' timestamp='2026-05-15T12:08:07Z' uid='24127657' user='ErmiyasGirma' visible='true' version='1' changeset='182695394' lat='10.33224739358' lon='37.74283504603' />
  <node id='13830698565' action='modify' timestamp='2026-05-15T12:08:07Z' uid='24127657' user='ErmiyasGirma' visible='true' version='1' changeset='182695394' lat='10.33222519358' lon='37.74288624603' />
  <node id='13830698566' action='modify' timestamp='2026-05-15T12:08:07Z' uid='24127657' user='ErmiyasGirma' visible='true' version='1' changeset='182695394' lat='10.33224689358' lon='37.74289604603' />
  <node id='13830698567' timestamp='2026-05-15T12:08:07Z' uid='24127657' user='ErmiyasGirma' visible='true' version='1' changeset='182695394' lat='10.3336976' lon='37.7466089' />
  <node id='13830698568' timestamp='2026-05-15T12:08:07Z' uid='24127657' user='ErmiyasGirma' visible='true' version='1' changeset='182695394' lat='10.3335444' lon='37.7460012'>
    <tag k='man_made' v='ceremonial_gate' />
  </node>
  <node id='13830698569' timestamp='2026-05-15T12:08:07Z' uid='24127657' user='ErmiyasGirma' visible='true' version='1' changeset='182695394' lat='10.3323717' lon='37.7424545'>
    <tag k='man_made' v='ceremonial_gate' />
  </node>
  <node id='13830698570' action='modify' timestamp='2026-05-15T12:08:07Z' uid='24127657' user='ErmiyasGirma' visible='true' version='1' changeset='182695394' lat='10.32998374228' lon='37.74549193927' />
  <node id='13830698571' action='modify' timestamp='2026-05-15T12:08:07Z' uid='24127657' user='ErmiyasGirma' visible='true' version='1' changeset='182695394' lat='10.32986764229' lon='37.74547103927' />
  <node id='13830698572' action='modify' timestamp='2026-05-15T12:08:07Z' uid='24127657' user='ErmiyasGirma' visible='true' version='1' changeset='182695394' lat='10.32985894229' lon='37.74552073927' />
  <node id='13830698573' action='modify' timestamp='2026-05-15T12:08:07Z' uid='24127657' user='ErmiyasGirma' visible='true' version='1' changeset='182695394' lat='10.32997514228' lon='37.74554163927' />
  <node id='13831016950' action='modify' timestamp='2026-05-15T15:21:21Z' uid='22828305' user='eyob-ka' visible='true' version='1' changeset='182704395' lat='10.32950015855' lon='37.74505076749' />
  <node id='13831016951' action='modify' timestamp='2026-05-15T15:21:21Z' uid='22828305' user='eyob-ka' visible='true' version='1' changeset='182704395' lat='10.32945905856' lon='37.74510806749' />
  <node id='13831016952' action='modify' timestamp='2026-05-15T15:21:21Z' uid='22828305' user='eyob-ka' visible='true' version='1' changeset='182704395' lat='10.32947585855' lon='37.74512906749' />
  <node id='13831016953' action='modify' timestamp='2026-05-15T15:21:21Z' uid='22828305' user='eyob-ka' visible='true' version='1' changeset='182704395' lat='10.32951755855' lon='37.74507116749' />
  <way id='-6025' action='modify' visible='true'>
    <nd ref='-27778' />
    <nd ref='-27787' />
    <tag k='highway' v='footway' />
  </way>
  <way id='-6228' action='modify' visible='true'>
    <nd ref='-27876' />
    <nd ref='-27877' />
    <nd ref='-27878' />
    <nd ref='-27879' />
    <nd ref='-27880' />
    <nd ref='-27881' />
    <nd ref='-27882' />
    <nd ref='-27883' />
    <nd ref='-27884' />
    <nd ref='-27885' />
    <nd ref='-27886' />
    <nd ref='-27887' />
    <nd ref='-27888' />
    <nd ref='-27889' />
    <nd ref='-27890' />
    <nd ref='-27891' />
    <nd ref='-27892' />
    <nd ref='-27893' />
    <nd ref='-27894' />
    <nd ref='-27895' />
    <nd ref='-27896' />
    <nd ref='-27897' />
    <nd ref='-27898' />
    <nd ref='-27899' />
    <nd ref='13830688355' />
    <tag k='highway' v='footway' />
  </way>
  <way id='-6310' action='modify' visible='true'>
    <nd ref='-27926' />
    <nd ref='-27927' />
    <nd ref='13830631221' />
    <nd ref='-31420' />
    <nd ref='-31393' />
    <nd ref='-31406' />
    <nd ref='-28121' />
    <nd ref='-28122' />
    <nd ref='-28123' />
    <nd ref='-28124' />
    <nd ref='-28125' />
    <nd ref='-28126' />
    <nd ref='13830631223' />
    <tag k='highway' v='footway' />
  </way>
  <way id='-6859' action='modify' visible='true'>
    <nd ref='-28196' />
    <nd ref='13830688355' />
    <nd ref='-28197' />
    <nd ref='13830688352' />
    <tag k='highway' v='footway' />
  </way>
  <way id='-6931' action='modify' visible='true'>
    <nd ref='-28259' />
    <nd ref='-28260' />
    <nd ref='-28261' />
    <nd ref='-28262' />
    <nd ref='-28263' />
    <nd ref='-28264' />
    <nd ref='13828456859' />
    <tag k='highway' v='footway' />
  </way>
  <way id='-6953' action='modify' visible='true'>
    <nd ref='13828187052' />
    <nd ref='-28274' />
    <nd ref='-28275' />
    <nd ref='-28276' />
    <nd ref='-28277' />
    <nd ref='-28278' />
    <nd ref='-28279' />
    <nd ref='-28280' />
    <nd ref='-28281' />
    <nd ref='-28282' />
    <nd ref='13830676277' />
    <tag k='highway' v='footway' />
  </way>
  <way id='-6980' action='modify' visible='true'>
    <nd ref='-28301' />
    <nd ref='-28279' />
    <nd ref='-28295' />
    <tag k='highway' v='footway' />
  </way>
  <way id='-10469' action='modify' visible='true'>
    <nd ref='-29784' />
    <nd ref='-29785' />
    <nd ref='-29786' />
    <nd ref='-29788' />
    <tag k='highway' v='footway' />
  </way>
  <way id='-12644' action='modify' visible='true'>
    <nd ref='13828425170' />
    <nd ref='-30490' />
    <tag k='highway' v='footway' />
  </way>
  <way id='-12842' action='modify' visible='true'>
    <nd ref='-30627' />
    <nd ref='-30628' />
  </way>
  <way id='-12973' action='modify' visible='true'>
    <nd ref='13830609061' />
    <nd ref='-30714' />
    <nd ref='-30715' />
    <nd ref='-30716' />
    <nd ref='-30717' />
    <tag k='highway' v='footway' />
  </way>
  <way id='-12979' action='modify' visible='true'>
    <nd ref='-30716' />
    <nd ref='-30718' />
    <nd ref='-30719' />
    <nd ref='-30720' />
    <nd ref='7991406454' />
    <tag k='highway' v='footway' />
  </way>
  <way id='-13036' action='modify' visible='true'>
    <nd ref='9234833070' />
    <nd ref='-30753' />
    <tag k='highway' v='footway' />
  </way>
  <way id='-13321' action='modify' visible='true'>
    <nd ref='3854973201' />
    <nd ref='-30970' />
    <nd ref='-30971' />
    <nd ref='-30972' />
    <nd ref='-30973' />
    <nd ref='-30974' />
    <nd ref='-30975' />
    <nd ref='-30976' />
    <nd ref='-30977' />
  </way>
  <way id='-13410' action='modify' visible='true'>
    <nd ref='-31050' />
    <nd ref='-31051' />
    <nd ref='-31052' />
    <nd ref='-31053' />
  </way>
  <way id='-13564' action='modify' visible='true'>
    <nd ref='-31206' />
    <nd ref='-31207' />
    <nd ref='-31208' />
    <nd ref='-31209' />
    <nd ref='-31210' />
    <tag k='highway' v='footway' />
  </way>
  <way id='-13585' action='modify' visible='true'>
    <nd ref='-31217' />
    <nd ref='-31218' />
    <nd ref='-31219' />
    <nd ref='-31220' />
    <nd ref='-31221' />
    <nd ref='-31222' />
    <nd ref='-31223' />
    <nd ref='-31224' />
    <nd ref='-31225' />
    <nd ref='-31209' />
    <tag k='highway' v='footway' />
  </way>
  <way id='-13619' action='modify' visible='true'>
    <nd ref='13828391224' />
    <nd ref='-31240' />
    <tag k='highway' v='footway' />
  </way>
  <way id='-13637' action='modify' visible='true'>
    <nd ref='-27180' />
    <nd ref='-31247' />
    <nd ref='-31248' />
    <nd ref='-31249' />
    <nd ref='-31250' />
    <nd ref='-31251' />
    <tag k='highway' v='footway' />
  </way>
  <way id='-14321' action='modify' visible='true'>
    <nd ref='-31772' />
    <nd ref='-31773' />
    <tag k='highway' v='footway' />
  </way>
  <way id='-14397' action='modify' visible='true'>
    <nd ref='13830609057' />
    <nd ref='-31846' />
    <tag k='highway' v='footway' />
  </way>
  <way id='-14514' action='modify' visible='true'>
    <nd ref='-31965' />
    <nd ref='-30047' />
    <nd ref='3854973243' />
    <tag k='highway' v='footway' />
  </way>
  <way id='-14584' action='modify' visible='true'>
    <nd ref='-27514' />
    <nd ref='-32009' />
    <tag k='highway' v='footway' />
  </way>
  <way id='-14622' action='modify' visible='true'>
    <nd ref='-32039' />
    <nd ref='13828391221' />
  </way>
  <way id='-14684' action='modify' visible='true'>
    <nd ref='-27628' />
    <nd ref='-32101' />
    <tag k='highway' v='footway' />
  </way>
  <way id='-14732' action='modify' visible='true'>
    <nd ref='-27476' />
    <nd ref='13830200439' />
    <tag k='highway' v='footway' />
  </way>
  <way id='-15154' action='modify' visible='true'>
    <nd ref='-32281' />
    <nd ref='13830673519' />
    <tag k='highway' v='footway' />
  </way>
  <way id='-15329' action='modify' visible='true'>
    <nd ref='13828531070' />
    <nd ref='-32340' />
    <nd ref='-32341' />
    <nd ref='-32342' />
    <nd ref='13830200432' />
    <tag k='highway' v='footway' />
  </way>
  <way id='-15366' action='modify' visible='true'>
    <nd ref='-32185' />
    <nd ref='-28619' />
    <nd ref='-28620' />
    <tag k='highway' v='service' />
  </way>
  <way id='-15514' action='modify' visible='true'>
    <nd ref='-32378' />
    <nd ref='13828187016' />
  </way>
  <way id='-16139' action='modify' visible='true'>
    <nd ref='-32612' />
    <nd ref='-32613' />
    <tag k='highway' v='footway' />
  </way>
  <way id='-16423' action='modify' visible='true'>
    <nd ref='13830589960' />
    <nd ref='-32679' />
    <tag k='highway' v='footway' />
  </way>
  <way id='-17245' action='modify' visible='true'>
    <nd ref='13828419399' />
    <nd ref='-32901' />
    <nd ref='-32900' />
    <nd ref='-32899' />
    <nd ref='-32891' />
    <nd ref='-32892' />
    <nd ref='-32893' />
    <nd ref='-32894' />
    <nd ref='4659664826' />
    <tag k='highway' v='footway' />
  </way>
  <way id='-17249' action='modify' visible='true'>
    <nd ref='-32892' />
    <nd ref='-32895' />
    <nd ref='13828425104' />
    <tag k='highway' v='footway' />
  </way>
  <way id='-17745' action='modify' visible='true'>
    <nd ref='-28824' />
    <nd ref='-33015' />
  </way>
  <way id='-17868' action='modify' visible='true'>
    <nd ref='13830589952' />
    <nd ref='-33088' />
    <tag k='highway' v='footway' />
  </way>
  <way id='27185901' timestamp='2025-08-22T21:05:58Z' uid='1779832' user='Ukundji' visible='true' version='14' changeset='170852354'>
    <nd ref='10154684592' />
    <nd ref='13090681637' />
    <nd ref='13090681636' />
    <nd ref='13090681635' />
    <nd ref='10154684593' />
    <nd ref='10154684594' />
    <nd ref='10154684591' />
    <nd ref='2543049266' />
    <nd ref='2543049268' />
    <nd ref='10154684590' />
    <nd ref='1767235646' />
    <nd ref='10154684589' />
    <nd ref='298296350' />
    <nd ref='3931558426' />
    <nd ref='10154684584' />
    <nd ref='10154684585' />
    <nd ref='10154684587' />
    <nd ref='10154684588' />
    <nd ref='10154684586' />
    <nd ref='9881966891' />
    <nd ref='9881966892' />
    <nd ref='9881966893' />
    <nd ref='9881966916' />
    <nd ref='9882031317' />
    <nd ref='9881966915' />
    <nd ref='9882031318' />
    <nd ref='9881966894' />
    <nd ref='9881966895' />
    <nd ref='9881966896' />
    <nd ref='9881966914' />
    <nd ref='9881966913' />
    <nd ref='9881966912' />
    <nd ref='9881966911' />
    <nd ref='9881966909' />
    <nd ref='9881966910' />
    <nd ref='9881966908' />
    <nd ref='9881966907' />
    <nd ref='298296352' />
    <nd ref='9881966903' />
    <nd ref='9881966906' />
    <nd ref='9881966905' />
    <nd ref='9881966904' />
    <nd ref='9881966898' />
    <nd ref='9881966899' />
    <nd ref='3931558427' />
    <nd ref='3931558424' />
    <nd ref='3931558425' />
    <nd ref='298296362' />
    <nd ref='3931558423' />
    <nd ref='10060881078' />
    <nd ref='10060881077' />
    <nd ref='10060881076' />
    <nd ref='10060881075' />
    <nd ref='10060881074' />
    <nd ref='10060881019' />
    <nd ref='10060881018' />
    <nd ref='298296353' />
    <nd ref='10060881017' />
    <nd ref='9008075411' />
    <nd ref='298296354' />
    <nd ref='10060872416' />
    <nd ref='10060872415' />
    <nd ref='298296355' />
    <nd ref='10060872414' />
    <nd ref='10060872413' />
    <nd ref='1904547860' />
    <nd ref='10154727744' />
    <nd ref='10154727745' />
    <nd ref='10154727747' />
    <nd ref='10154727753' />
    <nd ref='10154727750' />
    <nd ref='10154727751' />
    <nd ref='10154727752' />
    <nd ref='10154727749' />
    <nd ref='10154727748' />
    <nd ref='10154727746' />
    <nd ref='10154727743' />
    <nd ref='10154727742' />
    <nd ref='10060872352' />
    <nd ref='10060872351' />
    <nd ref='10060872350' />
    <nd ref='10060872344' />
    <nd ref='10060872343' />
    <nd ref='10060872342' />
    <nd ref='10060872356' />
    <nd ref='10060872355' />
    <nd ref='10060872353' />
    <nd ref='9883882572' />
    <nd ref='9883882571' />
    <nd ref='9883882570' />
    <nd ref='9883882569' />
    <nd ref='9883887023' />
    <nd ref='9883882568' />
    <nd ref='298296356' />
    <nd ref='10154727737' />
    <nd ref='10154727739' />
    <nd ref='10154727740' />
    <nd ref='10154727741' />
    <nd ref='10154727738' />
    <nd ref='10154727732' />
    <nd ref='10154727733' />
    <nd ref='10154727734' />
    <nd ref='10154727735' />
    <nd ref='10154727736' />
    <nd ref='1904547831' />
    <nd ref='10154727731' />
    <nd ref='10154727726' />
    <nd ref='10154727730' />
    <nd ref='10154727729' />
    <nd ref='10154727728' />
    <nd ref='10154727727' />
    <nd ref='10154727725' />
    <nd ref='10154727724' />
    <nd ref='298296357' />
    <nd ref='10154727723' />
    <nd ref='10154727722' />
    <nd ref='10154727721' />
    <nd ref='10154727717' />
    <nd ref='10154727718' />
    <nd ref='10154727720' />
    <nd ref='10154727719' />
    <nd ref='10154684616' />
    <nd ref='10154684615' />
    <nd ref='298296358' />
    <nd ref='10154684614' />
    <nd ref='10154684613' />
    <nd ref='1767235577' />
    <nd ref='10154684612' />
    <nd ref='10154684611' />
    <nd ref='298296347' />
    <nd ref='298296361' />
    <nd ref='298296348' />
    <nd ref='10154684610' />
    <nd ref='10154684609' />
    <nd ref='1767235591' />
    <nd ref='10154684608' />
    <nd ref='10154684607' />
    <nd ref='1298134159' />
    <nd ref='10154684606' />
    <nd ref='13090681629' />
    <nd ref='13090681630' />
    <nd ref='10154684605' />
    <nd ref='10154684604' />
    <nd ref='1298134008' />
    <nd ref='10154684603' />
    <nd ref='13090681631' />
    <nd ref='13090681632' />
    <nd ref='13090681633' />
    <nd ref='13090681634' />
    <nd ref='10154684592' />
    <tag k='alt_name:ar' v='ديبري ماركوس' />
    <tag k='fixme' v='inaccurated because of cloud coverage' />
    <tag k='landuse' v='residential' />
    <tag k='name:ar' v='دبري ماركوس' />
  </way>
  <way id='164510576' timestamp='2021-08-19T12:21:19Z' uid='11250405' user='Tesfahun Tenagne' visible='true' version='9' changeset='109931768'>
    <nd ref='3854973316' />
    <nd ref='3854973318' />
    <nd ref='3854973321' />
    <nd ref='3854973323' />
    <nd ref='2756014848' />
    <nd ref='2756014873' />
    <nd ref='2756014896' />
    <nd ref='7984394201' />
    <nd ref='2756014928' />
    <nd ref='2756014947' />
    <nd ref='2756014963' />
    <nd ref='7991532082' />
    <nd ref='8025162681' />
    <nd ref='7991539923' />
    <nd ref='2756014972' />
    <nd ref='2756014974' />
    <nd ref='9008100745' />
    <nd ref='1761392898' />
    <nd ref='2543049436' />
    <nd ref='1761392852' />
    <nd ref='4659657907' />
    <nd ref='1767235586' />
    <tag k='highway' v='residential' />
  </way>
  <way id='270579506' timestamp='2026-05-15T10:05:04Z' uid='22828305' user='eyob-ka' visible='true' version='16' changeset='182689864'>
    <nd ref='2756014951' />
    <nd ref='2756014945' />
    <nd ref='2756014943' />
    <nd ref='4095697599' />
    <nd ref='9019971389' />
    <nd ref='2756014892' />
    <nd ref='7985414139' />
    <nd ref='2756014887' />
    <nd ref='2756014864' />
    <nd ref='8307212390' />
    <nd ref='8176453464' />
    <nd ref='2756014836' />
    <nd ref='2756014771' />
    <nd ref='3854973315' />
    <nd ref='2756014758' />
    <nd ref='3854973310' />
    <nd ref='7991406446' />
    <nd ref='3854973304' />
    <nd ref='8016009466' />
    <nd ref='3854973299' />
    <nd ref='7984313097' />
    <nd ref='7991406447' />
    <nd ref='3854973292' />
    <nd ref='3854973281' />
    <nd ref='3854973279' />
    <nd ref='13830491290' />
    <nd ref='3854973276' />
    <nd ref='4659664892' />
    <nd ref='3854973277' />
    <nd ref='4659664891' />
    <nd ref='3854973280' />
    <nd ref='9019482031' />
    <nd ref='3854973285' />
    <nd ref='4659664890' />
    <nd ref='9019482032' />
    <nd ref='8015684552' />
    <nd ref='3854973296' />
    <nd ref='8015684553' />
    <nd ref='3854973298' />
    <nd ref='3854973301' />
    <nd ref='3854973307' />
    <nd ref='3854973311' />
    <tag k='highway' v='unclassified' />
  </way>
  <way id='270579537' timestamp='2025-08-25T21:50:38Z' uid='1779832' user='Ukundji' visible='true' version='7' changeset='170999127'>
    <nd ref='10060872349' />
    <nd ref='10060872348' />
    <nd ref='7984313163' />
    <nd ref='7984313162' />
    <nd ref='7984313176' />
    <nd ref='7984313161' />
    <nd ref='7984313160' />
    <nd ref='7984313159' />
    <nd ref='7984313158' />
    <nd ref='7984313157' />
    <nd ref='7984313156' />
    <nd ref='9014334069' />
    <nd ref='7984313155' />
    <nd ref='7984313154' />
    <nd ref='7984313186' />
    <nd ref='7984313151' />
    <nd ref='7984313150' />
    <nd ref='7984313149' />
    <nd ref='7984313240' />
    <nd ref='13097231862' />
    <nd ref='13097231863' />
    <tag k='highway' v='residential' />
  </way>
  <way id='270579541' timestamp='2021-08-17T14:08:29Z' uid='11250405' user='Tesfahun Tenagne' visible='true' version='5' changeset='109815631'>
    <nd ref='9010533938' />
    <nd ref='7984313230' />
    <nd ref='2756014585' />
    <nd ref='2756014586' />
    <nd ref='2756014587' />
    <nd ref='3854973155' />
    <nd ref='3854973156' />
    <tag k='highway' v='residential' />
  </way>
  <way id='270579573' timestamp='2021-08-16T15:20:18Z' uid='11250405' user='Tesfahun Tenagne' visible='true' version='11' changeset='109757909'>
    <nd ref='2543049431' />
    <nd ref='595140041' />
    <nd ref='2543049432' />
    <nd ref='2543049433' />
    <nd ref='1298133656' />
    <nd ref='2756015019' />
    <nd ref='7991539927' />
    <nd ref='7991539889' />
    <nd ref='2756014997' />
    <nd ref='7984394214' />
    <nd ref='2756014982' />
    <nd ref='2756014978' />
    <nd ref='2756014971' />
    <nd ref='7984394206' />
    <nd ref='2756014958' />
    <nd ref='7984420043' />
    <nd ref='7984420040' />
    <nd ref='7984313087' />
    <nd ref='7984292579' />
    <nd ref='7984437394' />
    <nd ref='7984313088' />
    <nd ref='9008075410' />
    <nd ref='3854973335' />
    <tag k='highway' v='residential' />
  </way>
  <way id='270579575' timestamp='2025-08-25T21:50:38Z' uid='1779832' user='Ukundji' visible='true' version='13' changeset='170999127'>
    <nd ref='7984313148' />
    <nd ref='7984313147' />
    <nd ref='7984313146' />
    <nd ref='7984313145' />
    <nd ref='7984313144' />
    <nd ref='7984313143' />
    <nd ref='7984313142' />
    <nd ref='7984313141' />
    <nd ref='7984313140' />
    <nd ref='7984313139' />
    <nd ref='7984313138' />
    <nd ref='7984313137' />
    <nd ref='7984313136' />
    <nd ref='7984313135' />
    <nd ref='7984313134' />
    <nd ref='7984313133' />
    <nd ref='7984313132' />
    <nd ref='7984313131' />
    <nd ref='7984313130' />
    <nd ref='7984313129' />
    <nd ref='7984313128' />
    <nd ref='8016009478' />
    <nd ref='7984313125' />
    <nd ref='13097231868' />
    <tag k='highway' v='residential' />
  </way>
  <way id='382305526' timestamp='2021-01-15T18:57:50Z' uid='11250405' user='Tesfahun Tenagne' visible='true' version='3' changeset='97578650'>
    <nd ref='3854973368' />
    <nd ref='3854973365' />
    <nd ref='3854973363' />
    <nd ref='3854973349' />
    <nd ref='8325530044' />
    <nd ref='8325530045' />
    <nd ref='8325530043' />
    <nd ref='3854973338' />
    <nd ref='8325530042' />
    <nd ref='8325530041' />
    <nd ref='8325530040' />
    <nd ref='3854973336' />
    <nd ref='8325530039' />
    <nd ref='8325530037' />
    <nd ref='8325530038' />
    <nd ref='3854973334' />
    <nd ref='8325530036' />
    <nd ref='8325530035' />
    <nd ref='3854973333' />
    <nd ref='8325530034' />
    <nd ref='8325530032' />
    <nd ref='8325530033' />
    <nd ref='8325530030' />
    <nd ref='8325530031' />
    <nd ref='8325530029' />
    <nd ref='3854973331' />
    <nd ref='8325530028' />
    <nd ref='3854973330' />
    <nd ref='3854973328' />
    <nd ref='8325530027' />
    <nd ref='8325530026' />
    <nd ref='8325530025' />
    <nd ref='3854973324' />
    <nd ref='8325530023' />
    <nd ref='8325530024' />
    <nd ref='8325530021' />
    <nd ref='8325530022' />
    <nd ref='3854973319' />
    <nd ref='3854973314' />
    <nd ref='7984313123' />
    <nd ref='8325530020' />
    <nd ref='3854973311' />
    <tag k='highway' v='unclassified' />
  </way>
  <way id='382305531' action='modify' timestamp='2026-05-15T11:51:05Z' uid='24127657' user='ErmiyasGirma' visible='true' version='13' changeset='182694584'>
    <nd ref='3854973270' />
    <nd ref='7991406448' />
    <nd ref='13830609083' />
    <nd ref='9019482030' />
    <nd ref='3854973272' />
    <nd ref='13828456886' />
    <nd ref='7991406449' />
    <nd ref='3854973268' />
    <nd ref='9019482029' />
    <nd ref='7991406450' />
    <nd ref='3854973265' />
    <nd ref='-31133' />
    <nd ref='13828187015' />
    <nd ref='3854973261' />
    <nd ref='3854973255' />
    <nd ref='3854973253' />
    <nd ref='13828187029' />
    <nd ref='-30791' />
    <nd ref='3854973251' />
    <nd ref='3854973250' />
    <nd ref='13830609081' />
    <nd ref='3854973245' />
    <nd ref='13828187047' />
    <nd ref='13828391239' />
    <nd ref='3854973243' />
    <nd ref='13830688379' />
    <nd ref='13828187016' />
    <nd ref='-28594' />
    <nd ref='3854973242' />
    <nd ref='-28619' />
    <nd ref='3854973240' />
    <nd ref='9234833071' />
    <nd ref='9234833072' />
    <nd ref='13830589953' />
    <nd ref='3854973244' />
    <nd ref='13830589985' />
    <nd ref='13828425124' />
    <nd ref='9234833065' />
    <nd ref='13830589955' />
    <nd ref='3854973256' />
    <nd ref='3854973264' />
    <nd ref='7991406482' />
    <nd ref='-31535' />
    <nd ref='7991406483' />
    <nd ref='7991406484' />
    <tag k='highway' v='service' />
  </way>
  <way id='382305543' action='modify' timestamp='2026-05-15T11:12:17Z' uid='24127657' user='ErmiyasGirma' visible='true' version='7' changeset='182692839'>
    <nd ref='3854973238' />
    <nd ref='-31162' />
    <nd ref='13830631202' />
    <nd ref='9234833075' />
    <nd ref='-27805' />
    <nd ref='-27787' />
    <nd ref='9234833074' />
    <nd ref='-27876' />
    <nd ref='9234833073' />
    <tag k='highway' v='footway' />
  </way>
  <way id='382305545' timestamp='2026-05-15T11:40:15Z' uid='22828305' user='eyob-ka' visible='true' version='7' changeset='182694076'>
    <nd ref='3854973234' />
    <nd ref='13830589990' />
    <nd ref='13830589967' />
    <nd ref='13828425138' />
    <nd ref='13828425146' />
    <nd ref='13830673520' />
    <nd ref='13828425127' />
    <nd ref='13830589961' />
    <nd ref='3854973256' />
    <nd ref='13830589983' />
    <nd ref='7991406471' />
    <nd ref='13828425119' />
    <nd ref='7991406472' />
    <nd ref='13830644380' />
    <nd ref='7991406473' />
    <nd ref='9234833064' />
    <nd ref='7991406478' />
    <tag k='highway' v='service' />
  </way>
  <way id='382305548' action='modify' timestamp='2026-05-14T16:42:49Z' uid='24127657' user='ErmiyasGirma' visible='true' version='3' changeset='182660118'>
    <nd ref='3854973243' />
    <nd ref='-31965' />
    <nd ref='-32009' />
    <nd ref='13828391237' />
    <nd ref='3854973227' />
    <tag k='highway' v='service' />
  </way>
  <way id='382305558' action='modify' timestamp='2026-05-15T11:12:17Z' uid='24127657' user='ErmiyasGirma' visible='true' version='5' changeset='182692839'>
    <nd ref='3854973245' />
    <nd ref='13830609077' />
    <nd ref='13828391233' />
    <nd ref='-31251' />
    <nd ref='3854973231' />
    <tag k='highway' v='service' />
  </way>
  <way id='382305563' action='modify' timestamp='2026-05-15T11:12:17Z' uid='24127657' user='ErmiyasGirma' visible='true' version='6' changeset='182692839'>
    <nd ref='3854973250' />
    <nd ref='13830609079' />
    <nd ref='-27237' />
    <nd ref='-27171' />
    <nd ref='-27235' />
    <nd ref='13828391221' />
    <tag k='highway' v='service' />
  </way>
  <way id='382305567' action='modify' timestamp='2026-05-15T11:51:48Z' uid='22828305' user='eyob-ka' visible='true' version='13' changeset='182694704'>
    <nd ref='3854973241' />
    <nd ref='13830644372' />
    <nd ref='7991451085' />
    <nd ref='3854973236' />
    <nd ref='3854973234' />
    <nd ref='13830589995' />
    <nd ref='-30628' />
    <nd ref='13828510418' />
    <nd ref='3854973229' />
    <nd ref='13830673517' />
    <nd ref='13830673515' />
    <nd ref='-32613' />
    <nd ref='13830673536' />
    <nd ref='-29784' />
    <nd ref='13828419396' />
    <nd ref='3854973220' />
    <nd ref='13830644374' />
    <nd ref='7991451086' />
    <nd ref='3854973213' />
    <nd ref='13830589919' />
    <nd ref='13828425161' />
    <nd ref='3854973212' />
    <nd ref='13828187051' />
    <nd ref='13830676272' />
    <nd ref='3854973214' />
    <nd ref='13830673532' />
    <nd ref='-28301' />
    <nd ref='-28295' />
    <nd ref='13828391240' />
    <nd ref='-31772' />
    <nd ref='-31352' />
    <nd ref='3854973227' />
    <nd ref='3854973230' />
    <nd ref='13828456858' />
    <nd ref='-28259' />
    <nd ref='13828187048' />
    <nd ref='13830491291' />
    <nd ref='3854973231' />
    <nd ref='13828456861' />
    <nd ref='13828456863' />
    <nd ref='13828456866' />
    <nd ref='13828187043' />
    <nd ref='-32039' />
    <nd ref='9234833073' />
    <nd ref='3854973235' />
    <nd ref='13828391218' />
    <nd ref='13828187030' />
    <nd ref='3854973238' />
    <tag k='highway' v='service' />
  </way>
  <way id='382305570' action='modify' timestamp='2026-05-15T11:51:05Z' uid='24127657' user='ErmiyasGirma' visible='true' version='9' changeset='182694584'>
    <nd ref='3854973214' />
    <nd ref='-29949' />
    <nd ref='3854973211' />
    <nd ref='13830589917' />
    <nd ref='-30575' />
    <nd ref='-30579' />
    <nd ref='13830688367' />
    <nd ref='3854973208' />
    <nd ref='13830688386' />
    <nd ref='3854973205' />
    <nd ref='3854973203' />
    <nd ref='3854973200' />
    <nd ref='3854973201' />
    <nd ref='3854973196' />
    <nd ref='3854973193' />
    <nd ref='3854973191' />
    <nd ref='3854973189' />
    <nd ref='-28972' />
    <nd ref='-29003' />
    <nd ref='3854973184' />
    <nd ref='13828425171' />
    <nd ref='-30490' />
    <nd ref='7991451092' />
    <nd ref='13828425173' />
    <nd ref='13828425181' />
    <nd ref='7991451093' />
    <nd ref='13828425187' />
    <nd ref='3854973179' />
    <nd ref='3854973175' />
    <nd ref='3854973173' />
    <nd ref='3854973170' />
    <nd ref='3854973169' />
    <nd ref='3854973172' />
    <nd ref='3854973176' />
    <nd ref='3854973187' />
    <nd ref='9234833067' />
    <nd ref='3854973190' />
    <nd ref='3854973194' />
    <nd ref='13830644396' />
    <nd ref='3854973199' />
    <nd ref='3854973204' />
    <nd ref='3854973207' />
    <tag k='highway' v='footway' />
  </way>
  <way id='382305574' timestamp='2022-09-29T12:55:42Z' uid='1293386' user='Sal73x' visible='true' version='9' changeset='126779720'>
    <nd ref='3854973164' />
    <nd ref='3854973161' />
    <nd ref='3854973157' />
    <nd ref='3854973154' />
    <nd ref='3854973151' />
    <nd ref='3854973144' />
    <nd ref='3854973140' />
    <nd ref='3854973134' />
    <nd ref='3854973123' />
    <nd ref='3854973086' />
    <nd ref='3854973072' />
    <nd ref='7973493128' />
    <nd ref='7973493131' />
    <nd ref='7973493138' />
    <nd ref='7973493142' />
    <nd ref='3854973042' />
    <nd ref='7973493127' />
    <nd ref='3854973033' />
    <nd ref='7973493126' />
    <nd ref='3854973022' />
    <nd ref='7973493149' />
    <nd ref='7973493125' />
    <nd ref='3854973010' />
    <nd ref='7973493124' />
    <nd ref='3854973001' />
    <nd ref='3854972986' />
    <nd ref='7973493225' />
    <nd ref='9010485293' />
    <tag k='highway' v='tertiary' />
  </way>
  <way id='382305581' timestamp='2026-05-14T15:40:54Z' uid='24127657' user='ErmiyasGirma' visible='true' version='5' changeset='182656768'>
    <nd ref='3854973260' />
    <nd ref='9234833078' />
    <nd ref='13828187018' />
    <nd ref='3854973271' />
    <nd ref='3854973270' />
    <nd ref='3854973292' />
    <tag k='highway' v='service' />
  </way>
  <way id='382305585' timestamp='2021-08-15T14:46:06Z' uid='11250405' user='Tesfahun Tenagne' visible='true' version='5' changeset='109703624'>
    <nd ref='3854973325' />
    <nd ref='3854973313' />
    <nd ref='3854973311' />
    <tag k='highway' v='unclassified' />
  </way>
  <way id='382305589' timestamp='2015-11-23T18:26:05Z' uid='3245781' user='near_far' visible='true' version='1' changeset='35535961'>
    <nd ref='3854973327' />
    <nd ref='3854973318' />
    <nd ref='3854973310' />
    <tag k='highway' v='residential' />
  </way>
  <way id='382305600' action='modify' timestamp='2026-05-15T11:40:15Z' uid='22828305' user='eyob-ka' visible='true' version='6' changeset='182694076'>
    <nd ref='3854973198' />
    <nd ref='13830644389' />
    <nd ref='13830589942' />
    <nd ref='13830589939' />
    <nd ref='13830589946' />
    <nd ref='9234833062' />
    <nd ref='13830589931' />
    <nd ref='13830589937' />
    <nd ref='3854973220' />
    <nd ref='13830589949' />
    <nd ref='13828425141' />
    <nd ref='13828425139' />
    <nd ref='-32891' />
    <nd ref='13830589952' />
    <nd ref='3854973244' />
    <tag k='highway' v='service' />
  </way>
  <way id='382305609' timestamp='2026-05-15T15:35:58Z' uid='18953770' user='Kharandesert' visible='true' version='9' changeset='182705160'>
    <nd ref='3854973233' />
    <nd ref='13830232954' />
    <nd ref='13828425157' />
    <nd ref='3854973241' />
    <nd ref='13830589968' />
    <nd ref='13828425152' />
    <nd ref='13828425151' />
    <nd ref='13830589974' />
    <nd ref='13830589976' />
    <nd ref='13830589978' />
    <nd ref='3854973264' />
    <nd ref='13828425123' />
    <nd ref='13830589979' />
    <nd ref='13830589981' />
    <nd ref='13828425122' />
    <nd ref='13830644381' />
    <nd ref='3854973274' />
    <nd ref='7991406475' />
    <nd ref='7991406476' />
    <nd ref='7991406477' />
    <nd ref='7991406478' />
    <nd ref='7991406479' />
    <nd ref='7991406480' />
    <nd ref='7991406481' />
    <tag k='highway' v='service' />
  </way>
  <way id='382305612' action='modify' timestamp='2026-05-15T15:35:58Z' uid='18953770' user='Kharandesert' visible='true' version='6' changeset='182705160'>
    <nd ref='9234833061' />
    <nd ref='3854973210' />
    <nd ref='13828510420' />
    <nd ref='9234833063' />
    <nd ref='13830589933' />
    <nd ref='9234833062' />
    <tag k='highway' v='footway' />
  </way>
  <way id='382305621' timestamp='2021-09-24T07:21:38Z' uid='11890930' user='OlipaIsland' visible='true' version='5' changeset='111631708'>
    <nd ref='3854973091' />
    <nd ref='7984313206' />
    <nd ref='7984313204' />
    <nd ref='3854973124' />
    <nd ref='7984313203' />
    <nd ref='7984313202' />
    <nd ref='7984313201' />
    <nd ref='7984313200' />
    <nd ref='7984313199' />
    <nd ref='7984313198' />
    <nd ref='7984313207' />
    <nd ref='7984313197' />
    <nd ref='7984313196' />
    <nd ref='7984313218' />
    <nd ref='3854973138' />
    <nd ref='7984313193' />
    <nd ref='3854973145' />
    <nd ref='3854973148' />
    <nd ref='7973493104' />
    <nd ref='3854973156' />
    <nd ref='3854973183' />
    <nd ref='9014334053' />
    <tag k='highway' v='residential' />
  </way>
  <way id='382305630' timestamp='2021-08-15T14:46:06Z' uid='11250405' user='Tesfahun Tenagne' visible='true' version='3' changeset='109703624'>
    <nd ref='2756014891' />
    <nd ref='7984420042' />
    <nd ref='3854973332' />
    <nd ref='7984420039' />
    <nd ref='3854973329' />
    <nd ref='3854973327' />
    <nd ref='9008075409' />
    <nd ref='3854973326' />
    <nd ref='3854973316' />
    <tag k='highway' v='residential' />
  </way>
  <way id='382305642' action='modify' timestamp='2026-05-15T15:35:58Z' uid='18953770' user='Kharandesert' visible='true' version='7' changeset='182705160'>
    <nd ref='3854973228' />
    <nd ref='3854973223' />
    <nd ref='13830589999' />
    <nd ref='13830589998' />
    <nd ref='3854973215' />
    <nd ref='13830232958' />
    <nd ref='13828510423' />
    <nd ref='3854973217' />
    <nd ref='3854973219' />
    <nd ref='13828510421' />
    <nd ref='3854973224' />
    <nd ref='13830589997' />
    <nd ref='3854973234' />
    <tag k='highway' v='footway' />
  </way>
  <way id='382305650' timestamp='2021-08-17T14:08:29Z' uid='11250405' user='Tesfahun Tenagne' visible='true' version='4' changeset='109815631'>
    <nd ref='3854973124' />
    <nd ref='7984313208' />
    <nd ref='7984313217' />
    <nd ref='3854973135' />
    <nd ref='7984313215' />
    <nd ref='3854973139' />
    <nd ref='7984313194' />
    <nd ref='7984313190' />
    <nd ref='7984313243' />
    <nd ref='3854973149' />
    <nd ref='7973493105' />
    <nd ref='7973493103' />
    <nd ref='3854973155' />
    <nd ref='3854973182' />
    <tag k='highway' v='residential' />
  </way>
  <way id='382305662' timestamp='2022-09-29T12:55:42Z' uid='1293386' user='Sal73x' visible='true' version='4' changeset='126779720'>
    <nd ref='10060872347' />
    <nd ref='7984313163' />
    <nd ref='10060872346' />
    <nd ref='10060872345' />
    <nd ref='3854973158' />
    <nd ref='3854973160' />
    <nd ref='3854973166' />
    <nd ref='3854973168' />
    <nd ref='3854973174' />
    <nd ref='9014334066' />
    <nd ref='9014334067' />
    <tag k='highway' v='residential' />
  </way>
  <way id='471808653' timestamp='2017-02-03T13:54:57Z' uid='385046' user='Palolo' visible='true' version='1' changeset='45779099'>
    <nd ref='4659657912' />
    <nd ref='4659657911' />
    <nd ref='4659657910' />
    <nd ref='4659657909' />
    <nd ref='4659657912' />
  </way>
  <way id='471808654' timestamp='2026-05-15T11:51:05Z' uid='24127657' user='ErmiyasGirma' visible='true' version='2' changeset='182694584'>
    <nd ref='4659657924' />
    <nd ref='4659657923' />
    <nd ref='4659657922' />
    <nd ref='4659657921' />
    <nd ref='4659657920' />
    <nd ref='4659657919' />
    <nd ref='4659657918' />
    <nd ref='4659657917' />
    <nd ref='13830688352' />
    <nd ref='4659657916' />
    <nd ref='4659657915' />
    <nd ref='4659657914' />
    <nd ref='4659657913' />
    <nd ref='4659657924' />
  </way>
  <way id='471808655' timestamp='2017-02-03T13:54:57Z' uid='385046' user='Palolo' visible='true' version='1' changeset='45779099'>
    <nd ref='4659657928' />
    <nd ref='4659657927' />
    <nd ref='4659657926' />
    <nd ref='4659657925' />
    <nd ref='4659657928' />
  </way>
  <way id='471808656' action='modify' timestamp='2017-02-03T13:54:57Z' uid='385046' user='Palolo' visible='true' version='1' changeset='45779099'>
    <nd ref='4659657940' />
    <nd ref='4659657939' />
    <nd ref='4659657938' />
    <nd ref='4659657937' />
    <nd ref='4659657936' />
    <nd ref='4659657935' />
    <nd ref='4659657934' />
    <nd ref='4659657933' />
    <nd ref='4659657932' />
    <nd ref='4659657931' />
    <nd ref='4659657930' />
    <nd ref='4659657929' />
    <nd ref='-31206' />
    <nd ref='4659657940' />
  </way>
  <way id='471808657' timestamp='2017-02-03T13:54:57Z' uid='385046' user='Palolo' visible='true' version='1' changeset='45779099'>
    <nd ref='4659657944' />
    <nd ref='4659657943' />
    <nd ref='4659657942' />
    <nd ref='4659657941' />
    <nd ref='4659657944' />
  </way>
  <way id='471808658' timestamp='2026-05-15T11:51:05Z' uid='24127657' user='ErmiyasGirma' visible='true' version='4' changeset='182694584'>
    <nd ref='4659657956' />
    <nd ref='4659657955' />
    <nd ref='13830688365' />
    <nd ref='4659657954' />
    <nd ref='4659657953' />
    <nd ref='4659657952' />
    <nd ref='4659657951' />
    <nd ref='4659657950' />
    <nd ref='4659657949' />
    <nd ref='4659657948' />
    <nd ref='4659657947' />
    <nd ref='4659657946' />
    <nd ref='4659657945' />
    <nd ref='4659657956' />
  </way>
  <way id='471808660' action='modify' timestamp='2026-05-15T11:02:30Z' uid='22828305' user='eyob-ka' visible='true' version='2' changeset='182692386'>
    <nd ref='4659657972' />
    <nd ref='-30977' />
    <nd ref='4659657971' />
    <nd ref='4659657970' />
    <nd ref='4659657969' />
    <nd ref='4659657968' />
    <nd ref='4659657967' />
    <nd ref='4659657966' />
    <nd ref='4659657965' />
    <nd ref='13830589916' />
    <nd ref='4659657964' />
    <nd ref='4659657963' />
    <nd ref='4659657962' />
    <nd ref='4659657961' />
    <nd ref='4659657972' />
  </way>
  <way id='471808661' timestamp='2017-02-03T13:54:58Z' uid='385046' user='Palolo' visible='true' version='1' changeset='45779099'>
    <nd ref='4659657976' />
    <nd ref='4659657975' />
    <nd ref='4659657974' />
    <nd ref='4659657973' />
    <nd ref='4659657976' />
  </way>
  <way id='471808662' timestamp='2026-05-15T11:02:30Z' uid='22828305' user='eyob-ka' visible='true' version='2' changeset='182692386'>
    <nd ref='4659657988' />
    <nd ref='4659657987' />
    <nd ref='4659657986' />
    <nd ref='4659657985' />
    <nd ref='4659657984' />
    <nd ref='4659657983' />
    <nd ref='4659657982' />
    <nd ref='4659657981' />
    <nd ref='4659657980' />
    <nd ref='4659657979' />
    <nd ref='4659657978' />
    <nd ref='4659657977' />
    <nd ref='13830590000' />
    <nd ref='4659657988' />
  </way>
  <way id='471808663' timestamp='2017-02-03T13:54:58Z' uid='385046' user='Palolo' visible='true' version='1' changeset='45779099'>
    <nd ref='4659658092' />
    <nd ref='4659658091' />
    <nd ref='4659658090' />
    <nd ref='4659658089' />
    <nd ref='4659658092' />
  </way>
  <way id='471808664' timestamp='2017-02-03T13:54:58Z' uid='385046' user='Palolo' visible='true' version='1' changeset='45779099'>
    <nd ref='4659658104' />
    <nd ref='4659658103' />
    <nd ref='4659658102' />
    <nd ref='4659658101' />
    <nd ref='4659658100' />
    <nd ref='4659658099' />
    <nd ref='4659658098' />
    <nd ref='4659658097' />
    <nd ref='4659658096' />
    <nd ref='4659658095' />
    <nd ref='4659658094' />
    <nd ref='4659658093' />
    <nd ref='4659658104' />
  </way>
  <way id='471808665' timestamp='2017-02-03T13:54:58Z' uid='385046' user='Palolo' visible='true' version='1' changeset='45779099'>
    <nd ref='4659658108' />
    <nd ref='4659658107' />
    <nd ref='4659658106' />
    <nd ref='4659658105' />
    <nd ref='4659658108' />
  </way>
  <way id='471808666' timestamp='2017-02-03T13:54:58Z' uid='385046' user='Palolo' visible='true' version='1' changeset='45779099'>
    <nd ref='4659658120' />
    <nd ref='4659658119' />
    <nd ref='4659658118' />
    <nd ref='4659658117' />
    <nd ref='4659658116' />
    <nd ref='4659658115' />
    <nd ref='4659658114' />
    <nd ref='4659658113' />
    <nd ref='4659658112' />
    <nd ref='4659658111' />
    <nd ref='4659658110' />
    <nd ref='4659658109' />
    <nd ref='4659658120' />
  </way>
  <way id='471808667' timestamp='2017-02-03T13:54:58Z' uid='385046' user='Palolo' visible='true' version='1' changeset='45779099'>
    <nd ref='4659658124' />
    <nd ref='4659658123' />
    <nd ref='4659658122' />
    <nd ref='4659658121' />
    <nd ref='4659658124' />
  </way>
  <way id='471808668' timestamp='2017-02-03T13:54:58Z' uid='385046' user='Palolo' visible='true' version='1' changeset='45779099'>
    <nd ref='4659658136' />
    <nd ref='4659658135' />
    <nd ref='4659658134' />
    <nd ref='4659658133' />
    <nd ref='4659658132' />
    <nd ref='4659658131' />
    <nd ref='4659658130' />
    <nd ref='4659658129' />
    <nd ref='4659658128' />
    <nd ref='4659658127' />
    <nd ref='4659658126' />
    <nd ref='4659658125' />
    <nd ref='4659658136' />
  </way>
  <way id='471808669' timestamp='2017-02-03T13:54:58Z' uid='385046' user='Palolo' visible='true' version='1' changeset='45779099'>
    <nd ref='4659658140' />
    <nd ref='4659658139' />
    <nd ref='4659658138' />
    <nd ref='4659658137' />
    <nd ref='4659658140' />
  </way>
  <way id='471808670' timestamp='2017-02-03T13:54:58Z' uid='385046' user='Palolo' visible='true' version='1' changeset='45779099'>
    <nd ref='4659658152' />
    <nd ref='4659658151' />
    <nd ref='4659658150' />
    <nd ref='4659658149' />
    <nd ref='4659658148' />
    <nd ref='4659658147' />
    <nd ref='4659658146' />
    <nd ref='4659658145' />
    <nd ref='4659658144' />
    <nd ref='4659658143' />
    <nd ref='4659658142' />
    <nd ref='4659658141' />
    <nd ref='4659658152' />
  </way>
  <way id='471808671' timestamp='2017-02-03T13:54:58Z' uid='385046' user='Palolo' visible='true' version='1' changeset='45779099'>
    <nd ref='4659658156' />
    <nd ref='4659658155' />
    <nd ref='4659658154' />
    <nd ref='4659658153' />
    <nd ref='4659658156' />
  </way>
  <way id='471808672' action='modify' timestamp='2017-02-03T13:54:58Z' uid='385046' user='Palolo' visible='true' version='1' changeset='45779099'>
    <nd ref='4659658168' />
    <nd ref='4659658167' />
    <nd ref='-29788' />
    <nd ref='4659658166' />
    <nd ref='4659658165' />
    <nd ref='4659658164' />
    <nd ref='4659658163' />
    <nd ref='4659658162' />
    <nd ref='4659658161' />
    <nd ref='4659658160' />
    <nd ref='4659658159' />
    <nd ref='4659658158' />
    <nd ref='4659658157' />
    <nd ref='4659658168' />
  </way>
  <way id='471808673' timestamp='2017-02-03T13:54:58Z' uid='385046' user='Palolo' visible='true' version='1' changeset='45779099'>
    <nd ref='4659658172' />
    <nd ref='4659658171' />
    <nd ref='4659658170' />
    <nd ref='4659658169' />
    <nd ref='4659658172' />
  </way>
  <way id='471808674' timestamp='2017-02-03T13:54:58Z' uid='385046' user='Palolo' visible='true' version='1' changeset='45779099'>
    <nd ref='4659658184' />
    <nd ref='4659658183' />
    <nd ref='4659658182' />
    <nd ref='4659658181' />
    <nd ref='4659658180' />
    <nd ref='4659658179' />
    <nd ref='4659658178' />
    <nd ref='4659658177' />
    <nd ref='4659658176' />
    <nd ref='4659658175' />
    <nd ref='4659658174' />
    <nd ref='4659658173' />
    <nd ref='4659658184' />
  </way>
  <way id='471808675' timestamp='2017-02-03T13:54:58Z' uid='385046' user='Palolo' visible='true' version='1' changeset='45779099'>
    <nd ref='4659658188' />
    <nd ref='4659658187' />
    <nd ref='4659658186' />
    <nd ref='4659658185' />
    <nd ref='4659658188' />
  </way>
  <way id='471808676' timestamp='2017-02-03T13:54:58Z' uid='385046' user='Palolo' visible='true' version='1' changeset='45779099'>
    <nd ref='4659658200' />
    <nd ref='4659658196' />
    <nd ref='4659658194' />
    <nd ref='4659658193' />
    <nd ref='4659658195' />
    <nd ref='4659658197' />
    <nd ref='4659658198' />
    <nd ref='4659658191' />
    <nd ref='4659658190' />
    <nd ref='4659658189' />
    <nd ref='4659658192' />
    <nd ref='4659658199' />
    <nd ref='4659658200' />
  </way>
  <way id='471809421' timestamp='2026-05-15T11:02:30Z' uid='22828305' user='eyob-ka' visible='true' version='2' changeset='182692386'>
    <nd ref='4659664825' />
    <nd ref='4659664819' />
    <nd ref='4659664818' />
    <nd ref='4659664822' />
    <nd ref='4659664820' />
    <nd ref='4659664821' />
    <nd ref='4659664823' />
    <nd ref='13828425105' />
    <nd ref='4659664824' />
    <nd ref='4659664825' />
    <tag k='building' v='yes' />
  </way>
  <way id='471809422' timestamp='2017-02-03T13:59:40Z' uid='385046' user='Palolo' visible='true' version='1' changeset='45779201'>
    <nd ref='4659664841' />
    <nd ref='4659664840' />
    <nd ref='4659664839' />
    <nd ref='4659664838' />
    <nd ref='4659664841' />
  </way>
  <way id='471809423' timestamp='2026-05-15T11:02:30Z' uid='22828305' user='eyob-ka' visible='true' version='2' changeset='182692386'>
    <nd ref='4659664849' />
    <nd ref='4659664846' />
    <nd ref='4659664845' />
    <nd ref='4659664843' />
    <nd ref='4659664842' />
    <nd ref='4659664844' />
    <nd ref='4659664847' />
    <nd ref='4659664848' />
    <nd ref='13830589914' />
    <nd ref='4659664849' />
  </way>
  <way id='471809424' timestamp='2026-05-15T11:02:30Z' uid='22828305' user='eyob-ka' visible='true' version='3' changeset='182692386'>
    <nd ref='4659664853' />
    <nd ref='4659664850' />
    <nd ref='4659664851' />
    <nd ref='13830589912' />
    <nd ref='4659664852' />
    <nd ref='4659664853' />
    <tag k='amenity' v='fast_food' />
    <tag k='building' v='yes' />
    <tag k='fast_food' v='cafeteria' />
  </way>
  <way id='471809425' timestamp='2026-05-15T11:40:15Z' uid='22828305' user='eyob-ka' visible='true' version='3' changeset='182694076'>
    <nd ref='4659664857' />
    <nd ref='4659664854' />
    <nd ref='4659664835' />
    <nd ref='4659664833' />
    <nd ref='4659664832' />
    <nd ref='13830644376' />
    <nd ref='4659664834' />
    <nd ref='4659664836' />
    <nd ref='4659664856' />
    <nd ref='4659664857' />
    <tag k='building' v='yes' />
  </way>
  <way id='471809426' timestamp='2026-05-15T11:02:30Z' uid='22828305' user='eyob-ka' visible='true' version='2' changeset='182692386'>
    <nd ref='4659664861' />
    <nd ref='13830589948' />
    <nd ref='4659664860' />
    <nd ref='4659664859' />
    <nd ref='4659664830' />
    <nd ref='4659664829' />
    <nd ref='4659664828' />
    <nd ref='4659664831' />
    <nd ref='4659664858' />
    <nd ref='4659664861' />
    <tag k='building' v='yes' />
  </way>
  <way id='471809427' timestamp='2017-02-03T13:59:40Z' uid='385046' user='Palolo' visible='true' version='1' changeset='45779201'>
    <nd ref='4659664865' />
    <nd ref='4659664862' />
    <nd ref='4659664863' />
    <nd ref='4659664864' />
    <nd ref='4659664865' />
    <tag k='building' v='yes' />
  </way>
  <way id='471809428' action='modify' timestamp='2026-05-15T11:40:15Z' uid='22828305' user='eyob-ka' visible='true' version='2' changeset='182694076'>
    <nd ref='4659664869' />
    <nd ref='4659664826' />
    <nd ref='4659664827' />
    <nd ref='4659664866' />
    <nd ref='4659664867' />
    <nd ref='4659664868' />
    <nd ref='4659664869' />
    <tag k='building' v='yes' />
  </way>
  <way id='471809429' timestamp='2017-02-03T13:59:40Z' uid='385046' user='Palolo' visible='true' version='1' changeset='45779201'>
    <nd ref='4659664873' />
    <nd ref='4659664870' />
    <nd ref='4659664871' />
    <nd ref='4659664872' />
    <nd ref='4659664873' />
    <tag k='building' v='yes' />
  </way>
  <way id='471809430' timestamp='2017-02-03T13:59:40Z' uid='385046' user='Palolo' visible='true' version='1' changeset='45779201'>
    <nd ref='4659664877' />
    <nd ref='4659664874' />
    <nd ref='4659664875' />
    <nd ref='4659664876' />
    <nd ref='4659664877' />
    <tag k='building' v='yes' />
  </way>
  <way id='471809431' timestamp='2017-02-03T13:59:40Z' uid='385046' user='Palolo' visible='true' version='1' changeset='45779201'>
    <nd ref='4659664881' />
    <nd ref='4659664878' />
    <nd ref='4659664879' />
    <nd ref='4659664880' />
    <nd ref='4659664881' />
    <tag k='building' v='yes' />
  </way>
  <way id='471809432' timestamp='2017-02-03T13:59:40Z' uid='385046' user='Palolo' visible='true' version='1' changeset='45779201'>
    <nd ref='4659664885' />
    <nd ref='4659664882' />
    <nd ref='4659664883' />
    <nd ref='4659664884' />
    <nd ref='4659664885' />
    <tag k='building' v='yes' />
  </way>
  <way id='471809434' timestamp='2026-05-15T11:02:30Z' uid='22828305' user='eyob-ka' visible='true' version='3' changeset='182692386'>
    <nd ref='4659664889' />
    <nd ref='4659664886' />
    <nd ref='4659664887' />
    <nd ref='4659664888' />
    <nd ref='13830589910' />
    <nd ref='4659664889' />
    <tag k='amenity' v='fast_food' />
    <tag k='building' v='yes' />
    <tag k='fast_food' v='cafeteria' />
  </way>
  <way id='854945031' timestamp='2020-10-04T15:46:04Z' uid='11250405' user='Tesfahun Tenagne' visible='true' version='1' changeset='91937573'>
    <nd ref='7973493103' />
    <nd ref='7973493104' />
    <tag k='highway' v='residential' />
  </way>
  <way id='856297423' timestamp='2021-08-17T14:08:29Z' uid='11250405' user='Tesfahun Tenagne' visible='true' version='3' changeset='109815631'>
    <nd ref='7984313089' />
    <nd ref='7984313090' />
    <nd ref='7984313122' />
    <nd ref='7984313092' />
    <nd ref='7984313096' />
    <nd ref='7984313091' />
    <nd ref='7984313118' />
    <nd ref='7984971312' />
    <nd ref='7984971314' />
    <tag k='highway' v='residential' />
  </way>
  <way id='856297424' timestamp='2021-08-17T14:08:29Z' uid='11250405' user='Tesfahun Tenagne' visible='true' version='3' changeset='109815631'>
    <nd ref='7984313092' />
    <nd ref='7984313093' />
    <nd ref='7984313108' />
    <nd ref='3854973335' />
    <tag k='highway' v='residential' />
  </way>
  <way id='856297425' timestamp='2020-10-07T09:09:15Z' uid='11250405' user='Tesfahun Tenagne' visible='true' version='1' changeset='92098091'>
    <nd ref='3854973335' />
    <nd ref='7984313106' />
    <nd ref='7984313095' />
    <nd ref='7984313119' />
    <nd ref='7984313096' />
    <tag k='highway' v='residential' />
  </way>
  <way id='856297426' timestamp='2021-08-17T14:08:29Z' uid='11250405' user='Tesfahun Tenagne' visible='true' version='4' changeset='109815631'>
    <nd ref='7984313097' />
    <nd ref='7984313098' />
    <nd ref='7984313099' />
    <nd ref='7984313100' />
    <nd ref='7984313101' />
    <nd ref='7984313102' />
    <nd ref='7984313103' />
    <nd ref='7984971314' />
    <nd ref='7984313105' />
    <nd ref='7984313106' />
    <nd ref='7984313107' />
    <nd ref='7984313108' />
    <nd ref='7984313109' />
    <nd ref='7984313110' />
    <nd ref='7984313111' />
    <nd ref='7984313112' />
    <nd ref='7984313113' />
    <nd ref='7984313114' />
    <nd ref='7984313115' />
    <nd ref='7984313116' />
    <nd ref='7984313117' />
    <nd ref='7984313089' />
    <tag k='highway' v='residential' />
  </way>
  <way id='856297427' timestamp='2021-08-18T19:30:25Z' uid='11250405' user='Tesfahun Tenagne' visible='true' version='5' changeset='109893686'>
    <nd ref='7984313121' />
    <nd ref='7984313122' />
    <nd ref='7985418394' />
    <tag k='highway' v='residential' />
  </way>
  <way id='856297428' action='modify' timestamp='2026-05-14T16:48:20Z' uid='22828305' user='eyob-ka' visible='true' version='5' changeset='182660123'>
    <nd ref='7984313148' />
    <nd ref='7984313179' />
    <nd ref='9014334070' />
    <nd ref='7984313180' />
    <nd ref='7984313181' />
    <nd ref='3854973189' />
    <tag k='highway' v='service' />
  </way>
  <way id='856297429' timestamp='2021-08-19T09:10:21Z' uid='11250405' user='Tesfahun Tenagne' visible='true' version='4' changeset='109919796'>
    <nd ref='9014334064' />
    <nd ref='7984313183' />
    <nd ref='8016059197' />
    <nd ref='8016059194' />
    <nd ref='7984313184' />
    <nd ref='7984313187' />
    <nd ref='9019482028' />
    <nd ref='7984313185' />
    <nd ref='7984313186' />
    <tag k='highway' v='residential' />
  </way>
  <way id='856297431' timestamp='2021-08-16T15:04:49Z' uid='11250405' user='Tesfahun Tenagne' visible='true' version='3' changeset='109757190'>
    <nd ref='7984313190' />
    <nd ref='7984313213' />
    <nd ref='7984313192' />
    <nd ref='9010533969' />
    <tag k='highway' v='residential' />
  </way>
  <way id='856297432' timestamp='2020-10-07T09:09:15Z' uid='11250405' user='Tesfahun Tenagne' visible='true' version='1' changeset='92098091'>
    <nd ref='7984313193' />
    <nd ref='7984313194' />
    <nd ref='7984313195' />
    <tag k='highway' v='residential' />
  </way>
  <way id='856297433' timestamp='2020-10-07T09:09:15Z' uid='11250405' user='Tesfahun Tenagne' visible='true' version='1' changeset='92098091'>
    <nd ref='7984313207' />
    <nd ref='7984313208' />
    <tag k='highway' v='residential' />
  </way>
  <way id='856297434' timestamp='2020-10-07T09:09:15Z' uid='11250405' user='Tesfahun Tenagne' visible='true' version='1' changeset='92098091'>
    <nd ref='7984313206' />
    <nd ref='7984313209' />
    <nd ref='7984313210' />
    <nd ref='7984313211' />
    <nd ref='7984313216' />
    <nd ref='7984313224' />
    <nd ref='7984313212' />
    <nd ref='7984313214' />
    <nd ref='7984313195' />
    <nd ref='7984313213' />
    <nd ref='7984313241' />
    <nd ref='7984313242' />
    <nd ref='2756014551' />
    <tag k='highway' v='residential' />
  </way>
  <way id='856297435' timestamp='2021-08-18T19:59:48Z' uid='11250405' user='Tesfahun Tenagne' visible='true' version='2' changeset='109894692'>
    <nd ref='7984313214' />
    <nd ref='9018149507' />
    <nd ref='7984313215' />
    <tag k='highway' v='residential' />
  </way>
  <way id='856297436' timestamp='2020-10-07T09:09:15Z' uid='11250405' user='Tesfahun Tenagne' visible='true' version='1' changeset='92098091'>
    <nd ref='7984313216' />
    <nd ref='7984313244' />
    <nd ref='7984313217' />
    <nd ref='7984313218' />
    <tag k='highway' v='residential' />
  </way>
  <way id='856297438' timestamp='2021-08-17T14:08:29Z' uid='11250405' user='Tesfahun Tenagne' visible='true' version='3' changeset='109815631'>
    <nd ref='9010533923' />
    <nd ref='3854973126' />
    <nd ref='7984313224' />
    <tag k='highway' v='residential' />
  </way>
  <way id='856297443' timestamp='2020-10-07T09:09:15Z' uid='11250405' user='Tesfahun Tenagne' visible='true' version='1' changeset='92098091'>
    <nd ref='7984313243' />
    <nd ref='3854973148' />
    <tag k='highway' v='residential' />
  </way>
  <way id='856297444' timestamp='2021-08-18T19:59:48Z' uid='11250405' user='Tesfahun Tenagne' visible='true' version='2' changeset='109894692'>
    <nd ref='9018149508' />
    <nd ref='9018149507' />
    <nd ref='7984313244' />
    <nd ref='7984313245' />
    <nd ref='7984313246' />
    <nd ref='7984313247' />
    <nd ref='7984313204' />
    <tag k='highway' v='residential' />
  </way>
  <way id='856312502' timestamp='2020-10-07T09:47:39Z' uid='11250405' user='Tesfahun Tenagne' visible='true' version='1' changeset='92101031'>
    <nd ref='7984437393' />
    <nd ref='7984437394' />
    <nd ref='7984437395' />
    <tag k='highway' v='residential' />
  </way>
  <way id='857128113' action='modify' timestamp='2026-05-15T11:12:17Z' uid='24127657' user='ErmiyasGirma' visible='true' version='4' changeset='182692839'>
    <nd ref='3854973250' />
    <nd ref='9234833070' />
    <nd ref='7991406451' />
    <nd ref='7991406452' />
    <nd ref='13830609067' />
    <nd ref='7991406455' />
    <nd ref='7991406454' />
    <tag k='highway' v='service' />
  </way>
  <way id='857128114' action='modify' timestamp='2026-05-15T11:12:17Z' uid='24127657' user='ErmiyasGirma' visible='true' version='4' changeset='182692839'>
    <nd ref='7991406455' />
    <nd ref='13830200414' />
    <nd ref='7991406456' />
    <nd ref='13830609069' />
    <nd ref='7991406457' />
    <nd ref='7991406458' />
    <nd ref='13828531067' />
    <nd ref='-31345' />
    <nd ref='13828531068' />
    <nd ref='3854973243' />
    <tag k='highway' v='service' />
  </way>
  <way id='857128115' action='modify' timestamp='2026-05-15T11:02:30Z' uid='22828305' user='eyob-ka' visible='true' version='6' changeset='182692386'>
    <nd ref='3854973242' />
    <nd ref='-28620' />
    <nd ref='7991406460' />
    <nd ref='-30003' />
    <nd ref='13828531065' />
    <nd ref='-30039' />
    <nd ref='-30017' />
    <nd ref='13830589988' />
    <nd ref='13828531056' />
    <nd ref='7991406461' />
    <nd ref='-31050' />
    <nd ref='7991406462' />
    <nd ref='13828425114' />
    <nd ref='7991406463' />
    <nd ref='7991406464' />
    <nd ref='7991406465' />
    <nd ref='7991406466' />
    <nd ref='7991406467' />
    <nd ref='7991406468' />
    <nd ref='7991406469' />
    <nd ref='3854973301' />
    <tag k='highway' v='service' />
  </way>
  <way id='857128116' action='modify' timestamp='2026-05-15T11:02:30Z' uid='22828305' user='eyob-ka' visible='true' version='6' changeset='182692386'>
    <nd ref='7991451086' />
    <nd ref='-32219' />
    <nd ref='13830589928' />
    <nd ref='-33015' />
    <nd ref='13830589923' />
    <nd ref='-28824' />
    <nd ref='7991451087' />
    <nd ref='13828510427' />
    <nd ref='7991451088' />
    <nd ref='9234833066' />
    <nd ref='13828425164' />
    <nd ref='7991451089' />
    <nd ref='13828425165' />
    <nd ref='7991451090' />
    <nd ref='3854973189' />
    <tag k='highway' v='service' />
  </way>
  <way id='860036642' timestamp='2021-08-16T23:16:59Z' uid='11250405' user='Tesfahun Tenagne' visible='true' version='2' changeset='109776553'>
    <nd ref='8016009466' />
    <nd ref='8016009467' />
    <nd ref='8016009468' />
    <nd ref='8016009469' />
    <nd ref='8016009470' />
    <nd ref='8016009471' />
    <nd ref='8016009472' />
    <nd ref='8016009473' />
    <nd ref='8016009474' />
    <nd ref='8016009475' />
    <nd ref='8016059198' />
    <nd ref='8016009476' />
    <nd ref='8016009477' />
    <nd ref='8016009478' />
    <nd ref='8016009479' />
    <nd ref='7984313150' />
    <tag k='highway' v='residential' />
  </way>
  <way id='878907478' timestamp='2020-11-29T14:35:43Z' uid='11250405' user='Tesfahun Tenagne' visible='true' version='1' changeset='94985889'>
    <nd ref='7984313090' />
    <nd ref='8176453465' />
    <tag k='highway' v='residential' />
  </way>
  <way id='973268779' timestamp='2021-08-15T14:46:06Z' uid='11250405' user='Tesfahun Tenagne' visible='true' version='1' changeset='109703624'>
    <nd ref='9008075409' />
    <nd ref='9008075410' />
    <tag k='highway' v='residential' />
  </way>
  <way id='974054580' timestamp='2022-09-29T12:55:42Z' uid='1293386' user='Sal73x' visible='true' version='3' changeset='126779720'>
    <nd ref='3854973164' />
    <nd ref='9014334038' />
    <nd ref='9014334039' />
    <nd ref='9014334040' />
    <nd ref='9014334041' />
    <nd ref='9014334066' />
    <nd ref='9014334042' />
    <nd ref='9014334043' />
    <nd ref='9014334044' />
    <nd ref='9014334045' />
    <nd ref='9014334046' />
    <nd ref='9014334047' />
    <nd ref='9014334048' />
    <nd ref='9014334049' />
    <nd ref='9014334050' />
    <nd ref='9014334051' />
    <nd ref='9014334052' />
    <nd ref='9014334053' />
    <nd ref='9014334054' />
    <nd ref='9014334065' />
    <nd ref='9014334055' />
    <nd ref='9014334056' />
    <nd ref='9014334057' />
    <nd ref='9014334058' />
    <nd ref='9014334059' />
    <nd ref='9014334060' />
    <nd ref='9014334064' />
    <nd ref='9014334061' />
    <nd ref='9014334062' />
    <nd ref='9014334063' />
    <nd ref='9119377560' />
    <tag k='highway' v='tertiary' />
    <tag k='oneway' v='yes' />
  </way>
  <way id='974054584' timestamp='2021-08-17T14:08:29Z' uid='11250405' user='Tesfahun Tenagne' visible='true' version='1' changeset='109815631'>
    <nd ref='7984313175' />
    <nd ref='7984313174' />
    <nd ref='7984313173' />
    <nd ref='7984313172' />
    <nd ref='7984313171' />
    <nd ref='7984313170' />
    <nd ref='7984313169' />
    <nd ref='7984313168' />
    <nd ref='7984313167' />
    <nd ref='7984313166' />
    <nd ref='7984313164' />
    <nd ref='7984313148' />
    <tag k='highway' v='residential' />
  </way>
  <way id='974438316' timestamp='2021-08-18T19:30:25Z' uid='11250405' user='Tesfahun Tenagne' visible='true' version='1' changeset='109893686'>
    <nd ref='7984313118' />
    <nd ref='7984313119' />
    <nd ref='7984313093' />
    <nd ref='7984313121' />
    <nd ref='9018071395' />
    <tag k='highway' v='residential' />
  </way>
  <way id='974590987' timestamp='2021-08-19T09:10:21Z' uid='11250405' user='Tesfahun Tenagne' visible='true' version='1' changeset='109919796'>
    <nd ref='9019482028' />
    <nd ref='7984313150' />
    <tag k='highway' v='residential' />
  </way>
  <way id='986576982' timestamp='2021-09-24T07:21:38Z' uid='11890930' user='OlipaIsland' visible='true' version='1' changeset='111631708'>
    <nd ref='9014334046' />
    <nd ref='9014334035' />
    <tag k='highway' v='tertiary_link' />
  </way>
  <way id='986576983' timestamp='2021-09-24T07:21:38Z' uid='11890930' user='OlipaIsland' visible='true' version='1' changeset='111631708'>
    <nd ref='9014334051' />
    <nd ref='9119377559' />
    <tag k='highway' v='tertiary_link' />
  </way>
  <way id='986576985' timestamp='2022-09-29T12:55:42Z' uid='1293386' user='Sal73x' visible='true' version='2' changeset='126779720'>
    <nd ref='9010533947' />
    <nd ref='7973493100' />
    <nd ref='2756014636' />
    <nd ref='2756014611' />
    <nd ref='8016059196' />
    <nd ref='7984313189' />
    <nd ref='8016059195' />
    <nd ref='2756014612' />
    <nd ref='3854973182' />
    <nd ref='3854973183' />
    <nd ref='3854973185' />
    <nd ref='9119377559' />
    <nd ref='3854973186' />
    <nd ref='8037402378' />
    <nd ref='3854973181' />
    <nd ref='9014334035' />
    <nd ref='3854973180' />
    <nd ref='9014334068' />
    <nd ref='9014334067' />
    <nd ref='8037402379' />
    <nd ref='3854973171' />
    <nd ref='3854973167' />
    <nd ref='9119377561' />
    <nd ref='3854973164' />
    <tag k='highway' v='tertiary' />
    <tag k='oneway' v='yes' />
  </way>
  <way id='1000454734' timestamp='2026-05-15T12:08:07Z' uid='24127657' user='ErmiyasGirma' visible='true' version='2' changeset='182695394'>
    <nd ref='9234787545' />
    <nd ref='9234787544' />
    <nd ref='9234787543' />
    <nd ref='9234787542' />
    <nd ref='9234787541' />
    <nd ref='9234787540' />
    <nd ref='9234787539' />
    <nd ref='9234787538' />
    <nd ref='9234787537' />
    <nd ref='9234787536' />
    <nd ref='9234787535' />
    <nd ref='9234787534' />
    <nd ref='9234787533' />
    <nd ref='9234782389' />
    <nd ref='9234782388' />
    <nd ref='9234782387' />
    <nd ref='9234782390' />
    <nd ref='9234787532' />
    <nd ref='9234787531' />
    <nd ref='9234787530' />
    <nd ref='9234787529' />
    <nd ref='9234787528' />
    <nd ref='9234787527' />
    <nd ref='9234782386' />
    <nd ref='9234782385' />
    <nd ref='9234782384' />
    <nd ref='9234787526' />
    <nd ref='9234782383' />
    <nd ref='9234787525' />
    <nd ref='9234787524' />
    <nd ref='9234787523' />
    <nd ref='9234787522' />
    <nd ref='9234787521' />
    <nd ref='9234787520' />
    <nd ref='9234787519' />
    <nd ref='9234787518' />
    <nd ref='9234787517' />
    <nd ref='9234782416' />
    <nd ref='9234782415' />
    <nd ref='9234782414' />
    <nd ref='9234782413' />
    <nd ref='9234782412' />
    <nd ref='9234782411' />
    <nd ref='9234782410' />
    <nd ref='9234782409' />
    <nd ref='9234782408' />
    <nd ref='9234782407' />
    <nd ref='13830698567' />
    <nd ref='9234782406' />
    <nd ref='9234782405' />
    <nd ref='9234782404' />
    <nd ref='9234782403' />
    <nd ref='9234782402' />
    <nd ref='9234782401' />
    <nd ref='4507268163' />
    <nd ref='9234782400' />
    <nd ref='13830698556' />
    <nd ref='13830698557' />
    <nd ref='9234782399' />
    <nd ref='9234782398' />
    <nd ref='9234782397' />
    <nd ref='9234782396' />
    <nd ref='9234782395' />
    <nd ref='9234782394' />
    <nd ref='9234782393' />
    <nd ref='9234782391' />
    <nd ref='9234782392' />
    <nd ref='9234787545' />
    <tag k='amenity' v='university' />
    <tag k='name' v='Debre Markos University' />
  </way>
  <way id='1000459551' timestamp='2021-11-08T09:00:24Z' uid='10892549' user='NanMadol' visible='true' version='1' changeset='113512014'>
    <nd ref='7984313176' />
    <nd ref='7984313177' />
    <nd ref='7984313178' />
    <nd ref='7984313148' />
    <tag k='highway' v='residential' />
  </way>
  <way id='1000459552' action='modify' timestamp='2026-05-15T11:12:17Z' uid='24127657' user='ErmiyasGirma' visible='true' version='3' changeset='182692839'>
    <nd ref='9234833068' />
    <nd ref='13830609099' />
    <nd ref='13830609094' />
    <nd ref='3854973246' />
    <nd ref='-30873' />
    <nd ref='-30864' />
    <nd ref='13828456889' />
    <nd ref='-30834' />
    <nd ref='-30850' />
    <nd ref='3854973261' />
    <tag k='highway' v='service' />
  </way>
  <way id='1098815074' timestamp='2025-10-17T09:23:52Z' uid='2387942' user='Bat Wings' visible='true' version='2' changeset='173400782'>
    <nd ref='10060872326' />
    <nd ref='10060872327' />
    <tag k='aeroway' v='runway' />
    <tag k='length' v='1300' />
    <tag k='ref' v='16/34' />
    <tag k='surface' v='dirt' />
  </way>
  <way id='1098815075' timestamp='2022-09-29T12:55:42Z' uid='1293386' user='Sal73x' visible='true' version='1' changeset='126779720'>
    <nd ref='10060872328' />
    <nd ref='10060872329' />
    <nd ref='10060872330' />
    <nd ref='10060872331' />
    <nd ref='10060872328' />
    <tag k='building' v='yes' />
  </way>
  <way id='1098815076' timestamp='2022-09-29T12:55:42Z' uid='1293386' user='Sal73x' visible='true' version='1' changeset='126779720'>
    <nd ref='10060872332' />
    <nd ref='10060872333' />
    <nd ref='10060872334' />
    <nd ref='10060872335' />
    <nd ref='10060872336' />
    <nd ref='10060872337' />
    <nd ref='10060872332' />
    <tag k='building' v='yes' />
  </way>
  <way id='1098815077' timestamp='2022-09-29T12:55:42Z' uid='1293386' user='Sal73x' visible='true' version='1' changeset='126779720'>
    <nd ref='10060872338' />
    <nd ref='10060872339' />
    <nd ref='10060872340' />
    <nd ref='10060872341' />
    <nd ref='10060872338' />
    <tag k='building' v='yes' />
  </way>
  <way id='1098815078' timestamp='2022-09-29T12:55:42Z' uid='1293386' user='Sal73x' visible='true' version='1' changeset='126779720'>
    <nd ref='10060872357' />
    <nd ref='10060872358' />
    <nd ref='10060872359' />
    <nd ref='10060872360' />
    <nd ref='10060872361' />
    <nd ref='10060872362' />
    <nd ref='10060872363' />
    <nd ref='10060872364' />
    <nd ref='10060872365' />
    <nd ref='10060872366' />
    <nd ref='10060872367' />
    <nd ref='10060872368' />
    <nd ref='10060872369' />
    <nd ref='10060872370' />
    <nd ref='10060872371' />
    <nd ref='10060872372' />
    <nd ref='10060872373' />
    <nd ref='10060872374' />
    <nd ref='10060872375' />
    <nd ref='10060872376' />
    <nd ref='10060872377' />
    <nd ref='10060872378' />
    <nd ref='10060872379' />
    <nd ref='10060872380' />
    <nd ref='10060872381' />
    <nd ref='10060872382' />
    <nd ref='10060872383' />
    <nd ref='10060872384' />
    <nd ref='10060872385' />
    <nd ref='10060872386' />
    <nd ref='10060872387' />
    <nd ref='10060872388' />
    <nd ref='10060872389' />
    <nd ref='10060872390' />
    <nd ref='10060872391' />
    <nd ref='10060872392' />
    <nd ref='10060872393' />
    <nd ref='10060872394' />
    <nd ref='10060872395' />
    <nd ref='10060872396' />
    <nd ref='10060872397' />
    <nd ref='10060872398' />
    <nd ref='10060872399' />
    <nd ref='10060872400' />
    <nd ref='10060872401' />
    <nd ref='10060872402' />
    <nd ref='10060872403' />
    <nd ref='10060872404' />
    <nd ref='10060872405' />
    <nd ref='10060872406' />
    <nd ref='10060872407' />
    <nd ref='10060872408' />
    <nd ref='10060872409' />
    <nd ref='10060872410' />
    <nd ref='10060872411' />
    <nd ref='10060872412' />
    <nd ref='10060872357' />
    <tag k='natural' v='grassland' />
  </way>
  <way id='1513580698' action='modify' timestamp='2026-05-15T10:25:46Z' uid='22828305' user='eyob-ka' visible='true' version='3' changeset='182690882'>
    <nd ref='13828391232' />
    <nd ref='13830513300' />
    <nd ref='13828187052' />
    <tag k='highway' v='footway' />
  </way>
  <way id='1513580699' action='modify' timestamp='2026-05-14T17:31:30Z' uid='24127657' user='ErmiyasGirma' visible='true' version='2' changeset='182662505'>
    <nd ref='7991406450' />
    <nd ref='13828531033' />
    <nd ref='13828456888' />
    <nd ref='13828456890' />
    <nd ref='-30126' />
    <nd ref='-30142' />
    <nd ref='13828187017' />
    <tag k='highway' v='footway' />
  </way>
  <way id='1513580700' timestamp='2026-05-15T05:52:43Z' uid='24127657' user='ErmiyasGirma' visible='true' version='2' changeset='182680072'>
    <nd ref='13828187018' />
    <nd ref='13830177993' />
    <nd ref='13828187019' />
    <nd ref='13830177980' />
    <tag k='highway' v='footway' />
  </way>
  <way id='1513580701' action='modify' timestamp='2026-05-14T15:40:54Z' uid='24127657' user='ErmiyasGirma' visible='true' version='1' changeset='182656768'>
    <nd ref='13828187018' />
    <nd ref='13828187020' />
    <nd ref='-26253' />
    <nd ref='13828187021' />
    <nd ref='13828187022' />
    <nd ref='13828187027' />
    <nd ref='13828187023' />
    <nd ref='-30961' />
    <nd ref='13828187024' />
    <nd ref='13828187025' />
    <nd ref='13828187026' />
    <tag k='highway' v='footway' />
  </way>
  <way id='1513580702' timestamp='2026-05-14T15:40:54Z' uid='24127657' user='ErmiyasGirma' visible='true' version='1' changeset='182656768'>
    <nd ref='13828187027' />
    <nd ref='13828187028' />
    <tag k='highway' v='footway' />
  </way>
  <way id='1513580703' action='modify' timestamp='2026-05-14T17:31:30Z' uid='24127657' user='ErmiyasGirma' visible='true' version='2' changeset='182662505'>
    <nd ref='9234833075' />
    <nd ref='13828187031' />
    <nd ref='13828187032' />
    <nd ref='13828187033' />
    <tag k='highway' v='footway' />
  </way>
  <way id='1513580704' timestamp='2026-05-14T15:40:54Z' uid='24127657' user='ErmiyasGirma' visible='true' version='1' changeset='182656768'>
    <nd ref='13828187031' />
    <nd ref='13828187034' />
    <tag k='highway' v='footway' />
  </way>
  <way id='1513580705' action='modify' timestamp='2026-05-15T11:12:17Z' uid='24127657' user='ErmiyasGirma' visible='true' version='2' changeset='182692839'>
    <nd ref='13828187035' />
    <nd ref='13828187036' />
    <nd ref='13828187037' />
    <nd ref='13828187038' />
    <nd ref='13828187039' />
    <nd ref='-32462' />
    <nd ref='13828187040' />
    <nd ref='-32526' />
    <nd ref='13828187042' />
    <nd ref='13828187035' />
    <tag k='building' v='yes' />
  </way>
  <way id='1513580706' action='modify' timestamp='2026-05-14T16:42:49Z' uid='24127657' user='ErmiyasGirma' visible='true' version='2' changeset='182660118'>
    <nd ref='-27184' />
    <nd ref='-27183' />
    <nd ref='-27182' />
    <nd ref='-27181' />
    <nd ref='-27180' />
    <nd ref='-27179' />
    <nd ref='-27178' />
    <nd ref='-27177' />
    <nd ref='-27176' />
    <nd ref='-27175' />
    <nd ref='-27174' />
    <nd ref='-27173' />
    <nd ref='-27172' />
    <nd ref='-27171' />
    <nd ref='13828391220' />
    <nd ref='3854973238' />
    <tag k='highway' v='footway' />
  </way>
  <way id='1513580707' timestamp='2026-05-14T16:42:49Z' uid='24127657' user='ErmiyasGirma' visible='true' version='2' changeset='182660118'>
    <nd ref='13828187045' />
    <nd ref='13828391220' />
    <nd ref='13828187046' />
    <nd ref='13828391221' />
    <nd ref='9234833073' />
    <tag k='highway' v='footway' />
  </way>
  <way id='1513580708' action='modify' timestamp='2026-05-15T11:12:17Z' uid='24127657' user='ErmiyasGirma' visible='true' version='2' changeset='182692839'>
    <nd ref='13828187048' />
    <nd ref='-27855' />
    <nd ref='13828187049' />
    <nd ref='13830609074' />
    <nd ref='-32526' />
    <tag k='highway' v='footway' />
  </way>
  <way id='1513580709' timestamp='2026-05-15T11:51:48Z' uid='22828305' user='eyob-ka' visible='true' version='4' changeset='182694704'>
    <nd ref='13828187050' />
    <nd ref='13830676278' />
    <nd ref='13830589915' />
    <nd ref='13830589913' />
    <nd ref='13828425158' />
    <nd ref='13828187051' />
    <tag k='highway' v='footway' />
  </way>
  <way id='1513580710' timestamp='2026-05-14T15:40:54Z' uid='24127657' user='ErmiyasGirma' visible='true' version='1' changeset='182656768'>
    <nd ref='13828187052' />
    <nd ref='13828187050' />
    <tag k='highway' v='steps' />
    <tag k='incline' v='up' />
  </way>
  <way id='1513580711' action='modify' timestamp='2026-05-15T11:02:30Z' uid='22828305' user='eyob-ka' visible='true' version='2' changeset='182692386'>
    <nd ref='3854973242' />
    <nd ref='-32185' />
    <nd ref='-28589' />
    <nd ref='-28576' />
    <nd ref='13828187053' />
    <nd ref='13830589911' />
    <nd ref='13828187050' />
    <tag k='highway' v='footway' />
  </way>
  <way id='1513609705' action='modify' timestamp='2026-05-14T16:42:49Z' uid='24127657' user='ErmiyasGirma' visible='true' version='1' changeset='182660118'>
    <nd ref='13828391218' />
    <nd ref='-27577' />
    <nd ref='13828391220' />
    <nd ref='13828391219' />
    <tag k='highway' v='footway' />
  </way>
  <way id='1513609706' action='modify' timestamp='2026-05-14T16:42:49Z' uid='24127657' user='ErmiyasGirma' visible='true' version='1' changeset='182660118'>
    <nd ref='13828391224' />
    <nd ref='13828391223' />
    <nd ref='-30789' />
    <nd ref='-30790' />
    <nd ref='-30791' />
    <tag k='highway' v='footway' />
  </way>
  <way id='1513609707' timestamp='2026-05-14T16:42:49Z' uid='24127657' user='ErmiyasGirma' visible='true' version='1' changeset='182660118'>
    <nd ref='13828391224' />
    <nd ref='13828391225' />
    <nd ref='13828391226' />
    <nd ref='13828391227' />
    <tag k='highway' v='footway' />
  </way>
  <way id='1513609708' action='modify' timestamp='2026-05-15T10:05:04Z' uid='22828305' user='eyob-ka' visible='true' version='2' changeset='182689864'>
    <nd ref='3854973205' />
    <nd ref='13830491296' />
    <nd ref='13828391229' />
    <nd ref='13828391230' />
    <nd ref='13828391231' />
    <nd ref='7984313179' />
    <tag k='highway' v='footway' />
  </way>
  <way id='1513609709' action='modify' timestamp='2026-05-14T16:42:49Z' uid='24127657' user='ErmiyasGirma' visible='true' version='1' changeset='182660118'>
    <nd ref='13828187016' />
    <nd ref='13828391232' />
    <tag k='highway' v='steps' />
  </way>
  <way id='1513609710' action='modify' timestamp='2026-05-15T11:12:17Z' uid='24127657' user='ErmiyasGirma' visible='true' version='2' changeset='182692839'>
    <nd ref='13828391233' />
    <nd ref='-27474' />
    <nd ref='-27475' />
    <nd ref='-27476' />
    <nd ref='13830609075' />
    <nd ref='13828391234' />
    <nd ref='13828391238' />
    <nd ref='13828391235' />
    <nd ref='13828391236' />
    <nd ref='-27513' />
    <nd ref='-27514' />
    <nd ref='13828391237' />
    <tag k='highway' v='footway' />
  </way>
  <way id='1513609711' action='modify' timestamp='2026-05-14T16:42:49Z' uid='24127657' user='ErmiyasGirma' visible='true' version='1' changeset='182660118'>
    <nd ref='13828391238' />
    <nd ref='-28066' />
    <nd ref='-30047' />
    <nd ref='13828391239' />
    <tag k='highway' v='footway' />
  </way>
  <way id='1513609712' action='modify' timestamp='2026-05-15T11:51:05Z' uid='24127657' user='ErmiyasGirma' visible='true' version='3' changeset='182694584'>
    <nd ref='13828391240' />
    <nd ref='13828391242' />
    <nd ref='13828391243' />
    <nd ref='13830688359' />
    <nd ref='-28376' />
    <nd ref='-31210' />
    <nd ref='13828391241' />
    <nd ref='13830491292' />
    <nd ref='13830491293' />
    <nd ref='13830491294' />
    <nd ref='13830491295' />
    <nd ref='-28428' />
    <nd ref='-28430' />
    <nd ref='-28431' />
    <nd ref='-28476' />
    <nd ref='-28494' />
    <nd ref='13830491296' />
    <tag k='highway' v='footway' />
  </way>
  <way id='1513610902' action='modify' timestamp='2026-05-15T15:35:58Z' uid='18953770' user='Kharandesert' visible='true' version='5' changeset='182705160'>
    <nd ref='7991451085' />
    <nd ref='13828510422' />
    <nd ref='-29729' />
    <nd ref='-29755' />
    <nd ref='13828510426' />
    <nd ref='13830232957' />
    <nd ref='13830644370' />
    <nd ref='13828419395' />
    <tag k='highway' v='footway' />
  </way>
  <way id='1513610903' action='modify' timestamp='2026-05-14T16:48:20Z' uid='22828305' user='eyob-ka' visible='true' version='1' changeset='182660123'>
    <nd ref='13828419396' />
    <nd ref='13828425133' />
    <nd ref='13828419397' />
    <nd ref='13828419398' />
    <nd ref='13828419399' />
    <tag k='highway' v='footway' />
  </way>
  <way id='1513610904' action='modify' timestamp='2026-05-14T16:48:20Z' uid='22828305' user='eyob-ka' visible='true' version='1' changeset='182660123'>
    <nd ref='13828425104' />
    <nd ref='-28714' />
    <nd ref='13828425105' />
    <tag k='highway' v='footway' />
  </way>
  <way id='1513610905' timestamp='2026-05-15T11:40:15Z' uid='22828305' user='eyob-ka' visible='true' version='2' changeset='182694076'>
    <nd ref='13828425104' />
    <nd ref='13830673526' />
    <nd ref='13828425106' />
    <nd ref='13828425107' />
    <nd ref='13828425108' />
    <tag k='highway' v='footway' />
  </way>
  <way id='1513610906' timestamp='2026-05-14T16:48:20Z' uid='22828305' user='eyob-ka' visible='true' version='1' changeset='182660123'>
    <nd ref='13828425108' />
    <nd ref='13828425109' />
    <tag k='highway' v='steps' />
  </way>
  <way id='1513610907' timestamp='2026-05-14T16:48:20Z' uid='22828305' user='eyob-ka' visible='true' version='1' changeset='182660123'>
    <nd ref='13828187050' />
    <nd ref='13828425110' />
    <nd ref='13828425109' />
    <tag k='highway' v='footway' />
  </way>
  <way id='1513610908' timestamp='2026-05-15T11:40:15Z' uid='22828305' user='eyob-ka' visible='true' version='2' changeset='182694076'>
    <nd ref='3854973244' />
    <nd ref='13828425115' />
    <nd ref='13830644384' />
    <nd ref='3854973263' />
    <nd ref='13828425111' />
    <nd ref='13828425112' />
    <nd ref='13828425113' />
    <nd ref='13828425114' />
    <tag k='highway' v='footway' />
  </way>
  <way id='1513610909' action='modify' timestamp='2026-05-15T11:40:15Z' uid='22828305' user='eyob-ka' visible='true' version='2' changeset='182694076'>
    <nd ref='13828425115' />
    <nd ref='13828425116' />
    <nd ref='13830644377' />
    <nd ref='-32169' />
    <nd ref='13828425117' />
    <nd ref='13828425118' />
    <nd ref='13828425119' />
    <nd ref='-31527' />
    <nd ref='13828425120' />
    <nd ref='13828425121' />
    <nd ref='13830644382' />
    <nd ref='13828425122' />
    <tag k='highway' v='footway' />
  </way>
  <way id='1513610910' timestamp='2026-05-15T11:02:30Z' uid='22828305' user='eyob-ka' visible='true' version='2' changeset='182692386'>
    <nd ref='13828425124' />
    <nd ref='13830589958' />
    <nd ref='13828425125' />
    <nd ref='13828419398' />
    <tag k='highway' v='footway' />
  </way>
  <way id='1513610911' timestamp='2026-05-14T16:48:20Z' uid='22828305' user='eyob-ka' visible='true' version='1' changeset='182660123'>
    <nd ref='13828425125' />
    <nd ref='13828425126' />
    <nd ref='13828419397' />
    <tag k='highway' v='footway' />
  </way>
  <way id='1513610912' timestamp='2026-05-15T11:02:30Z' uid='22828305' user='eyob-ka' visible='true' version='2' changeset='182692386'>
    <nd ref='13828425126' />
    <nd ref='13828425128' />
    <nd ref='13830589960' />
    <nd ref='13828425127' />
    <tag k='highway' v='footway' />
  </way>
  <way id='1513610913' action='modify' timestamp='2026-05-15T11:40:15Z' uid='22828305' user='eyob-ka' visible='true' version='2' changeset='182694076'>
    <nd ref='13828425128' />
    <nd ref='13830673519' />
    <nd ref='13828425129' />
    <nd ref='13828425130' />
    <nd ref='13828425131' />
    <nd ref='13828425132' />
    <nd ref='13828425133' />
    <tag k='highway' v='footway' />
  </way>
  <way id='1513610914' timestamp='2026-05-14T16:48:20Z' uid='22828305' user='eyob-ka' visible='true' version='1' changeset='182660123'>
    <nd ref='13828425130' />
    <nd ref='13828425134' />
    <nd ref='13828425135' />
    <nd ref='13828425136' />
    <nd ref='13828425137' />
    <nd ref='13828425138' />
    <tag k='highway' v='footway' />
  </way>
  <way id='1513610915' timestamp='2026-05-14T16:48:20Z' uid='22828305' user='eyob-ka' visible='true' version='1' changeset='182660123'>
    <nd ref='13828425139' />
    <nd ref='13828425140' />
    <nd ref='13828419399' />
    <tag k='highway' v='footway' />
  </way>
  <way id='1513610916' timestamp='2026-05-14T16:48:20Z' uid='22828305' user='eyob-ka' visible='true' version='1' changeset='182660123'>
    <nd ref='13828425141' />
    <nd ref='13828425142' />
    <nd ref='13828425143' />
    <nd ref='13828425144' />
    <nd ref='13828425145' />
    <nd ref='13828425133' />
    <tag k='highway' v='footway' />
  </way>
  <way id='1513610917' timestamp='2026-05-14T16:48:20Z' uid='22828305' user='eyob-ka' visible='true' version='1' changeset='182660123'>
    <nd ref='13828425146' />
    <nd ref='13828425147' />
    <tag k='highway' v='steps' />
  </way>
  <way id='1513610918' timestamp='2026-05-14T16:48:20Z' uid='22828305' user='eyob-ka' visible='true' version='1' changeset='182660123'>
    <nd ref='13828425147' />
    <nd ref='13828425148' />
    <nd ref='13828425149' />
    <nd ref='13828425150' />
    <nd ref='13828425151' />
    <tag k='highway' v='footway' />
  </way>
  <way id='1513610919' timestamp='2026-05-15T11:02:30Z' uid='22828305' user='eyob-ka' visible='true' version='2' changeset='182692386'>
    <nd ref='13828425152' />
    <nd ref='13830589970' />
    <nd ref='13828425153' />
    <nd ref='13828425154' />
    <tag k='highway' v='footway' />
  </way>
  <way id='1513610920' timestamp='2026-05-14T16:48:20Z' uid='22828305' user='eyob-ka' visible='true' version='1' changeset='182660123'>
    <nd ref='13828425153' />
    <nd ref='13828425155' />
    <tag k='highway' v='footway' />
  </way>
  <way id='1513610921' timestamp='2026-05-14T16:48:20Z' uid='22828305' user='eyob-ka' visible='true' version='1' changeset='182660123'>
    <nd ref='13828425153' />
    <nd ref='13828425156' />
    <tag k='highway' v='footway' />
  </way>
  <way id='1513610922' action='modify' timestamp='2026-05-14T16:48:20Z' uid='22828305' user='eyob-ka' visible='true' version='1' changeset='182660123'>
    <nd ref='3854973241' />
    <nd ref='-29690' />
    <nd ref='13828425156' />
    <tag k='highway' v='service' />
  </way>
  <way id='1513610923' timestamp='2026-05-14T16:48:20Z' uid='22828305' user='eyob-ka' visible='true' version='1' changeset='182660123'>
    <nd ref='13828425158' />
    <nd ref='13828425159' />
    <tag k='highway' v='steps' />
  </way>
  <way id='1513610924' action='modify' timestamp='2026-05-14T16:48:20Z' uid='22828305' user='eyob-ka' visible='true' version='1' changeset='182660123'>
    <nd ref='13828425159' />
    <nd ref='13828425160' />
    <nd ref='13828425161' />
    <tag k='highway' v='footway' />
  </way>
  <way id='1513610925' timestamp='2026-05-14T16:48:20Z' uid='22828305' user='eyob-ka' visible='true' version='1' changeset='182660123'>
    <nd ref='7991451087' />
    <nd ref='13828425162' />
    <nd ref='13828425163' />
    <tag k='highway' v='footway' />
  </way>
  <way id='1513610926' timestamp='2026-05-14T16:48:20Z' uid='22828305' user='eyob-ka' visible='true' version='1' changeset='182660123'>
    <nd ref='13828425164' />
    <nd ref='13828425166' />
    <tag k='highway' v='steps' />
  </way>
  <way id='1513610927' timestamp='2026-05-14T16:48:20Z' uid='22828305' user='eyob-ka' visible='true' version='1' changeset='182660123'>
    <nd ref='13828425166' />
    <nd ref='13828425167' />
    <nd ref='13828425168' />
    <nd ref='13828425169' />
    <nd ref='13828425170' />
    <nd ref='3854973184' />
    <tag k='highway' v='footway' />
  </way>
  <way id='1513610928' timestamp='2026-05-14T16:48:20Z' uid='22828305' user='eyob-ka' visible='true' version='1' changeset='182660123'>
    <nd ref='13828425171' />
    <nd ref='13828425172' />
    <tag k='highway' v='steps' />
  </way>
  <way id='1513610929' timestamp='2026-05-14T16:48:20Z' uid='22828305' user='eyob-ka' visible='true' version='1' changeset='182660123'>
    <nd ref='13828425173' />
    <nd ref='13828425174' />
    <nd ref='13828425175' />
    <nd ref='13828425176' />
    <nd ref='13828425177' />
    <nd ref='13828425178' />
    <nd ref='13828425179' />
    <nd ref='13828425180' />
    <tag k='highway' v='footway' />
  </way>
  <way id='1513610930' timestamp='2026-05-15T11:02:30Z' uid='22828305' user='eyob-ka' visible='true' version='2' changeset='182692386'>
    <nd ref='13828425181' />
    <nd ref='13828425182' />
    <nd ref='13828425183' />
    <nd ref='13830589927' />
    <nd ref='13828425184' />
    <nd ref='13828425185' />
    <nd ref='13828425186' />
    <nd ref='13828425187' />
    <tag k='highway' v='footway' />
  </way>
  <way id='1513610931' action='modify' timestamp='2026-05-14T16:48:20Z' uid='22828305' user='eyob-ka' visible='true' version='1' changeset='182660123'>
    <nd ref='3854973198' />
    <nd ref='13828425188' />
    <nd ref='13828425189' />
    <nd ref='13828425190' />
    <nd ref='13828425191' />
    <nd ref='13828425192' />
    <nd ref='13828425193' />
    <nd ref='-29140' />
    <nd ref='13828425194' />
    <nd ref='3854973170' />
    <nd ref='13828425195' />
    <nd ref='13828425196' />
    <nd ref='13828425197' />
    <nd ref='13828425198' />
    <nd ref='13828425199' />
    <nd ref='13828425200' />
    <tag k='highway' v='service' />
  </way>
  <way id='1513632575' action='modify' timestamp='2026-05-14T17:21:29Z' uid='22828305' user='eyob-ka' visible='true' version='1' changeset='182662121'>
    <nd ref='3854973198' />
    <nd ref='13828510411' />
    <nd ref='13828510412' />
    <nd ref='13828510413' />
    <nd ref='13828510414' />
    <nd ref='13828510415' />
    <nd ref='-31017' />
    <nd ref='13828510416' />
    <nd ref='-30998' />
    <nd ref='13828425166' />
    <tag k='highway' v='footway' />
  </way>
  <way id='1513632576' timestamp='2026-05-15T11:02:30Z' uid='22828305' user='eyob-ka' visible='true' version='2' changeset='182692386'>
    <nd ref='9234833062' />
    <nd ref='13830589932' />
    <nd ref='13828510417' />
    <tag k='highway' v='footway' />
  </way>
  <way id='1513632577' action='modify' timestamp='2026-05-15T15:35:58Z' uid='18953770' user='Kharandesert' visible='true' version='2' changeset='182705160'>
    <nd ref='13828510418' />
    <nd ref='-30627' />
    <nd ref='13828510419' />
    <nd ref='13828510420' />
    <tag k='highway' v='footway' />
  </way>
  <way id='1513632578' timestamp='2026-05-15T11:40:15Z' uid='22828305' user='eyob-ka' visible='true' version='2' changeset='182694076'>
    <nd ref='13828510421' />
    <nd ref='13830644387' />
    <nd ref='13828510422' />
    <tag k='highway' v='footway' />
  </way>
  <way id='1513632579' timestamp='2026-05-14T17:21:29Z' uid='22828305' user='eyob-ka' visible='true' version='1' changeset='182662121'>
    <nd ref='13828510423' />
    <nd ref='13828510424' />
    <nd ref='13828510425' />
    <nd ref='13828510426' />
    <tag k='highway' v='footway' />
  </way>
  <way id='1513632580' timestamp='2026-05-14T17:21:29Z' uid='22828305' user='eyob-ka' visible='true' version='1' changeset='182662121'>
    <nd ref='13828510427' />
    <nd ref='13828510428' />
    <tag k='highway' v='footway' />
  </way>
  <way id='1513634425' action='modify' timestamp='2026-05-15T11:51:05Z' uid='24127657' user='ErmiyasGirma' visible='true' version='2' changeset='182694584'>
    <nd ref='3854973230' />
    <nd ref='13830688368' />
    <nd ref='13828456855' />
    <nd ref='13830688372' />
    <nd ref='13828456856' />
    <tag k='highway' v='footway' />
  </way>
  <way id='1513634426' action='modify' timestamp='2026-05-14T17:31:30Z' uid='24127657' user='ErmiyasGirma' visible='true' version='1' changeset='182662505'>
    <nd ref='13828456858' />
    <nd ref='-28210' />
    <nd ref='-28236' />
    <nd ref='13828456859' />
    <nd ref='13828456860' />
    <tag k='highway' v='footway' />
  </way>
  <way id='1513634427' action='modify' timestamp='2026-05-14T17:31:30Z' uid='24127657' user='ErmiyasGirma' visible='true' version='1' changeset='182662505'>
    <nd ref='13828456861' />
    <nd ref='13828456862' />
    <nd ref='-27916' />
    <nd ref='-27917' />
    <tag k='highway' v='footway' />
  </way>
  <way id='1513634428' action='modify' timestamp='2026-05-14T17:31:30Z' uid='24127657' user='ErmiyasGirma' visible='true' version='1' changeset='182662505'>
    <nd ref='13828456863' />
    <nd ref='13828456864' />
    <nd ref='13828456865' />
    <nd ref='-27883' />
    <nd ref='-27813' />
    <nd ref='-27814' />
    <nd ref='-27815' />
    <nd ref='13830688354' />
    <tag k='highway' v='footway' />
  </way>
  <way id='1513634429' action='modify' timestamp='2026-05-14T17:31:30Z' uid='24127657' user='ErmiyasGirma' visible='true' version='1' changeset='182662505'>
    <nd ref='13828456866' />
    <nd ref='-27288' />
    <nd ref='-27305' />
    <nd ref='13828456867' />
    <tag k='highway' v='footway' />
  </way>
  <way id='1513634430' timestamp='2026-05-14T17:31:30Z' uid='24127657' user='ErmiyasGirma' visible='true' version='1' changeset='182662505'>
    <nd ref='13828456867' />
    <nd ref='13828456868' />
    <tag k='highway' v='steps' />
  </way>
  <way id='1513634431' action='modify' timestamp='2026-05-14T17:31:30Z' uid='24127657' user='ErmiyasGirma' visible='true' version='1' changeset='182662505'>
    <nd ref='13828391218' />
    <nd ref='-31197' />
    <nd ref='-31185' />
    <nd ref='13828456873' />
    <nd ref='13828456871' />
    <nd ref='-27778' />
    <nd ref='13828456870' />
    <tag k='highway' v='footway' />
  </way>
  <way id='1513634432' timestamp='2026-05-14T17:31:30Z' uid='24127657' user='ErmiyasGirma' visible='true' version='1' changeset='182662505'>
    <nd ref='13828456871' />
    <nd ref='13828456872' />
    <tag k='highway' v='footway' />
  </way>
  <way id='1513634433' action='delete' timestamp='2026-05-15T11:12:17Z' uid='24127657' user='ErmiyasGirma' visible='true' version='2' changeset='182692839'>
    <tag k='highway' v='footway' />
  </way>
  <way id='1513634434' timestamp='2026-05-14T17:31:30Z' uid='24127657' user='ErmiyasGirma' visible='true' version='1' changeset='182662505'>
    <nd ref='3854973253' />
    <nd ref='13828456882' />
    <nd ref='13828456878' />
    <nd ref='13828456876' />
    <nd ref='13828456877' />
    <tag k='highway' v='footway' />
  </way>
  <way id='1513634435' timestamp='2026-05-14T17:31:30Z' uid='24127657' user='ErmiyasGirma' visible='true' version='1' changeset='182662505'>
    <nd ref='13828456878' />
    <nd ref='13828456879' />
    <tag k='highway' v='footway' />
  </way>
  <way id='1513634436' timestamp='2026-05-14T17:31:30Z' uid='24127657' user='ErmiyasGirma' visible='true' version='1' changeset='182662505'>
    <nd ref='13828456878' />
    <nd ref='13828456880' />
    <nd ref='13828456881' />
    <tag k='highway' v='footway' />
  </way>
  <way id='1513634437' action='modify' timestamp='2026-05-14T17:31:30Z' uid='24127657' user='ErmiyasGirma' visible='true' version='1' changeset='182662505'>
    <nd ref='13828456882' />
    <nd ref='-31095' />
    <nd ref='13828456883' />
    <tag k='highway' v='footway' />
  </way>
  <way id='1513634439' timestamp='2026-05-15T11:12:17Z' uid='24127657' user='ErmiyasGirma' visible='true' version='2' changeset='182692839'>
    <nd ref='3854973265' />
    <nd ref='13828456885' />
    <nd ref='13830609059' />
    <nd ref='13830609060' />
    <tag k='highway' v='footway' />
  </way>
  <way id='1513634440' timestamp='2026-05-14T17:31:30Z' uid='24127657' user='ErmiyasGirma' visible='true' version='1' changeset='182662505'>
    <nd ref='13828456886' />
    <nd ref='13828456887' />
    <nd ref='13828456888' />
    <tag k='highway' v='footway' />
  </way>
  <way id='1513634441' timestamp='2026-05-14T17:31:30Z' uid='24127657' user='ErmiyasGirma' visible='true' version='1' changeset='182662505'>
    <nd ref='13828531001' />
    <nd ref='13828531002' />
    <nd ref='13828531003' />
    <nd ref='13828531004' />
    <nd ref='13828531005' />
    <nd ref='13828531006' />
    <nd ref='13828456891' />
    <nd ref='13828456892' />
    <nd ref='13828456895' />
    <nd ref='13828456896' />
    <nd ref='13828456897' />
    <nd ref='13828456898' />
    <nd ref='13828456899' />
    <nd ref='13828456900' />
    <nd ref='13828456893' />
    <nd ref='13828456894' />
    <nd ref='13828531001' />
    <tag k='amenity' v='fountain' />
  </way>
  <way id='1513634442' timestamp='2026-05-14T17:31:30Z' uid='24127657' user='ErmiyasGirma' visible='true' version='1' changeset='182662505'>
    <nd ref='13828456889' />
    <nd ref='13828531029' />
    <nd ref='13828531007' />
    <nd ref='13828531008' />
    <nd ref='13828531012' />
    <nd ref='13828531009' />
    <nd ref='13828531019' />
    <nd ref='13828531010' />
    <nd ref='13828531011' />
    <nd ref='13828456888' />
    <tag k='highway' v='footway' />
  </way>
  <way id='1513634443' timestamp='2026-05-14T17:31:30Z' uid='24127657' user='ErmiyasGirma' visible='true' version='1' changeset='182662505'>
    <nd ref='13828531007' />
    <nd ref='13828531013' />
    <nd ref='13828531014' />
    <nd ref='13828531015' />
    <nd ref='13828531016' />
    <nd ref='13828531017' />
    <nd ref='13828531018' />
    <nd ref='13828531019' />
    <tag k='highway' v='footway' />
  </way>
  <way id='1513634444' timestamp='2026-05-14T17:31:30Z' uid='24127657' user='ErmiyasGirma' visible='true' version='1' changeset='182662505'>
    <nd ref='13828531017' />
    <nd ref='13828456890' />
    <tag k='highway' v='footway' />
  </way>
  <way id='1513634445' action='modify' timestamp='2026-05-14T17:31:30Z' uid='24127657' user='ErmiyasGirma' visible='true' version='1' changeset='182662505'>
    <nd ref='13828531014' />
    <nd ref='13828531020' />
    <nd ref='-30922' />
    <nd ref='13828531021' />
    <nd ref='13828531022' />
    <nd ref='13828531023' />
    <nd ref='13828531024' />
    <tag k='highway' v='footway' />
  </way>
  <way id='1513634446' action='modify' timestamp='2026-05-14T17:31:30Z' uid='24127657' user='ErmiyasGirma' visible='true' version='1' changeset='182662505'>
    <nd ref='13828531021' />
    <nd ref='-30908' />
    <nd ref='13828531025' />
    <nd ref='13828531026' />
    <nd ref='13828531031' />
    <nd ref='13828531027' />
    <nd ref='13828531028' />
    <tag k='highway' v='footway' />
  </way>
  <way id='1513634447' timestamp='2026-05-14T17:31:30Z' uid='24127657' user='ErmiyasGirma' visible='true' version='1' changeset='182662505'>
    <nd ref='13828531029' />
    <nd ref='13828531030' />
    <nd ref='13828531020' />
    <tag k='highway' v='footway' />
  </way>
  <way id='1513634448' action='modify' timestamp='2026-05-15T11:12:17Z' uid='24127657' user='ErmiyasGirma' visible='true' version='2' changeset='182692839'>
    <nd ref='3854973238' />
    <nd ref='9234833069' />
    <nd ref='13830631210' />
    <nd ref='-32101' />
    <nd ref='13830631209' />
    <nd ref='3854973246' />
    <nd ref='13830609092' />
    <nd ref='3854973252' />
    <nd ref='13830609090' />
    <nd ref='13828187017' />
    <nd ref='-30103' />
    <nd ref='13830609088' />
    <nd ref='3854973260' />
    <tag k='highway' v='service' />
  </way>
  <way id='1513634449' action='modify' timestamp='2026-05-14T17:31:30Z' uid='24127657' user='ErmiyasGirma' visible='true' version='1' changeset='182662505'>
    <nd ref='3854973253' />
    <nd ref='-30817' />
    <nd ref='13828531046' />
    <nd ref='13828391227' />
    <nd ref='13828187045' />
    <nd ref='13828531041' />
    <nd ref='3854973238' />
    <tag k='highway' v='service' />
  </way>
  <way id='1513634450' timestamp='2026-05-14T17:31:30Z' uid='24127657' user='ErmiyasGirma' visible='true' version='1' changeset='182662505'>
    <nd ref='13828531033' />
    <nd ref='13828531034' />
    <nd ref='13828531035' />
    <nd ref='13828531040' />
    <nd ref='13828531036' />
    <nd ref='13828531008' />
    <tag k='highway' v='footway' />
  </way>
  <way id='1513634451' timestamp='2026-05-14T17:31:30Z' uid='24127657' user='ErmiyasGirma' visible='true' version='1' changeset='182662505'>
    <nd ref='13828531034' />
    <nd ref='13828531037' />
    <nd ref='13828531039' />
    <nd ref='13828531038' />
    <nd ref='13828531029' />
    <tag k='highway' v='footway' />
  </way>
  <way id='1513634452' timestamp='2026-05-14T17:31:30Z' uid='24127657' user='ErmiyasGirma' visible='true' version='1' changeset='182662505'>
    <nd ref='13828531040' />
    <nd ref='13828531039' />
    <tag k='highway' v='footway' />
  </way>
  <way id='1513634453' timestamp='2026-05-14T17:31:30Z' uid='24127657' user='ErmiyasGirma' visible='true' version='1' changeset='182662505'>
    <nd ref='13828531041' />
    <nd ref='13828531042' />
    <nd ref='13828531043' />
    <nd ref='13828531044' />
    <nd ref='13828531045' />
    <tag k='highway' v='footway' />
  </way>
  <way id='1513634454' timestamp='2026-05-14T17:31:30Z' uid='24127657' user='ErmiyasGirma' visible='true' version='1' changeset='182662505'>
    <nd ref='13828531046' />
    <nd ref='13828531047' />
    <tag k='highway' v='footway' />
  </way>
  <way id='1513634455' action='modify' timestamp='2026-05-15T11:12:17Z' uid='24127657' user='ErmiyasGirma' visible='true' version='2' changeset='182692839'>
    <nd ref='-27235' />
    <nd ref='13828531048' />
    <nd ref='13828531049' />
    <nd ref='13830609076' />
    <tag k='highway' v='footway' />
  </way>
  <way id='1513634456' timestamp='2026-05-15T11:12:17Z' uid='24127657' user='ErmiyasGirma' visible='true' version='2' changeset='182692839'>
    <nd ref='13828531051' />
    <nd ref='13828531066' />
    <nd ref='13828531052' />
    <nd ref='13828531053' />
    <nd ref='13828531054' />
    <nd ref='13828531055' />
    <nd ref='13828531056' />
    <tag k='highway' v='footway' />
  </way>
  <way id='1513634457' action='modify' timestamp='2026-05-14T17:31:30Z' uid='24127657' user='ErmiyasGirma' visible='true' version='1' changeset='182662505'>
    <nd ref='-30662' />
    <nd ref='13828531057' />
    <nd ref='13828531058' />
    <nd ref='13828531059' />
    <nd ref='13828531060' />
    <tag k='highway' v='footway' />
  </way>
  <way id='1513634458' timestamp='2026-05-14T17:31:30Z' uid='24127657' user='ErmiyasGirma' visible='true' version='1' changeset='182662505'>
    <nd ref='13828531060' />
    <nd ref='13828531061' />
    <tag k='highway' v='steps' />
  </way>
  <way id='1513634459' action='modify' timestamp='2026-05-15T06:13:30Z' uid='24127657' user='ErmiyasGirma' visible='true' version='2' changeset='182680695'>
    <nd ref='13828531061' />
    <nd ref='13828531062' />
    <nd ref='13828531063' />
    <nd ref='13828531064' />
    <nd ref='13828531065' />
    <tag k='highway' v='footway' />
  </way>
  <way id='1513634460' timestamp='2026-05-14T17:31:30Z' uid='24127657' user='ErmiyasGirma' visible='true' version='1' changeset='182662505'>
    <nd ref='13828531058' />
    <nd ref='13828531051' />
    <tag k='highway' v='footway' />
  </way>
  <way id='1513634461' timestamp='2026-05-14T17:31:30Z' uid='24127657' user='ErmiyasGirma' visible='true' version='1' changeset='182662505'>
    <nd ref='13828531059' />
    <nd ref='13828531066' />
    <tag k='highway' v='footway' />
  </way>
  <way id='1513634462' action='modify' timestamp='2026-05-15T11:51:05Z' uid='24127657' user='ErmiyasGirma' visible='true' version='2' changeset='182694584'>
    <nd ref='13828531068' />
    <nd ref='13828531069' />
    <nd ref='13828531070' />
    <nd ref='13828531061' />
    <tag k='highway' v='footway' />
  </way>
  <way id='1513897694' timestamp='2026-05-15T11:12:17Z' uid='24127657' user='ErmiyasGirma' visible='true' version='2' changeset='182692839'>
    <nd ref='13830177917' />
    <nd ref='13830177918' />
    <nd ref='13830177919' />
    <nd ref='13830177920' />
    <nd ref='13830177921' />
    <nd ref='13830177922' />
    <nd ref='13830177923' />
    <nd ref='13830177995' />
    <nd ref='13830609058' />
    <nd ref='13830177997' />
    <nd ref='13830177996' />
    <nd ref='13830177924' />
    <nd ref='13830177925' />
    <nd ref='13830177926' />
    <nd ref='13830177927' />
    <nd ref='13830177917' />
    <tag k='building' v='yes' />
  </way>
  <way id='1513897695' timestamp='2026-05-15T11:51:05Z' uid='24127657' user='ErmiyasGirma' visible='true' version='2' changeset='182694584'>
    <nd ref='13830177928' />
    <nd ref='13830177929' />
    <nd ref='13830177930' />
    <nd ref='13828531045' />
    <nd ref='13830177931' />
    <nd ref='13830177928' />
    <tag k='building' v='yes' />
  </way>
  <way id='1513897696' timestamp='2026-05-15T11:51:05Z' uid='24127657' user='ErmiyasGirma' visible='true' version='3' changeset='182694584'>
    <nd ref='13830177932' />
    <nd ref='13830177933' />
    <nd ref='13830177934' />
    <nd ref='13830609082' />
    <nd ref='13830177935' />
    <nd ref='13828531047' />
    <nd ref='13830177936' />
    <nd ref='13830177937' />
    <nd ref='13830177938' />
    <nd ref='13830177939' />
    <nd ref='13830177932' />
    <tag k='building' v='yes' />
  </way>
  <way id='1513897697' action='modify' timestamp='2026-05-15T11:51:05Z' uid='24127657' user='ErmiyasGirma' visible='true' version='2' changeset='182694584'>
    <nd ref='13830177940' />
    <nd ref='13830177941' />
    <nd ref='-31240' />
    <nd ref='13830177942' />
    <nd ref='13830177943' />
    <nd ref='13830177944' />
    <nd ref='13830177945' />
    <nd ref='13828391219' />
    <nd ref='13830177946' />
    <nd ref='13830177947' />
    <nd ref='13830177940' />
    <tag k='building' v='yes' />
  </way>
  <way id='1513897698' timestamp='2026-05-15T11:12:17Z' uid='24127657' user='ErmiyasGirma' visible='true' version='2' changeset='182692839'>
    <nd ref='13830177948' />
    <nd ref='13830177949' />
    <nd ref='13830177950' />
    <nd ref='13830177951' />
    <nd ref='13830609076' />
    <nd ref='13830177948' />
    <tag k='building' v='yes' />
  </way>
  <way id='1513897699' timestamp='2026-05-15T11:12:17Z' uid='24127657' user='ErmiyasGirma' visible='true' version='2' changeset='182692839'>
    <nd ref='13830177952' />
    <nd ref='13830177953' />
    <nd ref='13830177954' />
    <nd ref='13830177955' />
    <nd ref='13830609078' />
    <nd ref='13830177956' />
    <nd ref='13830177957' />
    <nd ref='13830177958' />
    <nd ref='13830177959' />
    <nd ref='13830609080' />
    <nd ref='13830177952' />
    <tag k='building' v='yes' />
  </way>
  <way id='1513897700' timestamp='2026-05-15T12:08:07Z' uid='24127657' user='ErmiyasGirma' visible='true' version='2' changeset='182695394'>
    <nd ref='13830177960' />
    <nd ref='13830698558' />
    <nd ref='13830177961' />
    <nd ref='13830177962' />
    <nd ref='13830177963' />
    <nd ref='13830177964' />
    <nd ref='13830177965' />
    <nd ref='13830177960' />
    <tag k='area' v='yes' />
    <tag k='man_made' v='ceremonial_gate' />
  </way>
  <way id='1513897701' timestamp='2026-05-15T05:52:43Z' uid='24127657' user='ErmiyasGirma' visible='true' version='1' changeset='182680072'>
    <nd ref='13830177966' />
    <nd ref='13830177967' />
    <nd ref='13830177994' />
    <nd ref='13830177968' />
    <nd ref='13830177969' />
    <nd ref='13830177966' />
    <tag k='leisure' v='pitch' />
    <tag k='sport' v='volleyball' />
  </way>
  <way id='1513897702' timestamp='2026-05-15T05:52:43Z' uid='24127657' user='ErmiyasGirma' visible='true' version='1' changeset='182680072'>
    <nd ref='13830177970' />
    <nd ref='13830177992' />
    <nd ref='13830177971' />
    <nd ref='13830177972' />
    <nd ref='13830177973' />
    <nd ref='13830177974' />
    <nd ref='13830177975' />
    <nd ref='13830177976' />
    <nd ref='13830177977' />
    <nd ref='13830177978' />
    <nd ref='13830177979' />
    <nd ref='13830177980' />
    <nd ref='13830177981' />
    <nd ref='13830177982' />
    <nd ref='13830177983' />
    <nd ref='13830177984' />
    <nd ref='13830177985' />
    <nd ref='13830177986' />
    <nd ref='13830177987' />
    <nd ref='13830177988' />
    <nd ref='13830177989' />
    <nd ref='13830177990' />
    <nd ref='13830177991' />
    <nd ref='13830177970' />
    <tag k='leisure' v='pitch' />
    <tag k='sport' v='soccer' />
  </way>
  <way id='1513897703' timestamp='2026-05-15T05:52:43Z' uid='24127657' user='ErmiyasGirma' visible='true' version='1' changeset='182680072'>
    <nd ref='13830177993' />
    <nd ref='13830177994' />
    <tag k='highway' v='footway' />
  </way>
  <way id='1513899093' timestamp='2026-05-15T11:12:17Z' uid='24127657' user='ErmiyasGirma' visible='true' version='2' changeset='182692839'>
    <nd ref='13830196142' />
    <nd ref='13830196143' />
    <nd ref='13830196144' />
    <nd ref='13830196145' />
    <nd ref='13830609060' />
    <nd ref='13830196142' />
    <tag k='building' v='yes' />
  </way>
  <way id='1513899094' timestamp='2026-05-15T06:13:30Z' uid='24127657' user='ErmiyasGirma' visible='true' version='1' changeset='182680695'>
    <nd ref='13830196146' />
    <nd ref='13830196147' />
    <nd ref='13830196148' />
    <nd ref='13830196149' />
    <nd ref='13830196146' />
    <tag k='building' v='yes' />
  </way>
  <way id='1513899095' timestamp='2026-05-15T06:13:30Z' uid='24127657' user='ErmiyasGirma' visible='true' version='1' changeset='182680695'>
    <nd ref='13830196150' />
    <nd ref='13830196151' />
    <nd ref='13830196152' />
    <nd ref='13830196153' />
    <nd ref='13830196154' />
    <nd ref='13830196155' />
    <nd ref='13828456883' />
    <nd ref='13830196156' />
    <nd ref='13830196157' />
    <nd ref='13830196158' />
    <nd ref='13830196150' />
    <tag k='building' v='yes' />
  </way>
  <way id='1513899096' timestamp='2026-05-15T06:13:30Z' uid='24127657' user='ErmiyasGirma' visible='true' version='1' changeset='182680695'>
    <nd ref='13830196159' />
    <nd ref='13828456881' />
    <nd ref='13830196160' />
    <nd ref='13830196161' />
    <nd ref='13830196162' />
    <nd ref='13830196163' />
    <nd ref='13830196164' />
    <nd ref='13830196165' />
    <nd ref='13830196166' />
    <nd ref='13830196159' />
    <tag k='building' v='yes' />
  </way>
  <way id='1513899097' timestamp='2026-05-15T11:12:17Z' uid='24127657' user='ErmiyasGirma' visible='true' version='2' changeset='182692839'>
    <nd ref='13830196167' />
    <nd ref='13830196168' />
    <nd ref='13830196169' />
    <nd ref='13830196170' />
    <nd ref='13830196171' />
    <nd ref='13830609063' />
    <nd ref='13830196172' />
    <nd ref='13830196173' />
    <nd ref='13830196174' />
    <nd ref='13830196167' />
    <tag k='building' v='yes' />
  </way>
  <way id='1513899098' action='modify' timestamp='2026-05-15T11:12:17Z' uid='24127657' user='ErmiyasGirma' visible='true' version='2' changeset='182692839'>
    <nd ref='13830196175' />
    <nd ref='13830196176' />
    <nd ref='13830196177' />
    <nd ref='13830196178' />
    <nd ref='13830196179' />
    <nd ref='13830196180' />
    <nd ref='13830196181' />
    <nd ref='13830609065' />
    <nd ref='13830196182' />
    <nd ref='-30717' />
    <nd ref='13830196175' />
    <tag k='building' v='yes' />
  </way>
  <way id='1513899099' timestamp='2026-05-15T06:13:30Z' uid='24127657' user='ErmiyasGirma' visible='true' version='1' changeset='182680695'>
    <nd ref='13830196183' />
    <nd ref='13830196184' />
    <nd ref='13830196185' />
    <nd ref='13830196186' />
    <nd ref='13828456877' />
    <nd ref='13830196183' />
    <tag k='building' v='yes' />
  </way>
  <way id='1513899100' action='modify' timestamp='2026-05-15T06:13:30Z' uid='24127657' user='ErmiyasGirma' visible='true' version='1' changeset='182680695'>
    <nd ref='13830196187' />
    <nd ref='13830196188' />
    <nd ref='13830196189' />
    <nd ref='13830196190' />
    <nd ref='-30753' />
    <nd ref='13830196191' />
    <nd ref='13830196192' />
    <nd ref='13830196193' />
    <nd ref='13828456879' />
    <nd ref='13830196187' />
    <tag k='building' v='yes' />
  </way>
  <way id='1513899101' timestamp='2026-05-15T06:13:30Z' uid='24127657' user='ErmiyasGirma' visible='true' version='1' changeset='182680695'>
    <nd ref='13830196194' />
    <nd ref='13830196195' />
    <nd ref='13830196196' />
    <nd ref='13830196197' />
    <nd ref='13830196198' />
    <nd ref='13830196199' />
    <nd ref='13830196200' />
    <nd ref='13830200401' />
    <nd ref='13830196194' />
    <tag k='building' v='yes' />
  </way>
  <way id='1513899102' timestamp='2026-05-15T11:12:17Z' uid='24127657' user='ErmiyasGirma' visible='true' version='2' changeset='182692839'>
    <nd ref='13830200402' />
    <nd ref='13830200403' />
    <nd ref='13830609071' />
    <nd ref='13830200404' />
    <nd ref='13830200405' />
    <nd ref='13830609068' />
    <nd ref='13830200402' />
    <tag k='building' v='yes' />
  </way>
  <way id='1513899103' timestamp='2026-05-15T06:13:30Z' uid='24127657' user='ErmiyasGirma' visible='true' version='1' changeset='182680695'>
    <nd ref='13830200406' />
    <nd ref='13830200407' />
    <nd ref='13830200408' />
    <nd ref='13830200409' />
    <nd ref='13830200410' />
    <nd ref='13830200411' />
    <nd ref='13830200412' />
    <nd ref='13830200413' />
    <nd ref='13830200415' />
    <nd ref='13830200406' />
    <tag k='building' v='yes' />
  </way>
  <way id='1513899104' timestamp='2026-05-15T06:13:30Z' uid='24127657' user='ErmiyasGirma' visible='true' version='1' changeset='182680695'>
    <nd ref='13830200414' />
    <nd ref='13830200415' />
    <tag k='highway' v='footway' />
  </way>
  <way id='1513899105' action='modify' timestamp='2026-05-15T11:12:17Z' uid='24127657' user='ErmiyasGirma' visible='true' version='2' changeset='182692839'>
    <nd ref='13830200416' />
    <nd ref='13830200417' />
    <nd ref='13830200418' />
    <nd ref='13830200419' />
    <nd ref='-30662' />
    <nd ref='13830200420' />
    <nd ref='13830200421' />
    <nd ref='13830200422' />
    <nd ref='13830200423' />
    <nd ref='13830609066' />
    <nd ref='13830200416' />
    <tag k='building' v='yes' />
  </way>
  <way id='1513899106' action='modify' timestamp='2026-05-15T11:51:05Z' uid='24127657' user='ErmiyasGirma' visible='true' version='3' changeset='182694584'>
    <nd ref='13830200424' />
    <nd ref='-32267' />
    <nd ref='13830200426' />
    <nd ref='13830200427' />
    <nd ref='13830200428' />
    <nd ref='13830200429' />
    <nd ref='-32378' />
    <nd ref='13830200431' />
    <nd ref='13830200432' />
    <nd ref='13830200433' />
    <nd ref='13830200424' />
    <tag k='amenity' v='cafe' />
    <tag k='building' v='yes' />
  </way>
  <way id='1513899107' timestamp='2026-05-15T06:13:30Z' uid='24127657' user='ErmiyasGirma' visible='true' version='1' changeset='182680695'>
    <nd ref='13830200434' />
    <nd ref='13830200435' />
    <nd ref='13830200436' />
    <nd ref='13830200437' />
    <nd ref='13830200438' />
    <nd ref='13830200439' />
    <nd ref='13830200434' />
    <tag k='building' v='yes' />
  </way>
  <way id='1513899108' timestamp='2026-05-15T11:12:17Z' uid='24127657' user='ErmiyasGirma' visible='true' version='2' changeset='182692839'>
    <nd ref='13830200440' />
    <nd ref='13830200441' />
    <nd ref='13830200442' />
    <nd ref='13830200443' />
    <nd ref='13830200444' />
    <nd ref='13830200445' />
    <nd ref='13830609072' />
    <nd ref='13830200446' />
    <nd ref='13830200447' />
    <nd ref='13830200448' />
    <nd ref='13830200449' />
    <nd ref='13830200450' />
    <nd ref='13830200451' />
    <nd ref='13830200452' />
    <nd ref='13830200453' />
    <nd ref='13830200454' />
    <nd ref='13830200440' />
    <tag k='building' v='yes' />
  </way>
  <way id='1513902488' timestamp='2026-05-15T10:19:00Z' uid='22828305' user='eyob-ka' visible='true' version='2' changeset='182690602'>
    <nd ref='13830231070' />
    <nd ref='13830231071' />
    <nd ref='13830231072' />
    <nd ref='13830231073' />
    <nd ref='13830231074' />
    <nd ref='13830231075' />
    <nd ref='13830231076' />
    <nd ref='13830231077' />
    <nd ref='13830231078' />
    <nd ref='13830231070' />
    <tag k='building' v='yes' />
  </way>
  <way id='1513902489' timestamp='2026-05-15T11:02:30Z' uid='22828305' user='eyob-ka' visible='true' version='2' changeset='182692386'>
    <nd ref='13830231080' />
    <nd ref='13830231081' />
    <nd ref='13830231082' />
    <nd ref='13830231083' />
    <nd ref='13830589982' />
    <nd ref='13830231080' />
    <tag k='building' v='yes' />
  </way>
  <way id='1513902490' timestamp='2026-05-15T11:40:15Z' uid='22828305' user='eyob-ka' visible='true' version='2' changeset='182694076'>
    <nd ref='13830231084' />
    <nd ref='13830231085' />
    <nd ref='13830231086' />
    <nd ref='13830231087' />
    <nd ref='13830673504' />
    <nd ref='13830231084' />
    <tag k='building' v='yes' />
  </way>
  <way id='1513902491' timestamp='2026-05-15T11:40:15Z' uid='22828305' user='eyob-ka' visible='true' version='2' changeset='182694076'>
    <nd ref='13830231088' />
    <nd ref='13830673501' />
    <nd ref='13830231089' />
    <nd ref='13830231090' />
    <nd ref='13830231091' />
    <nd ref='13830231088' />
    <tag k='building' v='yes' />
  </way>
  <way id='1513902492' timestamp='2026-05-15T06:39:43Z' uid='22828305' user='eyob-ka' visible='true' version='1' changeset='182681580'>
    <nd ref='13830231092' />
    <nd ref='13830231093' />
    <nd ref='13830231094' />
    <nd ref='13830231095' />
    <nd ref='13830231096' />
    <nd ref='13830231097' />
    <nd ref='13830231098' />
    <nd ref='13830231099' />
    <nd ref='13830231100' />
    <nd ref='13830232601' />
    <nd ref='13830231092' />
    <tag k='building' v='yes' />
  </way>
  <way id='1513902493' timestamp='2026-05-15T11:02:30Z' uid='22828305' user='eyob-ka' visible='true' version='2' changeset='182692386'>
    <nd ref='13830232602' />
    <nd ref='13830232603' />
    <nd ref='13830232604' />
    <nd ref='13830232605' />
    <nd ref='13830232606' />
    <nd ref='13830232607' />
    <nd ref='13830232608' />
    <nd ref='13830232609' />
    <nd ref='13830589975' />
    <nd ref='13830232602' />
    <tag k='building' v='yes' />
  </way>
  <way id='1513902494' action='modify' timestamp='2026-05-15T06:39:43Z' uid='22828305' user='eyob-ka' visible='true' version='1' changeset='182681580'>
    <nd ref='-32930' />
    <nd ref='13830232612' />
    <nd ref='13830232613' />
    <nd ref='13830232614' />
    <nd ref='13830232615' />
    <nd ref='13830232616' />
    <nd ref='-32930' />
    <tag k='building' v='yes' />
  </way>
  <way id='1513902495' timestamp='2026-05-15T11:02:30Z' uid='22828305' user='eyob-ka' visible='true' version='4' changeset='182692386'>
    <nd ref='13830232618' />
    <nd ref='13830232619' />
    <nd ref='13830232620' />
    <nd ref='13830232621' />
    <nd ref='13830232622' />
    <nd ref='13830589971' />
    <nd ref='13830232625' />
    <nd ref='13830232626' />
    <nd ref='13830232627' />
    <nd ref='13830232618' />
    <tag k='building' v='yes' />
    <tag k='education' v='yes' />
  </way>
  <way id='1513902496' timestamp='2026-05-15T11:02:30Z' uid='22828305' user='eyob-ka' visible='true' version='4' changeset='182692386'>
    <nd ref='13830232629' />
    <nd ref='13830232630' />
    <nd ref='13830232631' />
    <nd ref='13830232632' />
    <nd ref='13830232633' />
    <nd ref='13830232634' />
    <nd ref='13830232635' />
    <nd ref='13830232636' />
    <nd ref='13830589972' />
    <nd ref='13830232629' />
    <tag k='building' v='yes' />
    <tag k='education' v='yes' />
  </way>
  <way id='1513902497' timestamp='2026-05-15T11:40:15Z' uid='22828305' user='eyob-ka' visible='true' version='3' changeset='182694076'>
    <nd ref='13830232637' />
    <nd ref='13830232638' />
    <nd ref='13830232639' />
    <nd ref='13830232640' />
    <nd ref='13830673535' />
    <nd ref='13830232637' />
    <tag k='building' v='residential' />
  </way>
  <way id='1513902498' timestamp='2026-05-15T11:40:15Z' uid='22828305' user='eyob-ka' visible='true' version='3' changeset='182694076'>
    <nd ref='13830232641' />
    <nd ref='13830232642' />
    <nd ref='13830232643' />
    <nd ref='13830232644' />
    <nd ref='13830644373' />
    <nd ref='13830232641' />
    <tag k='building' v='residential' />
  </way>
  <way id='1513902499' timestamp='2026-05-15T11:40:15Z' uid='22828305' user='eyob-ka' visible='true' version='3' changeset='182694076'>
    <nd ref='13830232645' />
    <nd ref='13830232646' />
    <nd ref='13830232647' />
    <nd ref='13830232648' />
    <nd ref='13830644371' />
    <nd ref='13830232645' />
    <tag k='building' v='residential' />
  </way>
  <way id='1513902500' timestamp='2026-05-15T11:02:30Z' uid='22828305' user='eyob-ka' visible='true' version='3' changeset='182692386'>
    <nd ref='13830232649' />
    <nd ref='13830607103' />
    <nd ref='13830232650' />
    <nd ref='13830232651' />
    <nd ref='13830232652' />
    <nd ref='13830232649' />
    <tag k='building' v='residential' />
  </way>
  <way id='1513902501' timestamp='2026-05-15T11:02:30Z' uid='22828305' user='eyob-ka' visible='true' version='3' changeset='182692386'>
    <nd ref='13830232653' />
    <nd ref='13830232654' />
    <nd ref='13830232655' />
    <nd ref='13830232656' />
    <nd ref='13830232657' />
    <nd ref='13830232658' />
    <nd ref='13830232659' />
    <nd ref='13830232660' />
    <nd ref='13830589996' />
    <nd ref='13830232653' />
    <tag k='amenity' v='cafe' />
    <tag k='building' v='yes' />
  </way>
  <way id='1513902502' timestamp='2026-05-15T11:40:15Z' uid='22828305' user='eyob-ka' visible='true' version='3' changeset='182694076'>
    <nd ref='13830232661' />
    <nd ref='13830232662' />
    <nd ref='13830232663' />
    <nd ref='13830232664' />
    <nd ref='13830232665' />
    <nd ref='13830589969' />
    <nd ref='13830232666' />
    <nd ref='13830232667' />
    <nd ref='13830232668' />
    <nd ref='13830644386' />
    <nd ref='13830232661' />
    <tag k='building' v='yes' />
  </way>
  <way id='1513902503' timestamp='2026-05-15T11:02:30Z' uid='22828305' user='eyob-ka' visible='true' version='2' changeset='182692386'>
    <nd ref='13830232669' />
    <nd ref='13830232670' />
    <nd ref='13830232671' />
    <nd ref='13830232672' />
    <nd ref='13830232673' />
    <nd ref='13830232674' />
    <nd ref='13830232675' />
    <nd ref='13830232676' />
    <nd ref='13830589965' />
    <nd ref='13830232669' />
    <tag k='building' v='yes' />
  </way>
  <way id='1513902504' timestamp='2026-05-15T06:39:43Z' uid='22828305' user='eyob-ka' visible='true' version='1' changeset='182681580'>
    <nd ref='13830232677' />
    <nd ref='13830232678' />
    <nd ref='13830232679' />
    <nd ref='13830232680' />
    <nd ref='13830232681' />
    <nd ref='13830232682' />
    <nd ref='13830232683' />
    <nd ref='13830232684' />
    <nd ref='13830232677' />
    <tag k='building' v='yes' />
  </way>
  <way id='1513902505' timestamp='2026-05-15T11:02:30Z' uid='22828305' user='eyob-ka' visible='true' version='2' changeset='182692386'>
    <nd ref='13830232685' />
    <nd ref='13830232686' />
    <nd ref='13830232687' />
    <nd ref='13830232688' />
    <nd ref='13830232689' />
    <nd ref='13830232690' />
    <nd ref='13830232691' />
    <nd ref='13830232692' />
    <nd ref='13830589964' />
    <nd ref='13830232685' />
    <tag k='building' v='yes' />
  </way>
  <way id='1513902506' timestamp='2026-05-15T11:02:30Z' uid='22828305' user='eyob-ka' visible='true' version='2' changeset='182692386'>
    <nd ref='13830232693' />
    <nd ref='13830232694' />
    <nd ref='13830589977' />
    <nd ref='13830232695' />
    <nd ref='13830232696' />
    <nd ref='13830232697' />
    <nd ref='13830232698' />
    <nd ref='13830232699' />
    <nd ref='13830232700' />
    <nd ref='13830232693' />
    <tag k='building' v='yes' />
  </way>
  <way id='1513902507' timestamp='2026-05-15T11:02:30Z' uid='22828305' user='eyob-ka' visible='true' version='2' changeset='182692386'>
    <nd ref='13830232701' />
    <nd ref='13830232702' />
    <nd ref='13830589980' />
    <nd ref='13830232703' />
    <nd ref='13830232704' />
    <nd ref='13830232701' />
    <tag k='building' v='yes' />
  </way>
  <way id='1513902508' timestamp='2026-05-15T11:40:15Z' uid='22828305' user='eyob-ka' visible='true' version='2' changeset='182694076'>
    <nd ref='13830232705' />
    <nd ref='13830232706' />
    <nd ref='13830232707' />
    <nd ref='13830232708' />
    <nd ref='13830644383' />
    <nd ref='13830232709' />
    <nd ref='13830232710' />
    <nd ref='13830232711' />
    <nd ref='13830232712' />
    <nd ref='13830232705' />
    <tag k='building' v='yes' />
  </way>
  <way id='1513902509' timestamp='2026-05-15T06:39:43Z' uid='22828305' user='eyob-ka' visible='true' version='1' changeset='182681580'>
    <nd ref='13830232713' />
    <nd ref='13830232714' />
    <nd ref='13830232715' />
    <nd ref='13830232716' />
    <nd ref='13830232717' />
    <nd ref='13830232718' />
    <nd ref='13830232719' />
    <nd ref='13830232720' />
    <nd ref='13830232713' />
    <tag k='building' v='yes' />
  </way>
  <way id='1513902510' timestamp='2026-05-15T11:02:30Z' uid='22828305' user='eyob-ka' visible='true' version='2' changeset='182692386'>
    <nd ref='13830232721' />
    <nd ref='13830232722' />
    <nd ref='13830232723' />
    <nd ref='13830232724' />
    <nd ref='13830589984' />
    <nd ref='13830232721' />
    <tag k='building' v='yes' />
  </way>
  <way id='1513902511' timestamp='2026-05-15T11:40:15Z' uid='22828305' user='eyob-ka' visible='true' version='2' changeset='182694076'>
    <nd ref='13830232725' />
    <nd ref='13830232726' />
    <nd ref='13830232727' />
    <nd ref='13830232728' />
    <nd ref='13830644385' />
    <nd ref='13830232725' />
    <tag k='building' v='yes' />
  </way>
  <way id='1513902512' timestamp='2026-05-15T11:40:15Z' uid='22828305' user='eyob-ka' visible='true' version='2' changeset='182694076'>
    <nd ref='13830232729' />
    <nd ref='13830232730' />
    <nd ref='13830232731' />
    <nd ref='13830232732' />
    <nd ref='13830232733' />
    <nd ref='13830644378' />
    <nd ref='13830232734' />
    <nd ref='13830232735' />
    <nd ref='13830232736' />
    <nd ref='13830232729' />
    <tag k='building' v='yes' />
  </way>
  <way id='1513902513' timestamp='2026-05-15T11:40:15Z' uid='22828305' user='eyob-ka' visible='true' version='2' changeset='182694076'>
    <nd ref='13830232737' />
    <nd ref='13830232738' />
    <nd ref='13830232739' />
    <nd ref='13830232740' />
    <nd ref='13830232741' />
    <nd ref='13830232742' />
    <nd ref='13830232743' />
    <nd ref='13830644379' />
    <nd ref='13830232744' />
    <nd ref='13830232737' />
    <tag k='building' v='yes' />
  </way>
  <way id='1513902514' timestamp='2026-05-15T06:39:43Z' uid='22828305' user='eyob-ka' visible='true' version='1' changeset='182681580'>
    <nd ref='13830232745' />
    <nd ref='13830232746' />
    <nd ref='13830232747' />
    <nd ref='13830232748' />
    <nd ref='13830232745' />
    <tag k='building' v='yes' />
  </way>
  <way id='1513902515' timestamp='2026-05-15T06:39:43Z' uid='22828305' user='eyob-ka' visible='true' version='1' changeset='182681580'>
    <nd ref='13830232749' />
    <nd ref='13830232750' />
    <nd ref='13830232751' />
    <nd ref='13830232752' />
    <nd ref='13830232753' />
    <nd ref='13830232754' />
    <nd ref='13830232755' />
    <nd ref='13830232756' />
    <nd ref='13830232749' />
    <tag k='building' v='yes' />
  </way>
  <way id='1513902516' timestamp='2026-05-15T06:39:43Z' uid='22828305' user='eyob-ka' visible='true' version='1' changeset='182681580'>
    <nd ref='13830232757' />
    <nd ref='13830232758' />
    <nd ref='13830232759' />
    <nd ref='13830232760' />
    <nd ref='13830232761' />
    <nd ref='13830232762' />
    <nd ref='13830232763' />
    <nd ref='13830232764' />
    <nd ref='13830232757' />
    <tag k='building' v='yes' />
  </way>
  <way id='1513902517' action='modify' timestamp='2026-05-15T11:02:30Z' uid='22828305' user='eyob-ka' visible='true' version='2' changeset='182692386'>
    <nd ref='13830232765' />
    <nd ref='13830232766' />
    <nd ref='13830589963' />
    <nd ref='13830232767' />
    <nd ref='-32679' />
    <nd ref='13830232769' />
    <nd ref='13830232770' />
    <nd ref='13830232771' />
    <nd ref='13830232772' />
    <nd ref='13830232773' />
    <nd ref='13830232774' />
    <nd ref='13830232775' />
    <nd ref='13830232776' />
    <nd ref='13830232765' />
    <tag k='building' v='yes' />
  </way>
  <way id='1513902518' timestamp='2026-05-15T11:02:30Z' uid='22828305' user='eyob-ka' visible='true' version='2' changeset='182692386'>
    <nd ref='13830232777' />
    <nd ref='13830232778' />
    <nd ref='13830232779' />
    <nd ref='13830232780' />
    <nd ref='13830232781' />
    <nd ref='13830232782' />
    <nd ref='13830232783' />
    <nd ref='13830232784' />
    <nd ref='13830589957' />
    <nd ref='13830232777' />
    <tag k='building' v='yes' />
  </way>
  <way id='1513902519' action='modify' timestamp='2026-05-15T11:02:30Z' uid='22828305' user='eyob-ka' visible='true' version='2' changeset='182692386'>
    <nd ref='13830232789' />
    <nd ref='13830232790' />
    <nd ref='-32800' />
    <nd ref='-32793' />
    <nd ref='-33088' />
    <nd ref='-33051' />
    <nd ref='-32833' />
    <nd ref='-33057' />
    <nd ref='-33058' />
    <nd ref='-33059' />
    <nd ref='13830232789' />
    <tag k='building' v='yes' />
  </way>
  <way id='1513902520' timestamp='2026-05-15T11:02:30Z' uid='22828305' user='eyob-ka' visible='true' version='2' changeset='182692386'>
    <nd ref='13830232793' />
    <nd ref='13830232794' />
    <nd ref='13830232795' />
    <nd ref='13830232796' />
    <nd ref='13830232797' />
    <nd ref='13830232798' />
    <nd ref='13830232799' />
    <nd ref='13830232800' />
    <nd ref='13830589950' />
    <nd ref='13830232793' />
    <tag k='building' v='yes' />
  </way>
  <way id='1513902521' timestamp='2026-05-15T06:52:27Z' uid='22828305' user='eyob-ka' visible='true' version='2' changeset='182682018'>
    <nd ref='13830232815' />
    <nd ref='13830232816' />
    <nd ref='13830232817' />
    <nd ref='13830232818' />
    <nd ref='13830232801' />
    <nd ref='13830232802' />
    <nd ref='13830232803' />
    <nd ref='13830232804' />
    <nd ref='13830232810' />
    <nd ref='13830232811' />
    <nd ref='13830232812' />
    <nd ref='13830232813' />
    <nd ref='13830232814' />
    <nd ref='13830232805' />
    <nd ref='13830232806' />
    <nd ref='13830232807' />
    <nd ref='13830232808' />
    <nd ref='13830232809' />
    <nd ref='13830232815' />
    <tag k='amenity' v='cafe' />
    <tag k='building' v='yes' />
  </way>
  <way id='1513902522' action='modify' timestamp='2026-05-15T06:39:43Z' uid='22828305' user='eyob-ka' visible='true' version='1' changeset='182681580'>
    <nd ref='13830232820' />
    <nd ref='13830232821' />
    <nd ref='13830232822' />
    <nd ref='13830232823' />
    <nd ref='13830232824' />
    <nd ref='13830232825' />
    <nd ref='13830232826' />
    <nd ref='-32281' />
    <nd ref='13830232820' />
    <tag k='building' v='yes' />
  </way>
  <way id='1513902523' timestamp='2026-05-15T06:39:43Z' uid='22828305' user='eyob-ka' visible='true' version='1' changeset='182681580'>
    <nd ref='13830232827' />
    <nd ref='13830232828' />
    <nd ref='13830232829' />
    <nd ref='13830232830' />
    <nd ref='13830232831' />
    <nd ref='13830232832' />
    <nd ref='13830232833' />
    <nd ref='13830232834' />
    <nd ref='13830232827' />
    <tag k='building' v='yes' />
  </way>
  <way id='1513902524' timestamp='2026-05-15T11:02:30Z' uid='22828305' user='eyob-ka' visible='true' version='3' changeset='182692386'>
    <nd ref='13830232835' />
    <nd ref='13830232836' />
    <nd ref='13830589991' />
    <nd ref='13830232837' />
    <nd ref='13830232838' />
    <nd ref='13830232835' />
    <tag k='amenity' v='conference_centre' />
    <tag k='building' v='yes' />
  </way>
  <way id='1513902525' action='modify' timestamp='2026-05-15T06:39:43Z' uid='22828305' user='eyob-ka' visible='true' version='1' changeset='182681580'>
    <nd ref='13830232839' />
    <nd ref='13830232840' />
    <nd ref='13830232841' />
    <nd ref='13830232842' />
    <nd ref='-32612' />
    <nd ref='13830232839' />
    <tag k='building' v='yes' />
  </way>
  <way id='1513902526' timestamp='2026-05-15T11:02:30Z' uid='22828305' user='eyob-ka' visible='true' version='2' changeset='182692386'>
    <nd ref='13830232847' />
    <nd ref='13830232848' />
    <nd ref='13830232849' />
    <nd ref='13830232850' />
    <nd ref='13830232851' />
    <nd ref='13830232852' />
    <nd ref='13830232853' />
    <nd ref='13830232854' />
    <nd ref='13830589947' />
    <nd ref='13830232847' />
    <tag k='building' v='yes' />
  </way>
  <way id='1513902527' timestamp='2026-05-15T06:39:43Z' uid='22828305' user='eyob-ka' visible='true' version='1' changeset='182681580'>
    <nd ref='13830232855' />
    <nd ref='13830232856' />
    <nd ref='13830232857' />
    <nd ref='13830232858' />
    <nd ref='13830232855' />
    <tag k='building' v='yes' />
  </way>
  <way id='1513902528' timestamp='2026-05-15T11:02:30Z' uid='22828305' user='eyob-ka' visible='true' version='3' changeset='182692386'>
    <nd ref='13830232859' />
    <nd ref='13830232860' />
    <nd ref='13830232861' />
    <nd ref='13830232862' />
    <nd ref='13830589936' />
    <nd ref='13830232859' />
    <tag k='building' v='residential' />
  </way>
  <way id='1513902529' timestamp='2026-05-15T11:02:30Z' uid='22828305' user='eyob-ka' visible='true' version='3' changeset='182692386'>
    <nd ref='13830232863' />
    <nd ref='13830232864' />
    <nd ref='13830232865' />
    <nd ref='13830232866' />
    <nd ref='13830589945' />
    <nd ref='13830232863' />
    <tag k='building' v='residential' />
  </way>
  <way id='1513902530' timestamp='2026-05-15T11:02:30Z' uid='22828305' user='eyob-ka' visible='true' version='3' changeset='182692386'>
    <nd ref='13830232867' />
    <nd ref='13830232868' />
    <nd ref='13830589930' />
    <nd ref='13830232869' />
    <nd ref='13830232870' />
    <nd ref='13830232867' />
    <tag k='building' v='residential' />
  </way>
  <way id='1513902531' timestamp='2026-05-15T11:02:30Z' uid='22828305' user='eyob-ka' visible='true' version='3' changeset='182692386'>
    <nd ref='13830232871' />
    <nd ref='13830232872' />
    <nd ref='13830589938' />
    <nd ref='13830232873' />
    <nd ref='13830232874' />
    <nd ref='13830232871' />
    <tag k='building' v='residential' />
  </way>
  <way id='1513902532' timestamp='2026-05-15T11:02:30Z' uid='22828305' user='eyob-ka' visible='true' version='3' changeset='182692386'>
    <nd ref='13830232875' />
    <nd ref='13830589941' />
    <nd ref='13830232876' />
    <nd ref='13830232877' />
    <nd ref='13830232878' />
    <nd ref='13830589944' />
    <nd ref='13830232875' />
    <tag k='building' v='residential' />
  </way>
  <way id='1513902533' timestamp='2026-05-15T11:40:15Z' uid='22828305' user='eyob-ka' visible='true' version='3' changeset='182694076'>
    <nd ref='13830232879' />
    <nd ref='13830644390' />
    <nd ref='13830232880' />
    <nd ref='13830232881' />
    <nd ref='13830232882' />
    <nd ref='13830232879' />
    <tag k='building' v='residential' />
  </way>
  <way id='1513902534' timestamp='2026-05-15T11:40:15Z' uid='22828305' user='eyob-ka' visible='true' version='4' changeset='182694076'>
    <nd ref='13830232883' />
    <nd ref='13830232884' />
    <nd ref='13830232885' />
    <nd ref='13830232886' />
    <nd ref='13830232887' />
    <nd ref='13830232888' />
    <nd ref='13830232889' />
    <nd ref='13830232890' />
    <nd ref='13828425163' />
    <nd ref='13830232891' />
    <nd ref='13830232892' />
    <nd ref='13830232893' />
    <nd ref='13830232894' />
    <nd ref='13830589918' />
    <nd ref='13830232895' />
    <nd ref='13830232896' />
    <nd ref='13830232883' />
    <tag k='amenity' v='cafe' />
    <tag k='building' v='yes' />
  </way>
  <way id='1513902535' timestamp='2026-05-15T11:02:30Z' uid='22828305' user='eyob-ka' visible='true' version='2' changeset='182692386'>
    <nd ref='13830232897' />
    <nd ref='13830232898' />
    <nd ref='13830232899' />
    <nd ref='13830232900' />
    <nd ref='13830589924' />
    <nd ref='13830232901' />
    <nd ref='13830232902' />
    <nd ref='13830232903' />
    <nd ref='13830232904' />
    <nd ref='13830232905' />
    <nd ref='13830232906' />
    <nd ref='13830232907' />
    <nd ref='13830232908' />
    <nd ref='13830232897' />
    <tag k='building' v='hospital' />
  </way>
  <way id='1513902536' timestamp='2026-05-15T11:02:30Z' uid='22828305' user='eyob-ka' visible='true' version='2' changeset='182692386'>
    <nd ref='13830232909' />
    <nd ref='13830589925' />
    <nd ref='13830232910' />
    <nd ref='13830232911' />
    <nd ref='13830232912' />
    <nd ref='13830232913' />
    <nd ref='13830232914' />
    <nd ref='13830232915' />
    <nd ref='13830232916' />
    <nd ref='13830232909' />
    <tag k='building' v='yes' />
    <tag k='leisure' v='fitness_centre' />
  </way>
  <way id='1513902537' timestamp='2026-05-15T11:02:30Z' uid='22828305' user='eyob-ka' visible='true' version='3' changeset='182692386'>
    <nd ref='13830232917' />
    <nd ref='13830232918' />
    <nd ref='13830589926' />
    <nd ref='13830232919' />
    <nd ref='13830232920' />
    <nd ref='13830232921' />
    <nd ref='13830232922' />
    <nd ref='13830232923' />
    <nd ref='13830232924' />
    <nd ref='13830232917' />
    <tag k='amenity' v='cafe' />
    <tag k='building' v='yes' />
  </way>
  <way id='1513902538' action='modify' timestamp='2026-05-15T11:02:30Z' uid='22828305' user='eyob-ka' visible='true' version='3' changeset='182692386'>
    <nd ref='13830232925' />
    <nd ref='13830232926' />
    <nd ref='13830232927' />
    <nd ref='13830232928' />
    <nd ref='13830589989' />
    <nd ref='-31053' />
    <nd ref='13830232925' />
    <tag k='amenity' v='conference_centre' />
    <tag k='building' v='yes' />
  </way>
  <way id='1513902539' timestamp='2026-05-15T11:02:30Z' uid='22828305' user='eyob-ka' visible='true' version='2' changeset='182692386'>
    <nd ref='13830232929' />
    <nd ref='13830232930' />
    <nd ref='13830232931' />
    <nd ref='13830232932' />
    <nd ref='13830232933' />
    <nd ref='13830232934' />
    <nd ref='13830232935' />
    <nd ref='13830589987' />
    <nd ref='13830232936' />
    <nd ref='13830232937' />
    <nd ref='13830232938' />
    <nd ref='13830232939' />
    <nd ref='13830232940' />
    <nd ref='13830232929' />
    <tag k='building' v='yes' />
  </way>
  <way id='1513902540' timestamp='2026-05-15T11:02:30Z' uid='22828305' user='eyob-ka' visible='true' version='2' changeset='182692386'>
    <nd ref='13830232941' />
    <nd ref='13830232942' />
    <nd ref='13830232943' />
    <nd ref='13830232944' />
    <nd ref='13830232945' />
    <nd ref='13830232946' />
    <nd ref='13830232947' />
    <nd ref='13830589954' />
    <nd ref='13830232948' />
    <nd ref='13830232941' />
    <tag k='building' v='yes' />
  </way>
  <way id='1513902541' timestamp='2026-05-15T11:40:15Z' uid='22828305' user='eyob-ka' visible='true' version='3' changeset='182694076'>
    <nd ref='13830232949' />
    <nd ref='13830232950' />
    <nd ref='13830232951' />
    <nd ref='13830232952' />
    <nd ref='13830644388' />
    <nd ref='13830232949' />
    <tag k='building' v='residential' />
  </way>
  <way id='1513902543' timestamp='2026-05-15T06:39:43Z' uid='22828305' user='eyob-ka' visible='true' version='1' changeset='182681580'>
    <nd ref='13830232954' />
    <nd ref='13830232955' />
    <nd ref='13830232956' />
    <nd ref='13830232957' />
    <tag k='highway' v='footway' />
  </way>
  <way id='1513902544' timestamp='2026-05-15T06:39:43Z' uid='22828305' user='eyob-ka' visible='true' version='1' changeset='182681580'>
    <nd ref='13830232958' />
    <nd ref='13830232959' />
    <tag k='highway' v='footway' />
  </way>
  <way id='1513909356' action='modify' timestamp='2026-05-15T06:52:27Z' uid='22828305' user='eyob-ka' visible='true' version='1' changeset='182682018'>
    <nd ref='13830261217' />
    <nd ref='13830261218' />
    <nd ref='13830261219' />
    <nd ref='-31703' />
    <nd ref='13830261220' />
    <nd ref='-31694' />
    <nd ref='13830261221' />
    <nd ref='13830261222' />
    <nd ref='13830261223' />
    <nd ref='13830261224' />
    <nd ref='13830261225' />
    <nd ref='13830261226' />
    <nd ref='13830261217' />
    <tag k='building' v='construction' />
  </way>
  <way id='1513909357' timestamp='2026-05-15T11:40:15Z' uid='22828305' user='eyob-ka' visible='true' version='2' changeset='182694076'>
    <nd ref='13830261227' />
    <nd ref='13830261228' />
    <nd ref='13830261229' />
    <nd ref='13830261230' />
    <nd ref='13830261231' />
    <nd ref='13830261232' />
    <nd ref='13830261233' />
    <nd ref='13830261234' />
    <nd ref='13830261235' />
    <nd ref='13830261236' />
    <nd ref='13830261237' />
    <nd ref='13830261238' />
    <nd ref='13830261239' />
    <nd ref='13830261240' />
    <nd ref='7991406481' />
    <nd ref='13830261242' />
    <nd ref='13830261243' />
    <nd ref='13830261227' />
    <tag k='building' v='construction' />
  </way>
  <way id='1513909358' timestamp='2026-05-15T11:40:15Z' uid='22828305' user='eyob-ka' visible='true' version='2' changeset='182694076'>
    <nd ref='13830261266' />
    <nd ref='13830261267' />
    <nd ref='7991406484' />
    <nd ref='13830261269' />
    <nd ref='13830261270' />
    <nd ref='13830261271' />
    <nd ref='13830261272' />
    <nd ref='13830261273' />
    <nd ref='13830261274' />
    <nd ref='13830261275' />
    <nd ref='13830261244' />
    <nd ref='13830261245' />
    <nd ref='13830261246' />
    <nd ref='13830261250' />
    <nd ref='13830261251' />
    <nd ref='13830261252' />
    <nd ref='13830261253' />
    <nd ref='13830261254' />
    <nd ref='13830261255' />
    <nd ref='13830261256' />
    <nd ref='13830261257' />
    <nd ref='13830261258' />
    <nd ref='13830261259' />
    <nd ref='13830261260' />
    <nd ref='13830261261' />
    <nd ref='13830261262' />
    <nd ref='13830261263' />
    <nd ref='13830261264' />
    <nd ref='13830261265' />
    <nd ref='13830261247' />
    <nd ref='13830261248' />
    <nd ref='13830261249' />
    <nd ref='13830261266' />
    <tag k='building' v='construction' />
  </way>
  <way id='1513909591' timestamp='2026-05-15T11:51:05Z' uid='24127657' user='ErmiyasGirma' visible='true' version='2' changeset='182694584'>
    <nd ref='13830270639' />
    <nd ref='13830270640' />
    <nd ref='13830270641' />
    <nd ref='13830270642' />
    <nd ref='13830688360' />
    <nd ref='13830270639' />
    <tag k='building' v='residential' />
  </way>
  <way id='1513909592' timestamp='2026-05-15T11:51:05Z' uid='24127657' user='ErmiyasGirma' visible='true' version='2' changeset='182694584'>
    <nd ref='13830270643' />
    <nd ref='13830270644' />
    <nd ref='13830270645' />
    <nd ref='13830270646' />
    <nd ref='13830688369' />
    <nd ref='13830270643' />
    <tag k='building' v='residential' />
  </way>
  <way id='1513909593' action='modify' timestamp='2026-05-15T06:55:13Z' uid='24127657' user='ErmiyasGirma' visible='true' version='1' changeset='182682090'>
    <nd ref='13830270647' />
    <nd ref='13830270648' />
    <nd ref='13830270649' />
    <nd ref='-31725' />
    <nd ref='-31773' />
    <nd ref='13830270647' />
    <tag k='building' v='yes' />
    <tag k='shop' v='yes' />
  </way>
  <way id='1513909594' timestamp='2026-05-15T11:51:05Z' uid='24127657' user='ErmiyasGirma' visible='true' version='2' changeset='182694584'>
    <nd ref='13830270651' />
    <nd ref='13830688370' />
    <nd ref='13830270652' />
    <nd ref='13830270653' />
    <nd ref='13830270654' />
    <nd ref='13830270651' />
    <tag k='building' v='yes' />
  </way>
  <way id='1513909595' action='modify' timestamp='2026-05-15T11:51:05Z' uid='24127657' user='ErmiyasGirma' visible='true' version='2' changeset='182694584'>
    <nd ref='13830270655' />
    <nd ref='13830270656' />
    <nd ref='13830270657' />
    <nd ref='13830688371' />
    <nd ref='13830270658' />
    <nd ref='13830270655' />
    <tag k='building' v='residential' />
  </way>
  <way id='1513909596' timestamp='2026-05-15T06:55:13Z' uid='24127657' user='ErmiyasGirma' visible='true' version='1' changeset='182682090'>
    <nd ref='13830270659' />
    <nd ref='13830270660' />
    <nd ref='13830270661' />
    <nd ref='13830270662' />
    <nd ref='13830270659' />
    <tag k='building' v='yes' />
  </way>
  <way id='1513909597' action='modify' timestamp='2026-05-15T11:51:05Z' uid='24127657' user='ErmiyasGirma' visible='true' version='2' changeset='182694584'>
    <nd ref='13830270663' />
    <nd ref='13830270664' />
    <nd ref='13830688356' />
    <nd ref='13830270665' />
    <nd ref='13830270666' />
    <nd ref='13830270667' />
    <nd ref='13830270668' />
    <nd ref='-27917' />
    <nd ref='13830270669' />
    <nd ref='13830270670' />
    <nd ref='13830270663' />
    <tag k='building' v='residential' />
  </way>
  <way id='1513909598' timestamp='2026-05-15T06:55:13Z' uid='24127657' user='ErmiyasGirma' visible='true' version='1' changeset='182682090'>
    <nd ref='13830270671' />
    <nd ref='13830270672' />
    <nd ref='13830270673' />
    <nd ref='13830270674' />
    <nd ref='13830270675' />
    <nd ref='13830270676' />
    <nd ref='13830270677' />
    <nd ref='13830270678' />
    <nd ref='13828456868' />
    <nd ref='13830270671' />
    <tag k='building' v='residential' />
  </way>
  <way id='1513909599' timestamp='2026-05-15T11:12:17Z' uid='24127657' user='ErmiyasGirma' visible='true' version='2' changeset='182692839'>
    <nd ref='13830270679' />
    <nd ref='13830270680' />
    <nd ref='13830631216' />
    <nd ref='13830270681' />
    <nd ref='13830270682' />
    <nd ref='13830270683' />
    <nd ref='13830270684' />
    <nd ref='13830270685' />
    <nd ref='13830270686' />
    <nd ref='13830270679' />
    <tag k='building' v='residential' />
  </way>
  <way id='1513909600' timestamp='2026-05-15T11:51:05Z' uid='24127657' user='ErmiyasGirma' visible='true' version='2' changeset='182694584'>
    <nd ref='13830270687' />
    <nd ref='13830270688' />
    <nd ref='13830270689' />
    <nd ref='13830270690' />
    <nd ref='13830270691' />
    <nd ref='13830270692' />
    <nd ref='13830270693' />
    <nd ref='13830270694' />
    <nd ref='13830688353' />
    <nd ref='13830270687' />
    <tag k='building' v='residential' />
  </way>
  <way id='1513909601' timestamp='2026-05-15T11:12:17Z' uid='24127657' user='ErmiyasGirma' visible='true' version='2' changeset='182692839'>
    <nd ref='13830270695' />
    <nd ref='13830270696' />
    <nd ref='13830270697' />
    <nd ref='13830270698' />
    <nd ref='13830270699' />
    <nd ref='13830270700' />
    <nd ref='13830631220' />
    <nd ref='13830271101' />
    <nd ref='13830271102' />
    <nd ref='13830270695' />
    <tag k='building' v='residential' />
  </way>
  <way id='1513909602' timestamp='2026-05-15T11:12:17Z' uid='24127657' user='ErmiyasGirma' visible='true' version='2' changeset='182692839'>
    <nd ref='13830271103' />
    <nd ref='13830271104' />
    <nd ref='13830631218' />
    <nd ref='13830271105' />
    <nd ref='13830271106' />
    <nd ref='13830271107' />
    <nd ref='13830271108' />
    <nd ref='13830271109' />
    <nd ref='13830271110' />
    <nd ref='13830271103' />
    <tag k='building' v='residential' />
  </way>
  <way id='1513909603' timestamp='2026-05-15T11:12:17Z' uid='24127657' user='ErmiyasGirma' visible='true' version='2' changeset='182692839'>
    <nd ref='13830271111' />
    <nd ref='13830271112' />
    <nd ref='13828187034' />
    <nd ref='13830271113' />
    <nd ref='13830271114' />
    <nd ref='13830271115' />
    <nd ref='13830271116' />
    <nd ref='13830271117' />
    <nd ref='13830271118' />
    <nd ref='13830631212' />
    <nd ref='13830271111' />
    <tag k='building' v='residential' />
  </way>
  <way id='1513909604' timestamp='2026-05-15T06:55:13Z' uid='24127657' user='ErmiyasGirma' visible='true' version='1' changeset='182682090'>
    <nd ref='13830271119' />
    <nd ref='13830271120' />
    <nd ref='13830271121' />
    <nd ref='13830271122' />
    <nd ref='13830271123' />
    <nd ref='13830271124' />
    <nd ref='13830271125' />
    <nd ref='13830271126' />
    <nd ref='13830271119' />
    <tag k='building' v='residential' />
  </way>
  <way id='1513909605' timestamp='2026-05-15T11:12:17Z' uid='24127657' user='ErmiyasGirma' visible='true' version='2' changeset='182692839'>
    <nd ref='13830271127' />
    <nd ref='13828456872' />
    <nd ref='13830271128' />
    <nd ref='13830271129' />
    <nd ref='13830271130' />
    <nd ref='13830271127' />
    <tag k='building' v='residential' />
  </way>
  <way id='1513909606' action='modify' timestamp='2026-05-15T06:55:13Z' uid='24127657' user='ErmiyasGirma' visible='true' version='1' changeset='182682090'>
    <nd ref='13830271131' />
    <nd ref='13830271132' />
    <nd ref='13828456870' />
    <nd ref='-27764' />
    <nd ref='13830271133' />
    <nd ref='13830271131' />
    <tag k='building' v='residential' />
  </way>
  <way id='1513909607' timestamp='2026-05-15T11:12:17Z' uid='24127657' user='ErmiyasGirma' visible='true' version='2' changeset='182692839'>
    <nd ref='13830271134' />
    <nd ref='13830631211' />
    <nd ref='13830271135' />
    <nd ref='13830271136' />
    <nd ref='13830271137' />
    <nd ref='13830271138' />
    <nd ref='13830271139' />
    <nd ref='13830271140' />
    <nd ref='13830271141' />
    <nd ref='13830271134' />
    <tag k='building' v='residential' />
  </way>
  <way id='1513909608' timestamp='2026-05-15T11:12:17Z' uid='24127657' user='ErmiyasGirma' visible='true' version='2' changeset='182692839'>
    <nd ref='13830271142' />
    <nd ref='13830271143' />
    <nd ref='13830631204' />
    <nd ref='13830271144' />
    <nd ref='13830271145' />
    <nd ref='13830271146' />
    <nd ref='13830271147' />
    <nd ref='13830271148' />
    <nd ref='13830271149' />
    <nd ref='13830271142' />
    <tag k='building' v='residential' />
  </way>
  <way id='1513909609' action='modify' timestamp='2026-05-15T06:55:13Z' uid='24127657' user='ErmiyasGirma' visible='true' version='1' changeset='182682090'>
    <nd ref='13830271150' />
    <nd ref='13830271151' />
    <nd ref='13830271152' />
    <nd ref='-26988' />
    <nd ref='13830271153' />
    <nd ref='13830271154' />
    <nd ref='13830271155' />
    <nd ref='13830271156' />
    <nd ref='13830271157' />
    <nd ref='13830271150' />
    <tag k='building' v='residential' />
  </way>
  <way id='1513909610' timestamp='2026-05-15T11:12:17Z' uid='24127657' user='ErmiyasGirma' visible='true' version='2' changeset='182692839'>
    <nd ref='13830271158' />
    <nd ref='13830271159' />
    <nd ref='13830631206' />
    <nd ref='13830271160' />
    <nd ref='13830271161' />
    <nd ref='13830271162' />
    <nd ref='13830271163' />
    <nd ref='13830271164' />
    <nd ref='13830271165' />
    <nd ref='13830271158' />
    <tag k='building' v='residential' />
  </way>
  <way id='1513909611' timestamp='2026-05-15T06:55:13Z' uid='24127657' user='ErmiyasGirma' visible='true' version='1' changeset='182682090'>
    <nd ref='13830271177' />
    <nd ref='13830271178' />
    <nd ref='13830271179' />
    <nd ref='13830271166' />
    <nd ref='13830271167' />
    <nd ref='13830271168' />
    <nd ref='13830271169' />
    <nd ref='13830271175' />
    <nd ref='13830271176' />
    <nd ref='13830271170' />
    <nd ref='13830271171' />
    <nd ref='13830271172' />
    <nd ref='13830271173' />
    <nd ref='13830271174' />
    <nd ref='13830271177' />
    <tag k='amenity' v='cafe' />
    <tag k='building' v='yes' />
  </way>
  <way id='1513909612' timestamp='2026-05-15T11:12:17Z' uid='24127657' user='ErmiyasGirma' visible='true' version='2' changeset='182692839'>
    <nd ref='13830271180' />
    <nd ref='13830271181' />
    <nd ref='13830609091' />
    <nd ref='13830609093' />
    <nd ref='13830271182' />
    <nd ref='13830271183' />
    <nd ref='13830271180' />
    <tag k='amenity' v='parking_space' />
  </way>
  <way id='1513909613' timestamp='2026-05-15T11:12:17Z' uid='24127657' user='ErmiyasGirma' visible='true' version='2' changeset='182692839'>
    <nd ref='13830271184' />
    <nd ref='13830271185' />
    <nd ref='13830271186' />
    <nd ref='13830271187' />
    <nd ref='13830609089' />
    <nd ref='13830271184' />
    <tag k='building' v='warehouse' />
  </way>
  <way id='1513909614' timestamp='2026-05-15T11:12:17Z' uid='24127657' user='ErmiyasGirma' visible='true' version='2' changeset='182692839'>
    <nd ref='13830271188' />
    <nd ref='13830271189' />
    <nd ref='13830271190' />
    <nd ref='13830609086' />
    <nd ref='13830609087' />
    <nd ref='13830271191' />
    <nd ref='13830271188' />
    <tag k='amenity' v='parking_space' />
  </way>
  <way id='1513940985' timestamp='2026-05-15T10:05:04Z' uid='22828305' user='eyob-ka' visible='true' version='1' changeset='182689864'>
    <nd ref='13828456886' />
    <nd ref='13830491290' />
    <tag k='highway' v='service' />
  </way>
  <way id='1513943408' timestamp='2026-05-15T10:25:46Z' uid='22828305' user='eyob-ka' visible='true' version='2' changeset='182690882'>
    <nd ref='13830529761' />
    <nd ref='13830529762' />
    <nd ref='13830529763' />
    <nd ref='13830529764' />
    <nd ref='13830529765' />
    <nd ref='13830529766' />
    <nd ref='13830529767' />
    <nd ref='13830529768' />
    <nd ref='13830529769' />
    <nd ref='13830529770' />
    <nd ref='13830513299' />
    <nd ref='13830529771' />
    <nd ref='13830529772' />
    <nd ref='13830529773' />
    <nd ref='13830529774' />
    <nd ref='13830529775' />
    <nd ref='13830529776' />
    <nd ref='13830529777' />
    <nd ref='13830529778' />
    <nd ref='13830529779' />
    <nd ref='13830529780' />
    <nd ref='13830529761' />
    <tag k='amenity' v='library' />
    <tag k='building' v='yes' />
    <tag k='layer' v='1' />
  </way>
  <way id='1513944254' timestamp='2026-05-15T10:25:46Z' uid='22828305' user='eyob-ka' visible='true' version='1' changeset='182690882'>
    <nd ref='13830513299' />
    <nd ref='13830513300' />
    <tag k='highway' v='footway' />
  </way>
  <way id='1513956635' timestamp='2026-05-15T11:02:30Z' uid='22828305' user='eyob-ka' visible='true' version='1' changeset='182692386'>
    <nd ref='13830589910' />
    <nd ref='13830589911' />
    <tag k='highway' v='footway' />
  </way>
  <way id='1513956636' timestamp='2026-05-15T11:02:30Z' uid='22828305' user='eyob-ka' visible='true' version='1' changeset='182692386'>
    <nd ref='13830589912' />
    <nd ref='13830589913' />
    <tag k='highway' v='steps' />
  </way>
  <way id='1513956637' timestamp='2026-05-15T11:02:30Z' uid='22828305' user='eyob-ka' visible='true' version='1' changeset='182692386'>
    <nd ref='13830589914' />
    <nd ref='13830589915' />
    <tag k='highway' v='footway' />
  </way>
  <way id='1513956638' action='modify' timestamp='2026-05-15T11:02:30Z' uid='22828305' user='eyob-ka' visible='true' version='1' changeset='182692386'>
    <nd ref='13830589916' />
    <nd ref='-29942' />
    <nd ref='13830589917' />
    <tag k='highway' v='footway' />
  </way>
  <way id='1513956639' action='modify' timestamp='2026-05-15T11:02:30Z' uid='22828305' user='eyob-ka' visible='true' version='1' changeset='182692386'>
    <nd ref='13830589919' />
    <nd ref='13830589920' />
    <nd ref='13830589921' />
    <nd ref='13830589918' />
    <tag k='highway' v='footway' />
  </way>
  <way id='1513956640' timestamp='2026-05-15T11:02:30Z' uid='22828305' user='eyob-ka' visible='true' version='1' changeset='182692386'>
    <nd ref='13830589922' />
    <nd ref='13830589923' />
    <tag k='highway' v='steps' />
  </way>
  <way id='1513956641' timestamp='2026-05-15T11:02:30Z' uid='22828305' user='eyob-ka' visible='true' version='1' changeset='182692386'>
    <nd ref='13828510428' />
    <nd ref='13830589924' />
    <tag k='highway' v='footway' />
  </way>
  <way id='1513956642' timestamp='2026-05-15T11:02:30Z' uid='22828305' user='eyob-ka' visible='true' version='1' changeset='182692386'>
    <nd ref='13828425172' />
    <nd ref='13830589925' />
    <tag k='highway' v='footway' />
  </way>
  <way id='1513956643' timestamp='2026-05-15T11:02:30Z' uid='22828305' user='eyob-ka' visible='true' version='1' changeset='182692386'>
    <nd ref='13830589926' />
    <nd ref='13830589927' />
    <tag k='highway' v='footway' />
  </way>
  <way id='1513956644' timestamp='2026-05-15T11:02:30Z' uid='22828305' user='eyob-ka' visible='true' version='1' changeset='182692386'>
    <nd ref='13830589928' />
    <nd ref='13830589929' />
    <tag k='highway' v='steps' />
  </way>
  <way id='1513956645' timestamp='2026-05-15T11:02:30Z' uid='22828305' user='eyob-ka' visible='true' version='1' changeset='182692386'>
    <nd ref='13830589929' />
    <nd ref='4659658196' />
    <tag k='highway' v='footway' />
  </way>
  <way id='1513956646' timestamp='2026-05-15T11:02:30Z' uid='22828305' user='eyob-ka' visible='true' version='1' changeset='182692386'>
    <nd ref='13828510417' />
    <nd ref='4659658190' />
    <tag k='highway' v='steps' />
  </way>
  <way id='1513956647' timestamp='2026-05-15T11:02:30Z' uid='22828305' user='eyob-ka' visible='true' version='1' changeset='182692386'>
    <nd ref='13830589930' />
    <nd ref='13830589931' />
    <tag k='highway' v='footway' />
  </way>
  <way id='1513956648' action='modify' timestamp='2026-05-15T11:02:30Z' uid='22828305' user='eyob-ka' visible='true' version='1' changeset='182692386'>
    <nd ref='13828510417' />
    <nd ref='-29278' />
    <nd ref='4659658152' />
    <tag k='highway' v='steps' />
  </way>
  <way id='1513956649' timestamp='2026-05-15T11:02:30Z' uid='22828305' user='eyob-ka' visible='true' version='1' changeset='182692386'>
    <nd ref='13830589932' />
    <nd ref='13830232871' />
    <tag k='highway' v='footway' />
  </way>
  <way id='1513956650' timestamp='2026-05-15T11:02:30Z' uid='22828305' user='eyob-ka' visible='true' version='1' changeset='182692386'>
    <nd ref='13830589933' />
    <nd ref='13830589934' />
    <nd ref='4659658161' />
    <tag k='highway' v='footway' />
  </way>
  <way id='1513956651' timestamp='2026-05-15T11:02:30Z' uid='22828305' user='eyob-ka' visible='true' version='1' changeset='182692386'>
    <nd ref='13830589933' />
    <nd ref='13830589935' />
    <nd ref='4659658183' />
    <tag k='highway' v='footway' />
  </way>
  <way id='1513956652' timestamp='2026-05-15T11:02:30Z' uid='22828305' user='eyob-ka' visible='true' version='1' changeset='182692386'>
    <nd ref='13830589936' />
    <nd ref='13830589937' />
    <tag k='highway' v='footway' />
  </way>
  <way id='1513956653' timestamp='2026-05-15T11:02:30Z' uid='22828305' user='eyob-ka' visible='true' version='1' changeset='182692386'>
    <nd ref='13830589938' />
    <nd ref='13830589939' />
    <tag k='highway' v='footway' />
  </way>
  <way id='1513956654' timestamp='2026-05-15T11:02:30Z' uid='22828305' user='eyob-ka' visible='true' version='1' changeset='182692386'>
    <nd ref='13828510413' />
    <nd ref='13830589940' />
    <nd ref='13830589941' />
    <tag k='highway' v='footway' />
  </way>
  <way id='1513956655' timestamp='2026-05-15T11:02:30Z' uid='22828305' user='eyob-ka' visible='true' version='1' changeset='182692386'>
    <nd ref='13830589942' />
    <nd ref='13830589943' />
    <tag k='highway' v='footway' />
  </way>
  <way id='1513956656' timestamp='2026-05-15T11:02:30Z' uid='22828305' user='eyob-ka' visible='true' version='1' changeset='182692386'>
    <nd ref='13830589943' />
    <nd ref='13830589944' />
    <tag k='highway' v='steps' />
  </way>
  <way id='1513956657' timestamp='2026-05-15T11:02:30Z' uid='22828305' user='eyob-ka' visible='true' version='1' changeset='182692386'>
    <nd ref='13830589945' />
    <nd ref='13830589946' />
    <tag k='highway' v='footway' />
  </way>
  <way id='1513956658' action='modify' timestamp='2026-05-15T11:02:30Z' uid='22828305' user='eyob-ka' visible='true' version='1' changeset='182692386'>
    <nd ref='13830589948' />
    <nd ref='13830589949' />
    <nd ref='-31500' />
    <nd ref='13830589947' />
    <tag k='highway' v='footway' />
  </way>
  <way id='1513956659' timestamp='2026-05-15T11:02:30Z' uid='22828305' user='eyob-ka' visible='true' version='1' changeset='182692386'>
    <nd ref='13828425140' />
    <nd ref='13830589950' />
    <tag k='highway' v='footway' />
  </way>
  <way id='1513956660' action='delete' timestamp='2026-05-15T11:02:30Z' uid='22828305' user='eyob-ka' visible='true' version='1' changeset='182692386'>
    <tag k='highway' v='footway' />
  </way>
  <way id='1513956661' timestamp='2026-05-15T11:02:30Z' uid='22828305' user='eyob-ka' visible='true' version='1' changeset='182692386'>
    <nd ref='13830589953' />
    <nd ref='13830589954' />
    <tag k='highway' v='footway' />
  </way>
  <way id='1513956662' timestamp='2026-05-15T11:02:30Z' uid='22828305' user='eyob-ka' visible='true' version='1' changeset='182692386'>
    <nd ref='9234833065' />
    <nd ref='13830232752' />
    <tag k='highway' v='footway' />
  </way>
  <way id='1513956663' timestamp='2026-05-15T11:02:30Z' uid='22828305' user='eyob-ka' visible='true' version='1' changeset='182692386'>
    <nd ref='13830589955' />
    <nd ref='13830589956' />
    <nd ref='13830232748' />
    <tag k='highway' v='footway' />
  </way>
  <way id='1513956664' timestamp='2026-05-15T11:02:30Z' uid='22828305' user='eyob-ka' visible='true' version='1' changeset='182692386'>
    <nd ref='13830589957' />
    <nd ref='13830589958' />
    <tag k='highway' v='footway' />
  </way>
  <way id='1513956665' action='delete' timestamp='2026-05-15T11:02:30Z' uid='22828305' user='eyob-ka' visible='true' version='1' changeset='182692386'>
    <tag k='highway' v='footway' />
  </way>
  <way id='1513956666' timestamp='2026-05-15T11:02:30Z' uid='22828305' user='eyob-ka' visible='true' version='1' changeset='182692386'>
    <nd ref='13830589961' />
    <nd ref='13830589962' />
    <tag k='highway' v='footway' />
  </way>
  <way id='1513956667' timestamp='2026-05-15T11:02:30Z' uid='22828305' user='eyob-ka' visible='true' version='1' changeset='182692386'>
    <nd ref='13830589963' />
    <nd ref='13830589962' />
    <tag k='highway' v='steps' />
  </way>
  <way id='1513956668' action='modify' timestamp='2026-05-15T11:02:30Z' uid='22828305' user='eyob-ka' visible='true' version='1' changeset='182692386'>
    <nd ref='13828425127' />
    <nd ref='-30366' />
    <nd ref='-30392' />
    <nd ref='13830232678' />
    <tag k='highway' v='footway' />
  </way>
  <way id='1513956669' timestamp='2026-05-15T11:02:30Z' uid='22828305' user='eyob-ka' visible='true' version='1' changeset='182692386'>
    <nd ref='13830589961' />
    <nd ref='13830589964' />
    <tag k='highway' v='footway' />
  </way>
  <way id='1513956670' timestamp='2026-05-15T11:02:30Z' uid='22828305' user='eyob-ka' visible='true' version='1' changeset='182692386'>
    <nd ref='13830589965' />
    <nd ref='13830589966' />
    <tag k='highway' v='footway' />
  </way>
  <way id='1513956671' timestamp='2026-05-15T11:02:30Z' uid='22828305' user='eyob-ka' visible='true' version='1' changeset='182692386'>
    <nd ref='13830589966' />
    <nd ref='13830589967' />
    <tag k='highway' v='steps' />
  </way>
  <way id='1513956672' timestamp='2026-05-15T11:02:30Z' uid='22828305' user='eyob-ka' visible='true' version='1' changeset='182692386'>
    <nd ref='13830589968' />
    <nd ref='13830589969' />
    <tag k='highway' v='footway' />
  </way>
  <way id='1513956673' action='delete' timestamp='2026-05-15T11:02:30Z' uid='22828305' user='eyob-ka' visible='true' version='1' changeset='182692386'>
    <tag k='highway' v='footway' />
  </way>
  <way id='1513956674' timestamp='2026-05-15T11:02:30Z' uid='22828305' user='eyob-ka' visible='true' version='1' changeset='182692386'>
    <nd ref='13828425154' />
    <nd ref='13830589971' />
    <tag k='highway' v='footway' />
  </way>
  <way id='1513956675' timestamp='2026-05-15T11:02:30Z' uid='22828305' user='eyob-ka' visible='true' version='1' changeset='182692386'>
    <nd ref='13828425154' />
    <nd ref='13830589973' />
    <nd ref='13830589972' />
    <tag k='highway' v='footway' />
  </way>
  <way id='1513956676' timestamp='2026-05-15T11:02:30Z' uid='22828305' user='eyob-ka' visible='true' version='1' changeset='182692386'>
    <nd ref='13830589974' />
    <nd ref='13830589975' />
    <tag k='highway' v='footway' />
  </way>
  <way id='1513956677' timestamp='2026-05-15T11:02:30Z' uid='22828305' user='eyob-ka' visible='true' version='1' changeset='182692386'>
    <nd ref='13830589976' />
    <nd ref='13830589977' />
    <tag k='highway' v='footway' />
  </way>
  <way id='1513956678' timestamp='2026-05-15T11:02:30Z' uid='22828305' user='eyob-ka' visible='true' version='1' changeset='182692386'>
    <nd ref='13830589978' />
    <nd ref='13830231094' />
    <tag k='highway' v='footway' />
  </way>
  <way id='1513956679' timestamp='2026-05-15T11:02:30Z' uid='22828305' user='eyob-ka' visible='true' version='1' changeset='182692386'>
    <nd ref='13830589979' />
    <nd ref='13830589980' />
    <tag k='highway' v='footway' />
  </way>
  <way id='1513956680' timestamp='2026-05-15T11:02:30Z' uid='22828305' user='eyob-ka' visible='true' version='1' changeset='182692386'>
    <nd ref='13830589981' />
    <nd ref='13830589982' />
    <tag k='highway' v='footway' />
  </way>
  <way id='1513956681' timestamp='2026-05-15T11:02:30Z' uid='22828305' user='eyob-ka' visible='true' version='1' changeset='182692386'>
    <nd ref='13830589983' />
    <nd ref='13830589984' />
    <tag k='highway' v='footway' />
  </way>
  <way id='1513956682' timestamp='2026-05-15T11:02:30Z' uid='22828305' user='eyob-ka' visible='true' version='1' changeset='182692386'>
    <nd ref='13830589985' />
    <nd ref='13830589986' />
    <nd ref='13830232763' />
    <tag k='highway' v='footway' />
  </way>
  <way id='1513956683' timestamp='2026-05-15T11:02:30Z' uid='22828305' user='eyob-ka' visible='true' version='1' changeset='182692386'>
    <nd ref='9234833071' />
    <nd ref='13830589987' />
    <tag k='highway' v='footway' />
  </way>
  <way id='1513956684' timestamp='2026-05-15T11:02:30Z' uid='22828305' user='eyob-ka' visible='true' version='1' changeset='182692386'>
    <nd ref='13830589988' />
    <nd ref='13830589989' />
    <tag k='highway' v='footway' />
  </way>
  <way id='1513956685' action='modify' timestamp='2026-05-15T11:02:30Z' uid='22828305' user='eyob-ka' visible='true' version='1' changeset='182692386'>
    <nd ref='13830589990' />
    <nd ref='-30342' />
    <nd ref='13830589991' />
    <tag k='highway' v='footway' />
  </way>
  <way id='1513956686' timestamp='2026-05-15T11:02:30Z' uid='22828305' user='eyob-ka' visible='true' version='1' changeset='182692386'>
    <nd ref='13828425137' />
    <nd ref='13830589992' />
    <nd ref='13830589993' />
    <tag k='highway' v='footway' />
  </way>
  <way id='1513956687' timestamp='2026-05-15T11:02:30Z' uid='22828305' user='eyob-ka' visible='true' version='1' changeset='182692386'>
    <nd ref='13830589993' />
    <nd ref='13830589994' />
    <tag k='highway' v='steps' />
  </way>
  <way id='1513956688' action='modify' timestamp='2026-05-15T11:02:30Z' uid='22828305' user='eyob-ka' visible='true' version='1' changeset='182692386'>
    <nd ref='13830589994' />
    <nd ref='-30626' />
    <nd ref='13830589991' />
    <tag k='highway' v='footway' />
  </way>
  <way id='1513956689' timestamp='2026-05-15T11:02:30Z' uid='22828305' user='eyob-ka' visible='true' version='1' changeset='182692386'>
    <nd ref='13830589995' />
    <nd ref='13830589996' />
    <tag k='highway' v='footway' />
  </way>
  <way id='1513956690' action='modify' timestamp='2026-05-15T11:02:30Z' uid='22828305' user='eyob-ka' visible='true' version='1' changeset='182692386'>
    <nd ref='13830589997' />
    <nd ref='-30297' />
    <nd ref='-30305' />
    <nd ref='4659658114' />
    <tag k='highway' v='footway' />
  </way>
  <way id='1513956691' timestamp='2026-05-15T11:02:30Z' uid='22828305' user='eyob-ka' visible='true' version='1' changeset='182692386'>
    <nd ref='13830589998' />
    <nd ref='4659658098' />
    <tag k='highway' v='footway' />
  </way>
  <way id='1513956692' timestamp='2026-05-15T11:02:30Z' uid='22828305' user='eyob-ka' visible='true' version='1' changeset='182692386'>
    <nd ref='13830589999' />
    <nd ref='13830590000' />
    <tag k='highway' v='footway' />
  </way>
  <way id='1513956693' timestamp='2026-05-15T11:02:30Z' uid='22828305' user='eyob-ka' visible='true' version='1' changeset='182692386'>
    <nd ref='13830232959' />
    <nd ref='13830607101' />
    <nd ref='13830607102' />
    <nd ref='4659657981' />
    <tag k='highway' v='footway' />
  </way>
  <way id='1513956694' action='modify' timestamp='2026-05-15T11:02:30Z' uid='22828305' user='eyob-ka' visible='true' version='1' changeset='182692386'>
    <nd ref='9234833061' />
    <nd ref='-29770' />
    <nd ref='13830607103' />
    <tag k='highway' v='footway' />
  </way>
  <way id='1513959178' timestamp='2026-05-15T11:12:17Z' uid='24127657' user='ErmiyasGirma' visible='true' version='1' changeset='182692839'>
    <nd ref='13828456887' />
    <nd ref='13830609053' />
    <nd ref='13830609054' />
    <nd ref='13830609055' />
    <nd ref='13830609056' />
    <nd ref='13830609057' />
    <nd ref='13830609058' />
    <tag k='highway' v='footway' />
    <tag k='layer' v='-1' />
  </way>
  <way id='1513959179' action='modify' timestamp='2026-05-15T11:12:17Z' uid='24127657' user='ErmiyasGirma' visible='true' version='1' changeset='182692839'>
    <nd ref='13828456876' />
    <nd ref='13830609061' />
    <nd ref='13830609062' />
    <nd ref='13830609063' />
    <tag k='highway' v='footway' />
  </way>
  <way id='1513959180' timestamp='2026-05-15T11:12:17Z' uid='24127657' user='ErmiyasGirma' visible='true' version='1' changeset='182692839'>
    <nd ref='7991406454' />
    <nd ref='13830609065' />
    <tag k='highway' v='footway' />
  </way>
  <way id='1513959181' timestamp='2026-05-15T11:12:17Z' uid='24127657' user='ErmiyasGirma' visible='true' version='1' changeset='182692839'>
    <nd ref='7991406457' />
    <nd ref='13830609066' />
    <tag k='highway' v='footway' />
  </way>
  <way id='1513959182' timestamp='2026-05-15T11:12:17Z' uid='24127657' user='ErmiyasGirma' visible='true' version='1' changeset='182692839'>
    <nd ref='13830609067' />
    <nd ref='13830609068' />
    <tag k='highway' v='footway' />
  </way>
  <way id='1513959183' timestamp='2026-05-15T11:12:17Z' uid='24127657' user='ErmiyasGirma' visible='true' version='1' changeset='182692839'>
    <nd ref='13830609069' />
    <nd ref='13830609070' />
    <nd ref='13830609071' />
    <tag k='highway' v='footway' />
  </way>
  <way id='1513959184' timestamp='2026-05-15T11:12:17Z' uid='24127657' user='ErmiyasGirma' visible='true' version='1' changeset='182692839'>
    <nd ref='13828391238' />
    <nd ref='13830609072' />
    <tag k='highway' v='footway' />
  </way>
  <way id='1513959185' timestamp='2026-05-15T11:12:17Z' uid='24127657' user='ErmiyasGirma' visible='true' version='1' changeset='182692839'>
    <nd ref='13830609075' />
    <nd ref='13830200439' />
    <tag k='highway' v='footway' />
  </way>
  <way id='1513959186' action='modify' timestamp='2026-05-15T11:12:17Z' uid='24127657' user='ErmiyasGirma' visible='true' version='1' changeset='182692839'>
    <nd ref='13830609077' />
    <nd ref='-27184' />
    <nd ref='13830609078' />
    <tag k='highway' v='footway' />
  </way>
  <way id='1513959187' timestamp='2026-05-15T11:12:17Z' uid='24127657' user='ErmiyasGirma' visible='true' version='1' changeset='182692839'>
    <nd ref='13830609079' />
    <nd ref='13830609080' />
    <tag k='highway' v='footway' />
  </way>
  <way id='1513959188' timestamp='2026-05-15T11:12:17Z' uid='24127657' user='ErmiyasGirma' visible='true' version='1' changeset='182692839'>
    <nd ref='13830609081' />
    <nd ref='13830196198' />
    <tag k='highway' v='footway' />
  </way>
  <way id='1513959189' timestamp='2026-05-15T11:12:17Z' uid='24127657' user='ErmiyasGirma' visible='true' version='1' changeset='182692839'>
    <nd ref='3854973255' />
    <nd ref='13830609082' />
    <tag k='highway' v='footway' />
  </way>
  <way id='1513959190' action='modify' timestamp='2026-05-15T11:12:17Z' uid='24127657' user='ErmiyasGirma' visible='true' version='1' changeset='182692839'>
    <nd ref='13830609083' />
    <nd ref='13830609084' />
    <nd ref='13830609085' />
    <nd ref='-31846' />
    <nd ref='13830609058' />
    <tag k='highway' v='footway' />
  </way>
  <way id='1513959191' timestamp='2026-05-15T11:12:17Z' uid='24127657' user='ErmiyasGirma' visible='true' version='1' changeset='182692839'>
    <nd ref='3854973260' />
    <nd ref='13830609086' />
    <tag k='highway' v='service' />
  </way>
  <way id='1513959192' timestamp='2026-05-15T11:12:17Z' uid='24127657' user='ErmiyasGirma' visible='true' version='1' changeset='182692839'>
    <nd ref='13830609087' />
    <nd ref='9234833078' />
    <tag k='highway' v='service' />
  </way>
  <way id='1513959193' timestamp='2026-05-15T11:12:17Z' uid='24127657' user='ErmiyasGirma' visible='true' version='1' changeset='182692839'>
    <nd ref='13830609088' />
    <nd ref='13830609089' />
    <tag k='highway' v='footway' />
  </way>
  <way id='1513959194' action='modify' timestamp='2026-05-15T11:12:17Z' uid='24127657' user='ErmiyasGirma' visible='true' version='1' changeset='182692839'>
    <nd ref='13830609090' />
    <nd ref='13830609091' />
    <tag k='highway' v='footway' />
  </way>
  <way id='1513959195' action='modify' timestamp='2026-05-15T11:12:17Z' uid='24127657' user='ErmiyasGirma' visible='true' version='1' changeset='182692839'>
    <nd ref='13830609092' />
    <nd ref='13830609093' />
    <tag k='highway' v='footway' />
  </way>
  <way id='1513959196' timestamp='2026-05-15T11:12:17Z' uid='24127657' user='ErmiyasGirma' visible='true' version='1' changeset='182692839'>
    <nd ref='13830609094' />
    <nd ref='13830271176' />
    <tag k='highway' v='footway' />
  </way>
  <way id='1513959197' action='modify' timestamp='2026-05-15T11:12:17Z' uid='24127657' user='ErmiyasGirma' visible='true' version='1' changeset='182692839'>
    <nd ref='13830609095' />
    <nd ref='13830609096' />
    <nd ref='13830609097' />
    <nd ref='13830609098' />
    <nd ref='13830609095' />
    <tag k='shop' v='yes' />
  </way>
  <way id='1513959198' timestamp='2026-05-15T11:12:17Z' uid='24127657' user='ErmiyasGirma' visible='true' version='1' changeset='182692839'>
    <nd ref='13830609099' />
    <nd ref='13830631207' />
    <nd ref='13830631205' />
    <nd ref='13830609100' />
    <nd ref='13830631203' />
    <nd ref='13830631201' />
    <nd ref='13830631202' />
    <tag k='highway' v='footway' />
  </way>
  <way id='1513959199' action='modify' timestamp='2026-05-15T11:12:17Z' uid='24127657' user='ErmiyasGirma' visible='true' version='1' changeset='182692839'>
    <nd ref='13830631203' />
    <nd ref='-26972' />
    <nd ref='-26988' />
    <tag k='highway' v='footway' />
  </way>
  <way id='1513959200' action='modify' timestamp='2026-05-15T11:12:17Z' uid='24127657' user='ErmiyasGirma' visible='true' version='1' changeset='182692839'>
    <nd ref='13830271140' />
    <nd ref='13830631201' />
    <nd ref='-27681' />
    <nd ref='13830631204' />
    <tag k='highway' v='footway' />
  </way>
  <way id='1513959201' timestamp='2026-05-15T11:12:17Z' uid='24127657' user='ErmiyasGirma' visible='true' version='1' changeset='182692839'>
    <nd ref='13830631205' />
    <nd ref='13830631206' />
    <tag k='highway' v='footway' />
  </way>
  <way id='1513959202' action='modify' timestamp='2026-05-15T11:12:17Z' uid='24127657' user='ErmiyasGirma' visible='true' version='1' changeset='182692839'>
    <nd ref='13830631207' />
    <nd ref='13830631208' />
    <nd ref='-26971' />
    <tag k='highway' v='footway' />
  </way>
  <way id='1513959203' action='modify' timestamp='2026-05-15T11:12:17Z' uid='24127657' user='ErmiyasGirma' visible='true' version='1' changeset='182692839'>
    <nd ref='13830631209' />
    <nd ref='-27628' />
    <nd ref='-27626' />
    <nd ref='13830271157' />
    <tag k='highway' v='footway' />
  </way>
  <way id='1513959204' timestamp='2026-05-15T11:12:17Z' uid='24127657' user='ErmiyasGirma' visible='true' version='1' changeset='182692839'>
    <nd ref='13830631210' />
    <nd ref='13830631211' />
    <tag k='highway' v='footway' />
  </way>
  <way id='1513959205' action='modify' timestamp='2026-05-15T11:12:17Z' uid='24127657' user='ErmiyasGirma' visible='true' version='1' changeset='182692839'>
    <nd ref='13828187031' />
    <nd ref='-31462' />
    <nd ref='-28122' />
    <nd ref='-31437' />
    <nd ref='13830631217' />
    <nd ref='13830631213' />
    <nd ref='13830631214' />
    <nd ref='-28196' />
    <nd ref='-27926' />
    <nd ref='13830631216' />
    <tag k='highway' v='footway' />
    <tag k='layer' v='-1' />
  </way>
  <way id='1513959206' timestamp='2026-05-15T11:12:17Z' uid='24127657' user='ErmiyasGirma' visible='true' version='1' changeset='182692839'>
    <nd ref='13830631217' />
    <nd ref='13830271126' />
    <tag k='highway' v='footway' />
  </way>
  <way id='1513959207' timestamp='2026-05-15T11:12:17Z' uid='24127657' user='ErmiyasGirma' visible='true' version='1' changeset='182692839'>
    <nd ref='13830631217' />
    <nd ref='13830270696' />
    <tag k='highway' v='footway' />
  </way>
  <way id='1513959208' action='modify' timestamp='2026-05-15T11:12:17Z' uid='24127657' user='ErmiyasGirma' visible='true' version='1' changeset='182692839'>
    <nd ref='13830631218' />
    <nd ref='13830631219' />
    <nd ref='-27805' />
    <tag k='highway' v='footway' />
  </way>
  <way id='1513959209' timestamp='2026-05-15T11:12:17Z' uid='24127657' user='ErmiyasGirma' visible='true' version='1' changeset='182692839'>
    <nd ref='9234833074' />
    <nd ref='13830631221' />
    <nd ref='13830631220' />
    <tag k='highway' v='footway' />
  </way>
  <way id='1513959210' action='delete' timestamp='2026-05-15T11:12:17Z' uid='24127657' user='ErmiyasGirma' visible='true' version='1' changeset='182692839'>
    <tag k='highway' v='footway' />
  </way>
  <way id='1513959211' timestamp='2026-05-15T11:12:17Z' uid='24127657' user='ErmiyasGirma' visible='true' version='1' changeset='182692839'>
    <nd ref='13830271116' />
    <nd ref='13830631223' />
    <tag k='highway' v='footway' />
  </way>
  <way id='1513964437' timestamp='2026-05-15T11:40:15Z' uid='22828305' user='eyob-ka' visible='true' version='1' changeset='182694076'>
    <nd ref='13828425133' />
    <nd ref='13830232817' />
    <tag k='highway' v='footway' />
  </way>
  <way id='1513964438' timestamp='2026-05-15T11:40:15Z' uid='22828305' user='eyob-ka' visible='true' version='1' changeset='182694076'>
    <nd ref='13830232956' />
    <nd ref='4659658129' />
    <tag k='highway' v='footway' />
  </way>
  <way id='1513964439' timestamp='2026-05-15T11:40:15Z' uid='22828305' user='eyob-ka' visible='true' version='1' changeset='182694076'>
    <nd ref='13830644370' />
    <nd ref='13830644371' />
    <tag k='highway' v='footway' />
  </way>
  <way id='1513964440' action='modify' timestamp='2026-05-15T11:40:15Z' uid='22828305' user='eyob-ka' visible='true' version='1' changeset='182694076'>
    <nd ref='13830644372' />
    <nd ref='-30281' />
    <nd ref='-30290' />
    <nd ref='13830644373' />
    <tag k='highway' v='footway' />
  </way>
  <way id='1513964441' action='modify' timestamp='2026-05-15T11:40:15Z' uid='22828305' user='eyob-ka' visible='true' version='1' changeset='182694076'>
    <nd ref='-32219' />
    <nd ref='13830644374' />
    <nd ref='13830644375' />
    <nd ref='13830644376' />
    <tag k='highway' v='footway' />
  </way>
  <way id='1513964442' timestamp='2026-05-15T11:40:15Z' uid='22828305' user='eyob-ka' visible='true' version='1' changeset='182694076'>
    <nd ref='13830644377' />
    <nd ref='13830644378' />
    <tag k='highway' v='footway' />
  </way>
  <way id='1513964443' timestamp='2026-05-15T11:40:15Z' uid='22828305' user='eyob-ka' visible='true' version='1' changeset='182694076'>
    <nd ref='13828425118' />
    <nd ref='13830644379' />
    <tag k='highway' v='footway' />
  </way>
  <way id='1513964444' timestamp='2026-05-15T11:40:15Z' uid='22828305' user='eyob-ka' visible='true' version='1' changeset='182694076'>
    <nd ref='13830644380' />
    <nd ref='13830232719' />
    <tag k='highway' v='footway' />
  </way>
  <way id='1513964445' timestamp='2026-05-15T11:40:15Z' uid='22828305' user='eyob-ka' visible='true' version='1' changeset='182694076'>
    <nd ref='13830644381' />
    <nd ref='13830231075' />
    <tag k='highway' v='footway' />
  </way>
  <way id='1513964446' timestamp='2026-05-15T11:40:15Z' uid='22828305' user='eyob-ka' visible='true' version='1' changeset='182694076'>
    <nd ref='13830644381' />
    <nd ref='13830644383' />
    <tag k='highway' v='footway' />
  </way>
  <way id='1513964447' timestamp='2026-05-15T11:40:15Z' uid='22828305' user='eyob-ka' visible='true' version='1' changeset='182694076'>
    <nd ref='13830644384' />
    <nd ref='13830644385' />
    <tag k='highway' v='footway' />
  </way>
  <way id='1513964448' timestamp='2026-05-15T11:40:15Z' uid='22828305' user='eyob-ka' visible='true' version='1' changeset='182694076'>
    <nd ref='13830644387' />
    <nd ref='13830644388' />
    <tag k='highway' v='footway' />
  </way>
  <way id='1513964449' timestamp='2026-05-15T11:40:15Z' uid='22828305' user='eyob-ka' visible='true' version='1' changeset='182694076'>
    <nd ref='13830644389' />
    <nd ref='13830644390' />
    <tag k='highway' v='footway' />
  </way>
  <way id='1513964450' action='modify' timestamp='2026-05-15T11:40:15Z' uid='22828305' user='eyob-ka' visible='true' version='1' changeset='182694076'>
    <nd ref='4659658175' />
    <nd ref='13830644391' />
    <nd ref='-29819' />
    <nd ref='13830644392' />
    <nd ref='13830644393' />
    <nd ref='13830644394' />
    <nd ref='-29836' />
    <nd ref='-29847' />
    <nd ref='-29855' />
    <nd ref='13830644395' />
    <nd ref='13830644396' />
    <tag k='highway' v='footway' />
  </way>
  <way id='1513964451' action='modify' timestamp='2026-05-15T11:40:15Z' uid='22828305' user='eyob-ka' visible='true' version='1' changeset='182694076'>
    <nd ref='3854973207' />
    <nd ref='-29901' />
    <nd ref='4659658177' />
    <tag k='highway' v='footway' />
  </way>
  <way id='1513964452' timestamp='2026-05-15T11:40:15Z' uid='22828305' user='eyob-ka' visible='true' version='1' changeset='182694076'>
    <nd ref='13830644397' />
    <nd ref='13828425180' />
    <nd ref='13830644398' />
    <nd ref='13830644399' />
    <nd ref='13830644400' />
    <nd ref='13830644397' />
    <tag k='landuse' v='greenfield' />
  </way>
  <way id='1513964453' action='modify' timestamp='2026-05-15T11:40:15Z' uid='22828305' user='eyob-ka' visible='true' version='1' changeset='182694076'>
    <nd ref='7991406483' />
    <nd ref='-31556' />
    <nd ref='-31576' />
    <nd ref='13830673501' />
    <tag k='highway' v='footway' />
  </way>
  <way id='1513964454' action='modify' timestamp='2026-05-15T11:40:15Z' uid='22828305' user='eyob-ka' visible='true' version='1' changeset='182694076'>
    <nd ref='-31535' />
    <nd ref='13830673502' />
    <nd ref='13830673503' />
    <nd ref='13830673504' />
    <tag k='highway' v='footway' />
  </way>
  <way id='1513964455' action='modify' timestamp='2026-05-15T11:40:15Z' uid='22828305' user='eyob-ka' visible='true' version='1' changeset='182694076'>
    <nd ref='7991406465' />
    <nd ref='13830673505' />
    <nd ref='-31665' />
    <nd ref='13830673506' />
    <nd ref='13830261221' />
    <tag k='highway' v='footway' />
  </way>
  <way id='1513964456' action='modify' timestamp='2026-05-15T11:40:15Z' uid='22828305' user='eyob-ka' visible='true' version='1' changeset='182694076'>
    <nd ref='13830673507' />
    <nd ref='13830673508' />
    <nd ref='13830673509' />
    <nd ref='13830673510' />
    <nd ref='13830673516' />
    <nd ref='13830673507' />
    <tag k='shop' v='yes' />
  </way>
  <way id='1513964457' action='modify' timestamp='2026-05-15T11:40:15Z' uid='22828305' user='eyob-ka' visible='true' version='1' changeset='182694076'>
    <nd ref='13830673511' />
    <nd ref='13830673512' />
    <nd ref='13830673513' />
    <nd ref='13830673514' />
    <nd ref='13830673518' />
    <nd ref='13830673511' />
    <tag k='hairdresser' v='yes' />
    <tag k='shop' v='hairdresser' />
  </way>
  <way id='1513964458' timestamp='2026-05-15T11:40:15Z' uid='22828305' user='eyob-ka' visible='true' version='1' changeset='182694076'>
    <nd ref='13830673515' />
    <nd ref='13830673516' />
    <tag k='highway' v='footway' />
  </way>
  <way id='1513964459' timestamp='2026-05-15T11:40:15Z' uid='22828305' user='eyob-ka' visible='true' version='1' changeset='182694076'>
    <nd ref='13830673517' />
    <nd ref='13830673518' />
    <tag k='highway' v='footway' />
  </way>
  <way id='1513964460' action='delete' timestamp='2026-05-15T11:40:15Z' uid='22828305' user='eyob-ka' visible='true' version='1' changeset='182694076'>
    <tag k='highway' v='footway' />
  </way>
  <way id='1513964461' timestamp='2026-05-15T11:40:15Z' uid='22828305' user='eyob-ka' visible='true' version='1' changeset='182694076'>
    <nd ref='13830673520' />
    <nd ref='13830673521' />
    <tag k='highway' v='footway' />
  </way>
  <way id='1513964462' timestamp='2026-05-15T11:40:15Z' uid='22828305' user='eyob-ka' visible='true' version='1' changeset='182694076'>
    <nd ref='13830673521' />
    <nd ref='13830232823' />
    <tag k='highway' v='steps' />
  </way>
  <way id='1513964463' timestamp='2026-05-15T11:40:15Z' uid='22828305' user='eyob-ka' visible='true' version='1' changeset='182694076'>
    <nd ref='13830673522' />
    <nd ref='13830673523' />
    <nd ref='13830673524' />
    <nd ref='13830673525' />
    <nd ref='13830673522' />
    <tag k='building' v='yes' />
    <tag k='shop' v='copyshop' />
  </way>
  <way id='1513964464' timestamp='2026-05-15T11:40:15Z' uid='22828305' user='eyob-ka' visible='true' version='1' changeset='182694076'>
    <nd ref='9234833072' />
    <nd ref='13830673525' />
    <tag k='highway' v='footway' />
  </way>
  <way id='1513964465' timestamp='2026-05-15T11:40:15Z' uid='22828305' user='eyob-ka' visible='true' version='1' changeset='182694076'>
    <nd ref='13830673526' />
    <nd ref='13830673527' />
    <nd ref='13830673525' />
    <tag k='highway' v='footway' />
  </way>
  <way id='1513964466' timestamp='2026-05-15T11:40:15Z' uid='22828305' user='eyob-ka' visible='true' version='1' changeset='182694076'>
    <nd ref='13830673528' />
    <nd ref='13830673529' />
    <nd ref='13830673530' />
    <nd ref='13830673531' />
    <nd ref='13830673533' />
    <nd ref='13830673528' />
    <tag k='building' v='yes' />
    <tag k='shop' v='copyshop' />
  </way>
  <way id='1513964467' timestamp='2026-05-15T11:40:15Z' uid='22828305' user='eyob-ka' visible='true' version='1' changeset='182694076'>
    <nd ref='13830673532' />
    <nd ref='13830673533' />
    <tag k='highway' v='footway' />
  </way>
  <way id='1513964468' timestamp='2026-05-15T11:40:15Z' uid='22828305' user='eyob-ka' visible='true' version='1' changeset='182694076'>
    <nd ref='13828425157' />
    <nd ref='13830673534' />
    <nd ref='13830673535' />
    <tag k='highway' v='footway' />
  </way>
  <way id='1513964469' action='delete' timestamp='2026-05-15T11:40:15Z' uid='22828305' user='eyob-ka' visible='true' version='1' changeset='182694076'>
    <tag k='highway' v='footway' />
  </way>
  <way id='1513966507' action='delete' timestamp='2026-05-15T11:51:05Z' uid='24127657' user='ErmiyasGirma' visible='true' version='1' changeset='182694584'>
    <tag k='highway' v='footway' />
  </way>
  <way id='1513966508' action='modify' timestamp='2026-05-15T11:51:05Z' uid='24127657' user='ErmiyasGirma' visible='true' version='1' changeset='182694584'>
    <nd ref='13830688353' />
    <nd ref='13830688354' />
    <nd ref='13830688355' />
    <tag k='highway' v='footway' />
  </way>
  <way id='1513966509' action='delete' timestamp='2026-05-15T11:51:05Z' uid='24127657' user='ErmiyasGirma' visible='true' version='1' changeset='182694584'>
    <tag k='highway' v='footway' />
    <tag k='layer' v='-1' />
  </way>
  <way id='1513966510' timestamp='2026-05-15T11:51:05Z' uid='24127657' user='ErmiyasGirma' visible='true' version='1' changeset='182694584'>
    <nd ref='13828456856' />
    <nd ref='4659657933' />
    <tag k='highway' v='footway' />
  </way>
  <way id='1513966511' timestamp='2026-05-15T11:51:05Z' uid='24127657' user='ErmiyasGirma' visible='true' version='1' changeset='182694584'>
    <nd ref='4659657950' />
    <nd ref='13830688359' />
    <tag k='highway' v='footway' />
  </way>
  <way id='1513966512' action='modify' timestamp='2026-05-15T11:51:05Z' uid='24127657' user='ErmiyasGirma' visible='true' version='1' changeset='182694584'>
    <nd ref='13828456855' />
    <nd ref='-27423' />
    <nd ref='-27425' />
    <nd ref='-31217' />
    <nd ref='13830688360' />
    <tag k='highway' v='footway' />
  </way>
  <way id='1513966513' timestamp='2026-05-15T11:51:05Z' uid='24127657' user='ErmiyasGirma' visible='true' version='1' changeset='182694584'>
    <nd ref='13830688361' />
    <nd ref='13830688362' />
    <nd ref='13830688363' />
    <nd ref='13830688364' />
    <nd ref='13830688381' />
    <nd ref='13830688361' />
    <tag k='building' v='yes' />
    <tag k='shop' v='laundry' />
  </way>
  <way id='1513966514' timestamp='2026-05-15T11:51:05Z' uid='24127657' user='ErmiyasGirma' visible='true' version='1' changeset='182694584'>
    <nd ref='13830688365' />
    <nd ref='13830688366' />
    <tag k='highway' v='steps' />
  </way>
  <way id='1513966515' timestamp='2026-05-15T11:51:05Z' uid='24127657' user='ErmiyasGirma' visible='true' version='1' changeset='182694584'>
    <nd ref='13830688366' />
    <nd ref='13830688380' />
    <nd ref='13830688367' />
    <tag k='highway' v='footway' />
  </way>
  <way id='1513966516' timestamp='2026-05-15T11:51:05Z' uid='24127657' user='ErmiyasGirma' visible='true' version='1' changeset='182694584'>
    <nd ref='13830688368' />
    <nd ref='13830688369' />
    <tag k='highway' v='footway' />
  </way>
  <way id='1513966517' timestamp='2026-05-15T11:51:05Z' uid='24127657' user='ErmiyasGirma' visible='true' version='1' changeset='182694584'>
    <nd ref='13828456859' />
    <nd ref='13830688370' />
    <tag k='highway' v='footway' />
  </way>
  <way id='1513966518' timestamp='2026-05-15T11:51:05Z' uid='24127657' user='ErmiyasGirma' visible='true' version='1' changeset='182694584'>
    <nd ref='13830688371' />
    <nd ref='13830688372' />
    <tag k='highway' v='footway' />
  </way>
  <way id='1513966519' action='delete' timestamp='2026-05-15T11:51:05Z' uid='24127657' user='ErmiyasGirma' visible='true' version='1' changeset='182694584'>
    <tag k='highway' v='footway' />
  </way>
  <way id='1513966520' action='modify' timestamp='2026-05-15T11:51:05Z' uid='24127657' user='ErmiyasGirma' visible='true' version='1' changeset='182694584'>
    <nd ref='13830688380' />
    <nd ref='-30563' />
    <nd ref='13830688381' />
    <tag k='highway' v='footway' />
  </way>
  <way id='1513966521' timestamp='2026-05-15T11:51:05Z' uid='24127657' user='ErmiyasGirma' visible='true' version='1' changeset='182694584'>
    <nd ref='13830688382' />
    <nd ref='13830688388' />
    <nd ref='13830688383' />
    <nd ref='13830688384' />
    <nd ref='13830688385' />
    <nd ref='13830688382' />
    <tag k='amenity' v='cafe' />
    <tag k='building' v='yes' />
  </way>
  <way id='1513966522' timestamp='2026-05-15T11:51:05Z' uid='24127657' user='ErmiyasGirma' visible='true' version='1' changeset='182694584'>
    <nd ref='13830688386' />
    <nd ref='13830688387' />
    <nd ref='13830688388' />
    <tag k='highway' v='footway' />
  </way>
  <way id='1513966593' timestamp='2026-05-15T11:51:48Z' uid='22828305' user='eyob-ka' visible='true' version='1' changeset='182694704'>
    <nd ref='13830676272' />
    <nd ref='13830676273' />
    <nd ref='13830676274' />
    <nd ref='13830676275' />
    <tag k='highway' v='footway' />
  </way>
  <way id='1513966594' timestamp='2026-05-15T11:51:48Z' uid='22828305' user='eyob-ka' visible='true' version='1' changeset='182694704'>
    <nd ref='13828187052' />
    <nd ref='13830676276' />
    <tag k='highway' v='footway' />
  </way>
  <way id='1513966595' action='delete' timestamp='2026-05-15T11:51:48Z' uid='22828305' user='eyob-ka' visible='true' version='1' changeset='182694704'>
    <tag k='highway' v='footway' />
  </way>
  <way id='1513966596' timestamp='2026-05-15T11:51:48Z' uid='22828305' user='eyob-ka' visible='true' version='1' changeset='182694704'>
    <nd ref='13830676287' />
    <nd ref='13830676288' />
    <nd ref='13830676289' />
    <nd ref='13830676277' />
    <nd ref='13830676279' />
    <nd ref='13830676282' />
    <nd ref='13830676283' />
    <nd ref='13830676276' />
    <nd ref='13830676284' />
    <nd ref='13830676285' />
    <nd ref='13830676290' />
    <nd ref='13830676280' />
    <nd ref='13830676281' />
    <nd ref='13830676286' />
    <nd ref='13830676275' />
    <nd ref='13830676287' />
    <tag k='highway' v='footway' />
  </way>
  <way id='1513966597' timestamp='2026-05-15T11:51:48Z' uid='22828305' user='eyob-ka' visible='true' version='1' changeset='182694704'>
    <nd ref='13830676290' />
    <nd ref='13830676291' />
    <tag k='highway' v='steps' />
  </way>
  <way id='1513966598' timestamp='2026-05-15T11:51:48Z' uid='22828305' user='eyob-ka' visible='true' version='1' changeset='182694704'>
    <nd ref='13830676291' />
    <nd ref='13830676292' />
    <nd ref='13830676278' />
    <tag k='highway' v='footway' />
  </way>
  <way id='1513970888' timestamp='2026-05-15T12:08:07Z' uid='24127657' user='ErmiyasGirma' visible='true' version='1' changeset='182695394'>
    <nd ref='13830698559' />
    <nd ref='13830698560' />
    <nd ref='13830698561' />
    <nd ref='13830698562' />
    <nd ref='13830698559' />
    <tag k='amenity' v='money_transfer' />
    <tag k='building' v='yes' />
  </way>
  <way id='1513970889' timestamp='2026-05-15T12:08:07Z' uid='24127657' user='ErmiyasGirma' visible='true' version='1' changeset='182695394'>
    <nd ref='13830698563' />
    <nd ref='13830698564' />
    <nd ref='13830698565' />
    <nd ref='13830698566' />
    <nd ref='13830698563' />
    <tag k='building' v='yes' />
    <tag k='shop' v='tailor' />
  </way>
  <way id='1513970890' timestamp='2026-05-15T12:08:07Z' uid='24127657' user='ErmiyasGirma' visible='true' version='1' changeset='182695394'>
    <nd ref='13830698570' />
    <nd ref='13830698571' />
    <nd ref='13830698572' />
    <nd ref='13830698573' />
    <nd ref='13830698570' />
    <tag k='building' v='yes' />
    <tag k='telecom' v='data_center' />
  </way>
  <way id='1514011356' timestamp='2026-05-15T15:21:21Z' uid='22828305' user='eyob-ka' visible='true' version='1' changeset='182704395'>
    <nd ref='13831016950' />
    <nd ref='13831016951' />
    <nd ref='13831016952' />
    <nd ref='13831016953' />
    <nd ref='13831016950' />
    <tag k='building' v='yes' />
    <tag k='craft' v='shoemaker' />
  </way>
  <relation id='6944336' timestamp='2026-05-15T06:55:13Z' uid='24127657' user='ErmiyasGirma' visible='true' version='2' changeset='182682090'>
    <member type='way' ref='471808654' role='outer' />
    <member type='way' ref='471808653' role='inner' />
    <tag k='building' v='residential' />
    <tag k='type' v='multipolygon' />
  </relation>
  <relation id='6944337' timestamp='2026-05-15T06:55:13Z' uid='24127657' user='ErmiyasGirma' visible='true' version='2' changeset='182682090'>
    <member type='way' ref='471808656' role='outer' />
    <member type='way' ref='471808655' role='inner' />
    <tag k='building' v='residential' />
    <tag k='type' v='multipolygon' />
  </relation>
  <relation id='6944338' timestamp='2026-05-15T06:55:13Z' uid='24127657' user='ErmiyasGirma' visible='true' version='2' changeset='182682090'>
    <member type='way' ref='471808658' role='outer' />
    <member type='way' ref='471808657' role='inner' />
    <tag k='building' v='residential' />
    <tag k='type' v='multipolygon' />
  </relation>
  <relation id='6944339' timestamp='2026-05-15T06:55:13Z' uid='24127657' user='ErmiyasGirma' visible='true' version='2' changeset='182682090'>
    <member type='way' ref='471808660' role='outer' />
    <tag k='building' v='residential' />
    <tag k='type' v='multipolygon' />
  </relation>
  <relation id='6944340' timestamp='2026-05-15T06:52:27Z' uid='22828305' user='eyob-ka' visible='true' version='2' changeset='182682018'>
    <member type='way' ref='471808662' role='outer' />
    <member type='way' ref='471808661' role='inner' />
    <tag k='building' v='residential' />
    <tag k='type' v='multipolygon' />
  </relation>
  <relation id='6944341' timestamp='2026-05-15T06:52:27Z' uid='22828305' user='eyob-ka' visible='true' version='2' changeset='182682018'>
    <member type='way' ref='471808664' role='outer' />
    <member type='way' ref='471808663' role='inner' />
    <tag k='building' v='residential' />
    <tag k='type' v='multipolygon' />
  </relation>
  <relation id='6944342' timestamp='2026-05-15T06:52:27Z' uid='22828305' user='eyob-ka' visible='true' version='2' changeset='182682018'>
    <member type='way' ref='471808666' role='outer' />
    <member type='way' ref='471808665' role='inner' />
    <tag k='building' v='residential' />
    <tag k='type' v='multipolygon' />
  </relation>
  <relation id='6944343' timestamp='2026-05-15T06:52:27Z' uid='22828305' user='eyob-ka' visible='true' version='2' changeset='182682018'>
    <member type='way' ref='471808668' role='outer' />
    <member type='way' ref='471808667' role='inner' />
    <tag k='building' v='residential' />
    <tag k='type' v='multipolygon' />
  </relation>
  <relation id='6944344' timestamp='2026-05-15T06:52:27Z' uid='22828305' user='eyob-ka' visible='true' version='2' changeset='182682018'>
    <member type='way' ref='471808670' role='outer' />
    <member type='way' ref='471808669' role='inner' />
    <tag k='building' v='residential' />
    <tag k='type' v='multipolygon' />
  </relation>
  <relation id='6944345' timestamp='2026-05-15T06:52:27Z' uid='22828305' user='eyob-ka' visible='true' version='2' changeset='182682018'>
    <member type='way' ref='471808672' role='outer' />
    <member type='way' ref='471808671' role='inner' />
    <tag k='building' v='residential' />
    <tag k='type' v='multipolygon' />
  </relation>
  <relation id='6944346' timestamp='2026-05-15T06:52:27Z' uid='22828305' user='eyob-ka' visible='true' version='2' changeset='182682018'>
    <member type='way' ref='471808674' role='outer' />
    <member type='way' ref='471808673' role='inner' />
    <tag k='building' v='residential' />
    <tag k='type' v='multipolygon' />
  </relation>
  <relation id='6944347' timestamp='2026-05-15T06:52:27Z' uid='22828305' user='eyob-ka' visible='true' version='2' changeset='182682018'>
    <member type='way' ref='471808676' role='outer' />
    <member type='way' ref='471808675' role='inner' />
    <tag k='building' v='residential' />
    <tag k='type' v='multipolygon' />
  </relation>
  <relation id='6944366' timestamp='2026-05-15T06:52:27Z' uid='22828305' user='eyob-ka' visible='true' version='2' changeset='182682018'>
    <member type='way' ref='471809423' role='outer' />
    <member type='way' ref='471809422' role='inner' />
    <tag k='amenity' v='fast_food' />
    <tag k='building' v='yes' />
    <tag k='fast_food' v='cafeteria' />
    <tag k='type' v='multipolygon' />
  </relation>
</osm>
